rating,review_title,text,parent_asin,review_timestamp,cleaned_text,truncated_text,title,main_category,item_model_number,manufacturer,brand,UPC,language,asin_match,model_number_match,upc_match,involved_in_incident,incident_report_date,incident_description,incident_purchase_date,extracted_model_numbers_brand_model,Report Date_upc,Incident Description_upc,Purchase Date_upc,extracted_asins,Report Date,Incident Description,Purchase Date,Manufacturer / Importer / Private Labeler Name,Brand,extracted_model_numbers,Report Date_brand,Incident Description_brand,Purchase Date_brand,Brand_brand,Report Date_manufacturer,Incident Description_manufacturer,Purchase Date_manufacturer,Manufacturer / Importer / Private Labeler Name_manufacturer,extracted_model_numbers_model,Report Date_model,Incident Description_model,Purchase Date_model
5.0,These are the best toothbrushes to have for my children,These are the best toothbrushes to have for my children. They do cost a little but the extra cleaning that gets done on my children's teeth are worth it. The kids like them too.,b007mrorwq,2014-08-15,best toothbrush child cost little extra cleaning get done childrens teeth worth kid like,best toothbrush child cost little extra cleaning get done childrens teeth worth kid like,Surround® Toothbrush (Pack of 4),All Beauty,stb4,specialized care co inc,specialized care co inc,859938000121,en,False,False,True,True,9/24/2021 0:00,"my kwikset 99380-001 halo wi-fi smart lock keyless entry electronic keypad deadbolt melted and burned the tips of two of my fingers on sept 23, 2021.
on the late evening of sept 22, 2021 i was in the laundry room that has a door to the garage and i thought i smelled a faint smell of something odd, like a sort of burnt toast.   i checked all around and could not find the smell and it went away.   the following day the kwikset door lock in this room alerted us that its battery was dead and needed replacing.   later on sept 23, 2021 i removed the battery pack from the lock housing and replaced all three 1.5 volt aa batteries, then reinstalled the battery pack .  i then went to verify the locks operation and the lock would illuminate but would not lock or unlock.  then i started to smell a strong smell of something burning and i could see smoke emanating from the just installed battery pack.   i tried to remove the battery pack from the lock housing by lifting up on the plastic removal tab, as i had done previously, it is at this point i burnt my finger tips on the molten plastic.   i then went to the garage and got a dental pick to pull the battery pack out.  once the battery pack was removed the battery pack stopped melting and smoking.   
my fingers were sore but ok, no lasting damage.   
i then notified kwikset about what just happened and uploaded pictures to them using their online tool.  
i asked kwikset if there were any recalls on this product and they said no and there were no know issues. they issued me a case number and said they wanted the complete assembly returned to them for analysis using the prepaid label they provided.
they told me they were sending me a identical replacement as soon as they reviewed the pictures.
i am concerned for several reasons:
- my fingers got burned.
- i do not know what would have happened if i was not home and this happened as the door to the garage is a light wood door.  i do not know if the plastic in the battery pack and cover would ignite or just melt.
- i do not know if the plastic just melted could it have melted and jammed the locking mechanism making it impossible to exit or enter via this door.
- at the time i purchased the kwikset lock that failed i purchased an identical lock, only difference is the color, and installed it in another door.",44354.0,,,,,,,,,,,,,,,,,,,,,,,
5.0,this is one of the best toothbrushes for the little ones and adults alike,this is one of the best toothbrushes for the little ones and adults alike. gets as far back as possible to help prevent tartar.,b007mrorwq,2014-08-08,one best toothbrush little adult alike get far back possible help prevent tartar,one best toothbrush little adult alike get far back possible help prevent tartar,Surround® Toothbrush (Pack of 4),All Beauty,stb4,specialized care co inc,specialized care co inc,859938000121,en,False,False,True,True,9/24/2021 0:00,"my kwikset 99380-001 halo wi-fi smart lock keyless entry electronic keypad deadbolt melted and burned the tips of two of my fingers on sept 23, 2021.
on the late evening of sept 22, 2021 i was in the laundry room that has a door to the garage and i thought i smelled a faint smell of something odd, like a sort of burnt toast.   i checked all around and could not find the smell and it went away.   the following day the kwikset door lock in this room alerted us that its battery was dead and needed replacing.   later on sept 23, 2021 i removed the battery pack from the lock housing and replaced all three 1.5 volt aa batteries, then reinstalled the battery pack .  i then went to verify the locks operation and the lock would illuminate but would not lock or unlock.  then i started to smell a strong smell of something burning and i could see smoke emanating from the just installed battery pack.   i tried to remove the battery pack from the lock housing by lifting up on the plastic removal tab, as i had done previously, it is at this point i burnt my finger tips on the molten plastic.   i then went to the garage and got a dental pick to pull the battery pack out.  once the battery pack was removed the battery pack stopped melting and smoking.   
my fingers were sore but ok, no lasting damage.   
i then notified kwikset about what just happened and uploaded pictures to them using their online tool.  
i asked kwikset if there were any recalls on this product and they said no and there were no know issues. they issued me a case number and said they wanted the complete assembly returned to them for analysis using the prepaid label they provided.
they told me they were sending me a identical replacement as soon as they reviewed the pictures.
i am concerned for several reasons:
- my fingers got burned.
- i do not know what would have happened if i was not home and this happened as the door to the garage is a light wood door.  i do not know if the plastic in the battery pack and cover would ignite or just melt.
- i do not know if the plastic just melted could it have melted and jammed the locking mechanism making it impossible to exit or enter via this door.
- at the time i purchased the kwikset lock that failed i purchased an identical lock, only difference is the color, and installed it in another door.",44354.0,,,,,,,,,,,,,,,,,,,,,,,
2.0,... with braces or totlelars with no molars I would like to get a return label and have some one ...,I ask for special care toot brush for my husband with Parkinson and I got toot rush for people with braces or toddlers  with no molars I would like to get a return label and have some one pick them up thank you Fulvia,b007mrorwq,2015-06-27,ask special care toot brush husband parkinson got rush people brace toddler molar would like get return label one pick thank fulvia,ask special care toot brush husband parkinson got rush people brace toddler molar would like get return label one pick thank fulvia,Surround® Toothbrush (Pack of 4),All Beauty,stb4,specialized care co inc,specialized care co inc,859938000121,en,False,False,True,True,9/24/2021 0:00,"my kwikset 99380-001 halo wi-fi smart lock keyless entry electronic keypad deadbolt melted and burned the tips of two of my fingers on sept 23, 2021.
on the late evening of sept 22, 2021 i was in the laundry room that has a door to the garage and i thought i smelled a faint smell of something odd, like a sort of burnt toast.   i checked all around and could not find the smell and it went away.   the following day the kwikset door lock in this room alerted us that its battery was dead and needed replacing.   later on sept 23, 2021 i removed the battery pack from the lock housing and replaced all three 1.5 volt aa batteries, then reinstalled the battery pack .  i then went to verify the locks operation and the lock would illuminate but would not lock or unlock.  then i started to smell a strong smell of something burning and i could see smoke emanating from the just installed battery pack.   i tried to remove the battery pack from the lock housing by lifting up on the plastic removal tab, as i had done previously, it is at this point i burnt my finger tips on the molten plastic.   i then went to the garage and got a dental pick to pull the battery pack out.  once the battery pack was removed the battery pack stopped melting and smoking.   
my fingers were sore but ok, no lasting damage.   
i then notified kwikset about what just happened and uploaded pictures to them using their online tool.  
i asked kwikset if there were any recalls on this product and they said no and there were no know issues. they issued me a case number and said they wanted the complete assembly returned to them for analysis using the prepaid label they provided.
they told me they were sending me a identical replacement as soon as they reviewed the pictures.
i am concerned for several reasons:
- my fingers got burned.
- i do not know what would have happened if i was not home and this happened as the door to the garage is a light wood door.  i do not know if the plastic in the battery pack and cover would ignite or just melt.
- i do not know if the plastic just melted could it have melted and jammed the locking mechanism making it impossible to exit or enter via this door.
- at the time i purchased the kwikset lock that failed i purchased an identical lock, only difference is the color, and installed it in another door.",44354.0,,,,,,,,,,,,,,,,,,,,,,,
1.0,False advertising,"False advertising. Doesn't exist. I was really excited to see a version of Dove Men's deodorant without aluminum, but there's a reason I hadn't seen it in the store; it doesn't exist.",b01mruque2,2021-04-06,false advertising doesnt exist really excited see version dove men deodorant without aluminum there reason hadnt seen store,false advertising doesnt exist really excited see version dove men deodorant without aluminum there reason hadnt seen store,Dove Men+Care Antiperspirant for Men Minerals and Sage with 48-Hour Sweat and Body Odor Protection 2.7 oz (Packaging may vary),All Beauty,b01mruque2,unilever,dove men + care,079400597328,en,False,False,True,True,11/22/2020 0:00,stick deordeant manufacturing defect. sharp edges with plastic pieces protruding cut my arm pit durning application,44112.0,,,,,,,,,,,,,,,,,,,,,,,
1.0,Worst Flosser I’ve Ever Used,I’d give negative stars if it was an option; absolutely terrible product.<br /><br />Soft floss breaks immediately.<br />The angle of the pick is unhelpful.<br />The name brand Listerine version is 2x the price but 10x the value.  Spend the extra $5/$10 bucks and save yourself the grief.<br /><br />TLDR<br />Terrible product; don’t buy.,b07f8svr4j,2021-04-09,id give negative star option absolutely terrible productsoft floss break immediatelythe angle pick unhelpfulthe name brand listerine version x price value spend extra buck save grieftldrterrible product dont buy,id give negative star option absolutely terrible productsoft floss break immediatelythe angle pick unhelpfulthe name brand listerine version x price value spend extra buck save grieftldrterrible product dont buy,"T.Smile 3rd Generation Dental Flosser 1 Handle + 50 Soft Silky Ribbon Floss Heads + 50 Extra Strength Floss Heads, Evolutionary Clean, Pack of 1",All Beauty,none,"liangbu science and technology co.,ltd.",t.smile,713440925009713440925078,en,False,False,True,True,3/18/2015 0:00,mold build up in washer tub area and front door rubber seal. ongoing since purchasing item.,39605.0,,,,,,,,,,,,,,,,,,,,,,,
1.0,CONTAINS ALUMINUM THEIR PHOTO IS DECEIVING!!!,"NOT ALUMINUM FREE AS SHOWN IN THEIR PICTURE!!!!!<br />We chose not to use aluminum in our under arm care because of medical studies show major health risks. I bought this because the picture had a label that said aluminum free. I checked on their listed ingredients phot and it did not show any aluminum. Very, very disappointed in this seller trying to get rid of old stock with showing a new & improved version photo. The seller is trying to rid stock thinking “hey half the people won’t even  try to return it”😡 DON’T BUY!",b01mruque2,2021-03-27,aluminum free shown picturewe chose use arm care medical study show major health risk bought picture label said checked listed ingredient phot disappointed seller trying get rid old stock showing new improved version photo thinking hey half people wont even try return dont buy,aluminum free shown picturewe chose use arm care medical study show major health risk bought picture label said checked listed ingredient phot disappointed seller trying get rid old stock showing new improved version photo thinking hey half people wont even try return dont buy,Dove Men+Care Antiperspirant for Men Minerals and Sage with 48-Hour Sweat and Body Odor Protection 2.7 oz (Packaging may vary),All Beauty,b01mruque2,unilever,dove men + care,079400597328,en,False,False,True,True,11/22/2020 0:00,stick deordeant manufacturing defect. sharp edges with plastic pieces protruding cut my arm pit durning application,44112.0,,,,,,,,,,,,,,,,,,,,,,,
5.0,Works well,"I guess I'm supposed to leave a review,, so here it is: Good product. No strong smell.",b01mruque2,2021-04-28,guess im supposed leave review good product strong smell,guess im supposed leave review good product strong smell,Dove Men+Care Antiperspirant for Men Minerals and Sage with 48-Hour Sweat and Body Odor Protection 2.7 oz (Packaging may vary),All Beauty,b01mruque2,unilever,dove men + care,079400597328,en,False,False,True,True,11/22/2020 0:00,stick deordeant manufacturing defect. sharp edges with plastic pieces protruding cut my arm pit durning application,44112.0,,,,,,,,,,,,,,,,,,,,,,,
2.0,Disappointed,Great idea but impossible for little kids there mouth is just two small to manuvere this big brush around .,b007mrorwq,2014-02-28,great idea impossible little kid mouth two small manuvere big brush around,great idea impossible little kid mouth two small manuvere big brush around,Surround® Toothbrush (Pack of 4),All Beauty,stb4,specialized care co inc,specialized care co inc,859938000121,en,False,False,True,True,9/24/2021 0:00,"my kwikset 99380-001 halo wi-fi smart lock keyless entry electronic keypad deadbolt melted and burned the tips of two of my fingers on sept 23, 2021.
on the late evening of sept 22, 2021 i was in the laundry room that has a door to the garage and i thought i smelled a faint smell of something odd, like a sort of burnt toast.   i checked all around and could not find the smell and it went away.   the following day the kwikset door lock in this room alerted us that its battery was dead and needed replacing.   later on sept 23, 2021 i removed the battery pack from the lock housing and replaced all three 1.5 volt aa batteries, then reinstalled the battery pack .  i then went to verify the locks operation and the lock would illuminate but would not lock or unlock.  then i started to smell a strong smell of something burning and i could see smoke emanating from the just installed battery pack.   i tried to remove the battery pack from the lock housing by lifting up on the plastic removal tab, as i had done previously, it is at this point i burnt my finger tips on the molten plastic.   i then went to the garage and got a dental pick to pull the battery pack out.  once the battery pack was removed the battery pack stopped melting and smoking.   
my fingers were sore but ok, no lasting damage.   
i then notified kwikset about what just happened and uploaded pictures to them using their online tool.  
i asked kwikset if there were any recalls on this product and they said no and there were no know issues. they issued me a case number and said they wanted the complete assembly returned to them for analysis using the prepaid label they provided.
they told me they were sending me a identical replacement as soon as they reviewed the pictures.
i am concerned for several reasons:
- my fingers got burned.
- i do not know what would have happened if i was not home and this happened as the door to the garage is a light wood door.  i do not know if the plastic in the battery pack and cover would ignite or just melt.
- i do not know if the plastic just melted could it have melted and jammed the locking mechanism making it impossible to exit or enter via this door.
- at the time i purchased the kwikset lock that failed i purchased an identical lock, only difference is the color, and installed it in another door.",44354.0,,,,,,,,,,,,,,,,,,,,,,,
5.0,I wish I had found these years ago!,"If you struggle with performing oral hygiene on another person, you will love these toothbrushes.  The multi-sided bristles mean you can clean more effectively in much less time.  This is very helpful for situations where the recipient is uncooperative.  I recommend these!",b007mrorwq,2013-08-09,struggle performing oral hygiene another person love toothbrush multisided bristle mean clean effectively much less time helpful situation recipient uncooperative recommend,struggle performing oral hygiene another person love toothbrush multisided bristle mean clean effectively much less time helpful situation recipient uncooperative recommend,Surround® Toothbrush (Pack of 4),All Beauty,stb4,specialized care co inc,specialized care co inc,859938000121,en,False,False,True,True,9/24/2021 0:00,"my kwikset 99380-001 halo wi-fi smart lock keyless entry electronic keypad deadbolt melted and burned the tips of two of my fingers on sept 23, 2021.
on the late evening of sept 22, 2021 i was in the laundry room that has a door to the garage and i thought i smelled a faint smell of something odd, like a sort of burnt toast.   i checked all around and could not find the smell and it went away.   the following day the kwikset door lock in this room alerted us that its battery was dead and needed replacing.   later on sept 23, 2021 i removed the battery pack from the lock housing and replaced all three 1.5 volt aa batteries, then reinstalled the battery pack .  i then went to verify the locks operation and the lock would illuminate but would not lock or unlock.  then i started to smell a strong smell of something burning and i could see smoke emanating from the just installed battery pack.   i tried to remove the battery pack from the lock housing by lifting up on the plastic removal tab, as i had done previously, it is at this point i burnt my finger tips on the molten plastic.   i then went to the garage and got a dental pick to pull the battery pack out.  once the battery pack was removed the battery pack stopped melting and smoking.   
my fingers were sore but ok, no lasting damage.   
i then notified kwikset about what just happened and uploaded pictures to them using their online tool.  
i asked kwikset if there were any recalls on this product and they said no and there were no know issues. they issued me a case number and said they wanted the complete assembly returned to them for analysis using the prepaid label they provided.
they told me they were sending me a identical replacement as soon as they reviewed the pictures.
i am concerned for several reasons:
- my fingers got burned.
- i do not know what would have happened if i was not home and this happened as the door to the garage is a light wood door.  i do not know if the plastic in the battery pack and cover would ignite or just melt.
- i do not know if the plastic just melted could it have melted and jammed the locking mechanism making it impossible to exit or enter via this door.
- at the time i purchased the kwikset lock that failed i purchased an identical lock, only difference is the color, and installed it in another door.",44354.0,,,,,,,,,,,,,,,,,,,,,,,
5.0,Great quality but pricey,"This is a great toothbrush and the only toothbrush I can get my adult son to use.  His dentist introduced it to me.  He bites down on it and it holds up great! However, it is very pricey for a toothbrush.",b007mrorwq,2022-01-01,great toothbrush get adult son use dentist introduced bite hold however pricey,great toothbrush get adult son use dentist introduced bite hold however pricey,Surround® Toothbrush (Pack of 4),All Beauty,stb4,specialized care co inc,specialized care co inc,859938000121,en,False,False,True,True,9/24/2021 0:00,"my kwikset 99380-001 halo wi-fi smart lock keyless entry electronic keypad deadbolt melted and burned the tips of two of my fingers on sept 23, 2021.
on the late evening of sept 22, 2021 i was in the laundry room that has a door to the garage and i thought i smelled a faint smell of something odd, like a sort of burnt toast.   i checked all around and could not find the smell and it went away.   the following day the kwikset door lock in this room alerted us that its battery was dead and needed replacing.   later on sept 23, 2021 i removed the battery pack from the lock housing and replaced all three 1.5 volt aa batteries, then reinstalled the battery pack .  i then went to verify the locks operation and the lock would illuminate but would not lock or unlock.  then i started to smell a strong smell of something burning and i could see smoke emanating from the just installed battery pack.   i tried to remove the battery pack from the lock housing by lifting up on the plastic removal tab, as i had done previously, it is at this point i burnt my finger tips on the molten plastic.   i then went to the garage and got a dental pick to pull the battery pack out.  once the battery pack was removed the battery pack stopped melting and smoking.   
my fingers were sore but ok, no lasting damage.   
i then notified kwikset about what just happened and uploaded pictures to them using their online tool.  
i asked kwikset if there were any recalls on this product and they said no and there were no know issues. they issued me a case number and said they wanted the complete assembly returned to them for analysis using the prepaid label they provided.
they told me they were sending me a identical replacement as soon as they reviewed the pictures.
i am concerned for several reasons:
- my fingers got burned.
- i do not know what would have happened if i was not home and this happened as the door to the garage is a light wood door.  i do not know if the plastic in the battery pack and cover would ignite or just melt.
- i do not know if the plastic just melted could it have melted and jammed the locking mechanism making it impossible to exit or enter via this door.
- at the time i purchased the kwikset lock that failed i purchased an identical lock, only difference is the color, and installed it in another door.",44354.0,,,,,,,,,,,,,,,,,,,,,,,
5.0,Great value,A great value. Like that it comes with two different floss heads.,b07f8svr4j,2019-07-11,great value like come two different floss head,great value like come two different floss head,"T.Smile 3rd Generation Dental Flosser 1 Handle + 50 Soft Silky Ribbon Floss Heads + 50 Extra Strength Floss Heads, Evolutionary Clean, Pack of 1",All Beauty,none,"liangbu science and technology co.,ltd.",t.smile,713440925009713440925078,en,False,False,True,True,3/18/2015 0:00,mold build up in washer tub area and front door rubber seal. ongoing since purchasing item.,39605.0,,,,,,,,,,,,,,,,,,,,,,,
5.0,My son has sensory issues that include teeth brushing. ...,My son has sensory issues that include teeth brushing. This makes the job less stressful. I tried one myself and it worked very well and my teeth felt really clean.,b007mrorwq,2015-12-27,son sensory issue include teeth brushing make job less stressful tried one worked well felt really clean,son sensory issue include teeth brushing make job less stressful tried one worked well felt really clean,Surround® Toothbrush (Pack of 4),All Beauty,stb4,specialized care co inc,specialized care co inc,859938000121,en,False,False,True,True,9/24/2021 0:00,"my kwikset 99380-001 halo wi-fi smart lock keyless entry electronic keypad deadbolt melted and burned the tips of two of my fingers on sept 23, 2021.
on the late evening of sept 22, 2021 i was in the laundry room that has a door to the garage and i thought i smelled a faint smell of something odd, like a sort of burnt toast.   i checked all around and could not find the smell and it went away.   the following day the kwikset door lock in this room alerted us that its battery was dead and needed replacing.   later on sept 23, 2021 i removed the battery pack from the lock housing and replaced all three 1.5 volt aa batteries, then reinstalled the battery pack .  i then went to verify the locks operation and the lock would illuminate but would not lock or unlock.  then i started to smell a strong smell of something burning and i could see smoke emanating from the just installed battery pack.   i tried to remove the battery pack from the lock housing by lifting up on the plastic removal tab, as i had done previously, it is at this point i burnt my finger tips on the molten plastic.   i then went to the garage and got a dental pick to pull the battery pack out.  once the battery pack was removed the battery pack stopped melting and smoking.   
my fingers were sore but ok, no lasting damage.   
i then notified kwikset about what just happened and uploaded pictures to them using their online tool.  
i asked kwikset if there were any recalls on this product and they said no and there were no know issues. they issued me a case number and said they wanted the complete assembly returned to them for analysis using the prepaid label they provided.
they told me they were sending me a identical replacement as soon as they reviewed the pictures.
i am concerned for several reasons:
- my fingers got burned.
- i do not know what would have happened if i was not home and this happened as the door to the garage is a light wood door.  i do not know if the plastic in the battery pack and cover would ignite or just melt.
- i do not know if the plastic just melted could it have melted and jammed the locking mechanism making it impossible to exit or enter via this door.
- at the time i purchased the kwikset lock that failed i purchased an identical lock, only difference is the color, and installed it in another door.",44354.0,,,,,,,,,,,,,,,,,,,,,,,
5.0,"Highly recommended! Stop searching, these are the ones!","We have 2 special needs boys. They bite down hard when brushing their teeth. These tooth brushes are really tough against the biting down! Bristles are awesome, just like normal bristles, not plastic or anything weird. Very good quality! Buying another set for travel! Highly recommended!",b007mrorwq,2020-08-01,special need boy bite hard brushing teeth tooth brush really tough biting bristle awesome like normal plastic anything weird good quality buying another set travel highly recommended,special need boy bite hard brushing teeth tooth brush really tough biting bristle awesome like normal plastic anything weird good quality buying another set travel highly recommended,Surround® Toothbrush (Pack of 4),All Beauty,stb4,specialized care co inc,specialized care co inc,859938000121,en,False,False,True,True,9/24/2021 0:00,"my kwikset 99380-001 halo wi-fi smart lock keyless entry electronic keypad deadbolt melted and burned the tips of two of my fingers on sept 23, 2021.
on the late evening of sept 22, 2021 i was in the laundry room that has a door to the garage and i thought i smelled a faint smell of something odd, like a sort of burnt toast.   i checked all around and could not find the smell and it went away.   the following day the kwikset door lock in this room alerted us that its battery was dead and needed replacing.   later on sept 23, 2021 i removed the battery pack from the lock housing and replaced all three 1.5 volt aa batteries, then reinstalled the battery pack .  i then went to verify the locks operation and the lock would illuminate but would not lock or unlock.  then i started to smell a strong smell of something burning and i could see smoke emanating from the just installed battery pack.   i tried to remove the battery pack from the lock housing by lifting up on the plastic removal tab, as i had done previously, it is at this point i burnt my finger tips on the molten plastic.   i then went to the garage and got a dental pick to pull the battery pack out.  once the battery pack was removed the battery pack stopped melting and smoking.   
my fingers were sore but ok, no lasting damage.   
i then notified kwikset about what just happened and uploaded pictures to them using their online tool.  
i asked kwikset if there were any recalls on this product and they said no and there were no know issues. they issued me a case number and said they wanted the complete assembly returned to them for analysis using the prepaid label they provided.
they told me they were sending me a identical replacement as soon as they reviewed the pictures.
i am concerned for several reasons:
- my fingers got burned.
- i do not know what would have happened if i was not home and this happened as the door to the garage is a light wood door.  i do not know if the plastic in the battery pack and cover would ignite or just melt.
- i do not know if the plastic just melted could it have melted and jammed the locking mechanism making it impossible to exit or enter via this door.
- at the time i purchased the kwikset lock that failed i purchased an identical lock, only difference is the color, and installed it in another door.",44354.0,,,,,,,,,,,,,,,,,,,,,,,
4.0,Works as well as that other brand - and has bristles.,This works just fine.<br /><br />The other brand uses plastic &#34;icicles&#34; to form the brush. Onlt thing i miss about those is the sharpness of the handle (it can be used to scrape the back of the tongue) and the built in tongue scraper.,b007mrorwq,2014-05-29,work finethe brand us plastic icicle form brush onlt thing miss sharpness handle used scrape back tongue built scraper,work finethe brand us plastic icicle form brush onlt thing miss sharpness handle used scrape back tongue built scraper,Surround® Toothbrush (Pack of 4),All Beauty,stb4,specialized care co inc,specialized care co inc,859938000121,en,False,False,True,True,9/24/2021 0:00,"my kwikset 99380-001 halo wi-fi smart lock keyless entry electronic keypad deadbolt melted and burned the tips of two of my fingers on sept 23, 2021.
on the late evening of sept 22, 2021 i was in the laundry room that has a door to the garage and i thought i smelled a faint smell of something odd, like a sort of burnt toast.   i checked all around and could not find the smell and it went away.   the following day the kwikset door lock in this room alerted us that its battery was dead and needed replacing.   later on sept 23, 2021 i removed the battery pack from the lock housing and replaced all three 1.5 volt aa batteries, then reinstalled the battery pack .  i then went to verify the locks operation and the lock would illuminate but would not lock or unlock.  then i started to smell a strong smell of something burning and i could see smoke emanating from the just installed battery pack.   i tried to remove the battery pack from the lock housing by lifting up on the plastic removal tab, as i had done previously, it is at this point i burnt my finger tips on the molten plastic.   i then went to the garage and got a dental pick to pull the battery pack out.  once the battery pack was removed the battery pack stopped melting and smoking.   
my fingers were sore but ok, no lasting damage.   
i then notified kwikset about what just happened and uploaded pictures to them using their online tool.  
i asked kwikset if there were any recalls on this product and they said no and there were no know issues. they issued me a case number and said they wanted the complete assembly returned to them for analysis using the prepaid label they provided.
they told me they were sending me a identical replacement as soon as they reviewed the pictures.
i am concerned for several reasons:
- my fingers got burned.
- i do not know what would have happened if i was not home and this happened as the door to the garage is a light wood door.  i do not know if the plastic in the battery pack and cover would ignite or just melt.
- i do not know if the plastic just melted could it have melted and jammed the locking mechanism making it impossible to exit or enter via this door.
- at the time i purchased the kwikset lock that failed i purchased an identical lock, only difference is the color, and installed it in another door.",44354.0,,,,,,,,,,,,,,,,,,,,,,,
1.0,Waste of mony,"Concept was good.  However, I found bristles were too short to adequately clean at the gum line, where many cavities form.<br /><br />I would recommend to only those with very short teeth.",b007mrorwq,2014-04-08,concept good however found bristle short adequately clean gum line many cavity formi would recommend teeth,concept good however found bristle short adequately clean gum line many cavity formi would recommend teeth,Surround® Toothbrush (Pack of 4),All Beauty,stb4,specialized care co inc,specialized care co inc,859938000121,en,False,False,True,True,9/24/2021 0:00,"my kwikset 99380-001 halo wi-fi smart lock keyless entry electronic keypad deadbolt melted and burned the tips of two of my fingers on sept 23, 2021.
on the late evening of sept 22, 2021 i was in the laundry room that has a door to the garage and i thought i smelled a faint smell of something odd, like a sort of burnt toast.   i checked all around and could not find the smell and it went away.   the following day the kwikset door lock in this room alerted us that its battery was dead and needed replacing.   later on sept 23, 2021 i removed the battery pack from the lock housing and replaced all three 1.5 volt aa batteries, then reinstalled the battery pack .  i then went to verify the locks operation and the lock would illuminate but would not lock or unlock.  then i started to smell a strong smell of something burning and i could see smoke emanating from the just installed battery pack.   i tried to remove the battery pack from the lock housing by lifting up on the plastic removal tab, as i had done previously, it is at this point i burnt my finger tips on the molten plastic.   i then went to the garage and got a dental pick to pull the battery pack out.  once the battery pack was removed the battery pack stopped melting and smoking.   
my fingers were sore but ok, no lasting damage.   
i then notified kwikset about what just happened and uploaded pictures to them using their online tool.  
i asked kwikset if there were any recalls on this product and they said no and there were no know issues. they issued me a case number and said they wanted the complete assembly returned to them for analysis using the prepaid label they provided.
they told me they were sending me a identical replacement as soon as they reviewed the pictures.
i am concerned for several reasons:
- my fingers got burned.
- i do not know what would have happened if i was not home and this happened as the door to the garage is a light wood door.  i do not know if the plastic in the battery pack and cover would ignite or just melt.
- i do not know if the plastic just melted could it have melted and jammed the locking mechanism making it impossible to exit or enter via this door.
- at the time i purchased the kwikset lock that failed i purchased an identical lock, only difference is the color, and installed it in another door.",44354.0,,,,,,,,,,,,,,,,,,,,,,,
3.0,"Good brush, but doesn't get tongue or gums","I bought these for myself because I wanted a toothbrush with a small head and couldn't find one in stores. I like the brush, but I had to buy a tongue brush. I also find that my gums are not stimulated well enough by this brush because it lacks the depth to hit your gums past where they meet your teeth.",b007mrorwq,2014-11-23,bought wanted toothbrush small head couldnt find one store like brush buy tongue also gum stimulated well enough lack depth hit past meet teeth,bought wanted toothbrush small head couldnt find one store like brush buy tongue also gum stimulated well enough lack depth hit past meet teeth,Surround® Toothbrush (Pack of 4),All Beauty,stb4,specialized care co inc,specialized care co inc,859938000121,en,False,False,True,True,9/24/2021 0:00,"my kwikset 99380-001 halo wi-fi smart lock keyless entry electronic keypad deadbolt melted and burned the tips of two of my fingers on sept 23, 2021.
on the late evening of sept 22, 2021 i was in the laundry room that has a door to the garage and i thought i smelled a faint smell of something odd, like a sort of burnt toast.   i checked all around and could not find the smell and it went away.   the following day the kwikset door lock in this room alerted us that its battery was dead and needed replacing.   later on sept 23, 2021 i removed the battery pack from the lock housing and replaced all three 1.5 volt aa batteries, then reinstalled the battery pack .  i then went to verify the locks operation and the lock would illuminate but would not lock or unlock.  then i started to smell a strong smell of something burning and i could see smoke emanating from the just installed battery pack.   i tried to remove the battery pack from the lock housing by lifting up on the plastic removal tab, as i had done previously, it is at this point i burnt my finger tips on the molten plastic.   i then went to the garage and got a dental pick to pull the battery pack out.  once the battery pack was removed the battery pack stopped melting and smoking.   
my fingers were sore but ok, no lasting damage.   
i then notified kwikset about what just happened and uploaded pictures to them using their online tool.  
i asked kwikset if there were any recalls on this product and they said no and there were no know issues. they issued me a case number and said they wanted the complete assembly returned to them for analysis using the prepaid label they provided.
they told me they were sending me a identical replacement as soon as they reviewed the pictures.
i am concerned for several reasons:
- my fingers got burned.
- i do not know what would have happened if i was not home and this happened as the door to the garage is a light wood door.  i do not know if the plastic in the battery pack and cover would ignite or just melt.
- i do not know if the plastic just melted could it have melted and jammed the locking mechanism making it impossible to exit or enter via this door.
- at the time i purchased the kwikset lock that failed i purchased an identical lock, only difference is the color, and installed it in another door.",44354.0,,,,,,,,,,,,,,,,,,,,,,,
5.0,Comfortable and long lasting,Comfortable and long lasting,b01mruque2,2021-01-04,comfortable long lasting,comfortable long lasting,Dove Men+Care Antiperspirant for Men Minerals and Sage with 48-Hour Sweat and Body Odor Protection 2.7 oz (Packaging may vary),All Beauty,b01mruque2,unilever,dove men + care,079400597328,en,False,False,True,True,11/22/2020 0:00,stick deordeant manufacturing defect. sharp edges with plastic pieces protruding cut my arm pit durning application,44112.0,,,,,,,,,,,,,,,,,,,,,,,
5.0,Great,"Exactly what I needed and saved me a trip to the store, my husband loves this scent and can’t find it often so i just keep repurchasing here and it really helps me!",b01mruque2,2020-01-10,exactly needed saved trip store husband love scent cant find often keep repurchasing really help,exactly needed saved trip store husband love scent cant find often keep repurchasing really help,Dove Men+Care Antiperspirant for Men Minerals and Sage with 48-Hour Sweat and Body Odor Protection 2.7 oz (Packaging may vary),All Beauty,b01mruque2,unilever,dove men + care,079400597328,en,False,False,True,True,11/22/2020 0:00,stick deordeant manufacturing defect. sharp edges with plastic pieces protruding cut my arm pit durning application,44112.0,,,,,,,,,,,,,,,,,,,,,,,
5.0,"Perfect for all, but especially helpful for those with sensory issues.","I purchased these for my son with autism.  He has sensory issues (sounds, tastes, touching sensations) and doesn't enjoy having his teeth brushed.  Because the brush surrounds his teeth, I'm able to get the brushing done in much less time.  These work very well for him and his needs due to his sensitivity.<br /><br />Pros:<br />- The handles are nice and sturdy, with a powered rubberized feeling.<br />- There are nodules on the handle to help with grip as well.<br />- Each brush comes with a plastic cap for storage/travel.<br />- For a child, the &#34;pocket&#34; between the teeth is perfect for a pea sized amount of toothpaste.<br />- 4 toothbrushes per pack so if you have one person, you have all that you need for a year if you change every 3 months as recommended.<br /><br />This is the second time I've purchased this product.  I'd purchased brand previously, and the handles were much less substantial, and those didn't come with a cap to cover the brush.  So this brand is a much better value for me.  I did not receive a discount for this review, these are my personal unbiased opinions.",b007mrorwq,2016-07-01,purchased son autism sensory issue sound taste touching sensation doesnt enjoy teeth brushed brush surround im able get brushing done much less time work well need due sensitivitypros handle nice sturdy powered rubberized feeling nodule help grip come plastic cap storagetravel child pocket perfect pea sized amount toothpaste toothbrush per pack one person year change every month recommendedthis second ive product id brand previously substantial didnt cover better value receive discount review personal unbiased opinion,purchased son autism sensory issue sound taste touching sensation doesnt enjoy teeth brushed brush surround im able get brushing done much less time work well need due sensitivitypros handle nice sturdy powered rubberized feeling nodule help grip come plastic cap storagetravel child pocket perfect pea sized amount toothpaste toothbrush per pack one person year change every month recommendedthis second ive product id brand previously substantial didnt cover better value receive discount review personal unbiased opinion,Surround® Toothbrush (Pack of 4),All Beauty,stb4,specialized care co inc,specialized care co inc,859938000121,en,False,False,True,True,9/24/2021 0:00,"my kwikset 99380-001 halo wi-fi smart lock keyless entry electronic keypad deadbolt melted and burned the tips of two of my fingers on sept 23, 2021.
on the late evening of sept 22, 2021 i was in the laundry room that has a door to the garage and i thought i smelled a faint smell of something odd, like a sort of burnt toast.   i checked all around and could not find the smell and it went away.   the following day the kwikset door lock in this room alerted us that its battery was dead and needed replacing.   later on sept 23, 2021 i removed the battery pack from the lock housing and replaced all three 1.5 volt aa batteries, then reinstalled the battery pack .  i then went to verify the locks operation and the lock would illuminate but would not lock or unlock.  then i started to smell a strong smell of something burning and i could see smoke emanating from the just installed battery pack.   i tried to remove the battery pack from the lock housing by lifting up on the plastic removal tab, as i had done previously, it is at this point i burnt my finger tips on the molten plastic.   i then went to the garage and got a dental pick to pull the battery pack out.  once the battery pack was removed the battery pack stopped melting and smoking.   
my fingers were sore but ok, no lasting damage.   
i then notified kwikset about what just happened and uploaded pictures to them using their online tool.  
i asked kwikset if there were any recalls on this product and they said no and there were no know issues. they issued me a case number and said they wanted the complete assembly returned to them for analysis using the prepaid label they provided.
they told me they were sending me a identical replacement as soon as they reviewed the pictures.
i am concerned for several reasons:
- my fingers got burned.
- i do not know what would have happened if i was not home and this happened as the door to the garage is a light wood door.  i do not know if the plastic in the battery pack and cover would ignite or just melt.
- i do not know if the plastic just melted could it have melted and jammed the locking mechanism making it impossible to exit or enter via this door.
- at the time i purchased the kwikset lock that failed i purchased an identical lock, only difference is the color, and installed it in another door.",44354.0,,,,,,,,,,,,,,,,,,,,,,,
5.0,The mouth is the window to the body...,"Dental hygiene is so important to me. I make sure to teach my kids as well. One was diagnosed with ASD and he was very fidgety when it was brushing teeth time. They both enjoy which is a huge plus and it cuts the time to brush! I would love this if I was a child. Brush, floss, rinse, done!",b007mrorwq,2020-02-05,dental hygiene important make sure teach kid well one diagnosed asd fidgety brushing teeth time enjoy huge plus cut brush would love child floss rinse done,dental hygiene important make sure teach kid well one diagnosed asd fidgety brushing teeth time enjoy huge plus cut brush would love child floss rinse done,Surround® Toothbrush (Pack of 4),All Beauty,stb4,specialized care co inc,specialized care co inc,859938000121,en,False,False,True,True,9/24/2021 0:00,"my kwikset 99380-001 halo wi-fi smart lock keyless entry electronic keypad deadbolt melted and burned the tips of two of my fingers on sept 23, 2021.
on the late evening of sept 22, 2021 i was in the laundry room that has a door to the garage and i thought i smelled a faint smell of something odd, like a sort of burnt toast.   i checked all around and could not find the smell and it went away.   the following day the kwikset door lock in this room alerted us that its battery was dead and needed replacing.   later on sept 23, 2021 i removed the battery pack from the lock housing and replaced all three 1.5 volt aa batteries, then reinstalled the battery pack .  i then went to verify the locks operation and the lock would illuminate but would not lock or unlock.  then i started to smell a strong smell of something burning and i could see smoke emanating from the just installed battery pack.   i tried to remove the battery pack from the lock housing by lifting up on the plastic removal tab, as i had done previously, it is at this point i burnt my finger tips on the molten plastic.   i then went to the garage and got a dental pick to pull the battery pack out.  once the battery pack was removed the battery pack stopped melting and smoking.   
my fingers were sore but ok, no lasting damage.   
i then notified kwikset about what just happened and uploaded pictures to them using their online tool.  
i asked kwikset if there were any recalls on this product and they said no and there were no know issues. they issued me a case number and said they wanted the complete assembly returned to them for analysis using the prepaid label they provided.
they told me they were sending me a identical replacement as soon as they reviewed the pictures.
i am concerned for several reasons:
- my fingers got burned.
- i do not know what would have happened if i was not home and this happened as the door to the garage is a light wood door.  i do not know if the plastic in the battery pack and cover would ignite or just melt.
- i do not know if the plastic just melted could it have melted and jammed the locking mechanism making it impossible to exit or enter via this door.
- at the time i purchased the kwikset lock that failed i purchased an identical lock, only difference is the color, and installed it in another door.",44354.0,,,,,,,,,,,,,,,,,,,,,,,
5.0,IMO the BEST hand wipes!,We have sensitive skin.  I have purchased these wipes for MANY MANY years.  They are in the car; in my backpack; wherever we go. They do not have a displeasing odor.  They clean our hands when we are not near a bathroom sink.,b00kochn9a,2018-11-22,sensitive skin purchased wipe many year car backpack wherever go displeasing odor clean hand near bathroom sink,sensitive skin purchased wipe many year car backpack wherever go displeasing odor clean hand near bathroom sink,WET ONES Sensitive Skin Moist Wipes Extra Gentle 40 Each (Pack of 9),All Beauty,none,edgewell personal care ll,wet ones,076828046704,en,False,False,True,True,9/12/2013 0:00,"this is an email i sent to wet ones customer support: ""hello, i would like to tell you about my recent experience with my wet ones sensitive 40 count hand wipes container. i bought two of these containers because they were on my daughters school shopping list and i picked up an extra to try in the car. i had not bought these before then. just this past weekend i tried it out for the first time. after pulling out one wipe, it did not continue to feed so i tried to fix it by pushing a wipe back through the slits on the top. when i did this i accidentally pushed my finger too far through the opening and got my finger stuck right below the base of my cuticle on the skin. it was incredibly painful and like having my finger stuck in a horrible chinese finger trap. i tried to pull my finger back out, but that made the slits dig into my finger even more. i was crying out in pain begging my husband to help me get it off my finger. he somehow managed to get his finger under one of the corners so i had just enough room to get the container off my finger. i have never had such a terrible experience with a wipes container. i buy baby wipes normally and those containers do not have any sharp pokey corners like this container has. what worries my more is that what if a child were to try to fix the feed on the top and get their hand stuck too? it's been two days and i still have a small red indent where the corner stuck in my skin below the cuticle, ouch!! what makes this all the more frustrating is that even after we fixed the feed, almost every time we take a wipe out the next wipe doesn't feed properly anyway so we have to keep fixing it.please rethink the design on this container!""  

this is what i got in reply ""... it is indicated on the canister to not push your finger through the opening. we apologize for any trouble you experienced."" 

in my opinion, even if they write on the container not to stick your finger through, it is too easy to accidentally push ones finger through and get it stuck. the threading portion of this container is way too sharp for what it is intended to do.",41512.0,,,,,,,,,,,,,,,,,,,,,,,
2.0,NOT specifically designed to brush around Braces,This brush is not designed to specifically fit around Braces.,b007mrorwq,2015-03-21,brush designed specifically fit around brace,brush designed specifically fit around brace,Surround® Toothbrush (Pack of 4),All Beauty,stb4,specialized care co inc,specialized care co inc,859938000121,en,False,False,True,True,9/24/2021 0:00,"my kwikset 99380-001 halo wi-fi smart lock keyless entry electronic keypad deadbolt melted and burned the tips of two of my fingers on sept 23, 2021.
on the late evening of sept 22, 2021 i was in the laundry room that has a door to the garage and i thought i smelled a faint smell of something odd, like a sort of burnt toast.   i checked all around and could not find the smell and it went away.   the following day the kwikset door lock in this room alerted us that its battery was dead and needed replacing.   later on sept 23, 2021 i removed the battery pack from the lock housing and replaced all three 1.5 volt aa batteries, then reinstalled the battery pack .  i then went to verify the locks operation and the lock would illuminate but would not lock or unlock.  then i started to smell a strong smell of something burning and i could see smoke emanating from the just installed battery pack.   i tried to remove the battery pack from the lock housing by lifting up on the plastic removal tab, as i had done previously, it is at this point i burnt my finger tips on the molten plastic.   i then went to the garage and got a dental pick to pull the battery pack out.  once the battery pack was removed the battery pack stopped melting and smoking.   
my fingers were sore but ok, no lasting damage.   
i then notified kwikset about what just happened and uploaded pictures to them using their online tool.  
i asked kwikset if there were any recalls on this product and they said no and there were no know issues. they issued me a case number and said they wanted the complete assembly returned to them for analysis using the prepaid label they provided.
they told me they were sending me a identical replacement as soon as they reviewed the pictures.
i am concerned for several reasons:
- my fingers got burned.
- i do not know what would have happened if i was not home and this happened as the door to the garage is a light wood door.  i do not know if the plastic in the battery pack and cover would ignite or just melt.
- i do not know if the plastic just melted could it have melted and jammed the locking mechanism making it impossible to exit or enter via this door.
- at the time i purchased the kwikset lock that failed i purchased an identical lock, only difference is the color, and installed it in another door.",44354.0,,,,,,,,,,,,,,,,,,,,,,,
5.0,High-quality item,High-quality item,b01mruque2,2020-05-11,highquality item,highquality item,Dove Men+Care Antiperspirant for Men Minerals and Sage with 48-Hour Sweat and Body Odor Protection 2.7 oz (Packaging may vary),All Beauty,b01mruque2,unilever,dove men + care,079400597328,en,False,False,True,True,11/22/2020 0:00,stick deordeant manufacturing defect. sharp edges with plastic pieces protruding cut my arm pit durning application,44112.0,,,,,,,,,,,,,,,,,,,,,,,
4.0,Four Stars,Great for covering your whole tooth!,b007mrorwq,2014-08-30,great covering whole tooth,great covering whole tooth,Surround® Toothbrush (Pack of 4),All Beauty,stb4,specialized care co inc,specialized care co inc,859938000121,en,False,False,True,True,9/24/2021 0:00,"my kwikset 99380-001 halo wi-fi smart lock keyless entry electronic keypad deadbolt melted and burned the tips of two of my fingers on sept 23, 2021.
on the late evening of sept 22, 2021 i was in the laundry room that has a door to the garage and i thought i smelled a faint smell of something odd, like a sort of burnt toast.   i checked all around and could not find the smell and it went away.   the following day the kwikset door lock in this room alerted us that its battery was dead and needed replacing.   later on sept 23, 2021 i removed the battery pack from the lock housing and replaced all three 1.5 volt aa batteries, then reinstalled the battery pack .  i then went to verify the locks operation and the lock would illuminate but would not lock or unlock.  then i started to smell a strong smell of something burning and i could see smoke emanating from the just installed battery pack.   i tried to remove the battery pack from the lock housing by lifting up on the plastic removal tab, as i had done previously, it is at this point i burnt my finger tips on the molten plastic.   i then went to the garage and got a dental pick to pull the battery pack out.  once the battery pack was removed the battery pack stopped melting and smoking.   
my fingers were sore but ok, no lasting damage.   
i then notified kwikset about what just happened and uploaded pictures to them using their online tool.  
i asked kwikset if there were any recalls on this product and they said no and there were no know issues. they issued me a case number and said they wanted the complete assembly returned to them for analysis using the prepaid label they provided.
they told me they were sending me a identical replacement as soon as they reviewed the pictures.
i am concerned for several reasons:
- my fingers got burned.
- i do not know what would have happened if i was not home and this happened as the door to the garage is a light wood door.  i do not know if the plastic in the battery pack and cover would ignite or just melt.
- i do not know if the plastic just melted could it have melted and jammed the locking mechanism making it impossible to exit or enter via this door.
- at the time i purchased the kwikset lock that failed i purchased an identical lock, only difference is the color, and installed it in another door.",44354.0,,,,,,,,,,,,,,,,,,,,,,,
2.0,bristles kept coming out,I am not sure if it was just my order but the bristles kept on coming out. Not safe. I returned them without any problem from amazon.,b007mrorwq,2014-12-18,sure order bristle kept coming safe returned without problem amazon,sure order bristle kept coming safe returned without problem amazon,Surround® Toothbrush (Pack of 4),All Beauty,stb4,specialized care co inc,specialized care co inc,859938000121,en,False,False,True,True,9/24/2021 0:00,"my kwikset 99380-001 halo wi-fi smart lock keyless entry electronic keypad deadbolt melted and burned the tips of two of my fingers on sept 23, 2021.
on the late evening of sept 22, 2021 i was in the laundry room that has a door to the garage and i thought i smelled a faint smell of something odd, like a sort of burnt toast.   i checked all around and could not find the smell and it went away.   the following day the kwikset door lock in this room alerted us that its battery was dead and needed replacing.   later on sept 23, 2021 i removed the battery pack from the lock housing and replaced all three 1.5 volt aa batteries, then reinstalled the battery pack .  i then went to verify the locks operation and the lock would illuminate but would not lock or unlock.  then i started to smell a strong smell of something burning and i could see smoke emanating from the just installed battery pack.   i tried to remove the battery pack from the lock housing by lifting up on the plastic removal tab, as i had done previously, it is at this point i burnt my finger tips on the molten plastic.   i then went to the garage and got a dental pick to pull the battery pack out.  once the battery pack was removed the battery pack stopped melting and smoking.   
my fingers were sore but ok, no lasting damage.   
i then notified kwikset about what just happened and uploaded pictures to them using their online tool.  
i asked kwikset if there were any recalls on this product and they said no and there were no know issues. they issued me a case number and said they wanted the complete assembly returned to them for analysis using the prepaid label they provided.
they told me they were sending me a identical replacement as soon as they reviewed the pictures.
i am concerned for several reasons:
- my fingers got burned.
- i do not know what would have happened if i was not home and this happened as the door to the garage is a light wood door.  i do not know if the plastic in the battery pack and cover would ignite or just melt.
- i do not know if the plastic just melted could it have melted and jammed the locking mechanism making it impossible to exit or enter via this door.
- at the time i purchased the kwikset lock that failed i purchased an identical lock, only difference is the color, and installed it in another door.",44354.0,,,,,,,,,,,,,,,,,,,,,,,
5.0,Must have for learning  little ones,My kiddo<br />Loves these and I do too because the shape of the brush head helps<br />Make sure he brushes efficiently!,b007mrorwq,2020-07-20,kiddoloves shape brush head helpsmake sure efficiently,kiddoloves shape brush head helpsmake sure efficiently,Surround® Toothbrush (Pack of 4),All Beauty,stb4,specialized care co inc,specialized care co inc,859938000121,en,False,False,True,True,9/24/2021 0:00,"my kwikset 99380-001 halo wi-fi smart lock keyless entry electronic keypad deadbolt melted and burned the tips of two of my fingers on sept 23, 2021.
on the late evening of sept 22, 2021 i was in the laundry room that has a door to the garage and i thought i smelled a faint smell of something odd, like a sort of burnt toast.   i checked all around and could not find the smell and it went away.   the following day the kwikset door lock in this room alerted us that its battery was dead and needed replacing.   later on sept 23, 2021 i removed the battery pack from the lock housing and replaced all three 1.5 volt aa batteries, then reinstalled the battery pack .  i then went to verify the locks operation and the lock would illuminate but would not lock or unlock.  then i started to smell a strong smell of something burning and i could see smoke emanating from the just installed battery pack.   i tried to remove the battery pack from the lock housing by lifting up on the plastic removal tab, as i had done previously, it is at this point i burnt my finger tips on the molten plastic.   i then went to the garage and got a dental pick to pull the battery pack out.  once the battery pack was removed the battery pack stopped melting and smoking.   
my fingers were sore but ok, no lasting damage.   
i then notified kwikset about what just happened and uploaded pictures to them using their online tool.  
i asked kwikset if there were any recalls on this product and they said no and there were no know issues. they issued me a case number and said they wanted the complete assembly returned to them for analysis using the prepaid label they provided.
they told me they were sending me a identical replacement as soon as they reviewed the pictures.
i am concerned for several reasons:
- my fingers got burned.
- i do not know what would have happened if i was not home and this happened as the door to the garage is a light wood door.  i do not know if the plastic in the battery pack and cover would ignite or just melt.
- i do not know if the plastic just melted could it have melted and jammed the locking mechanism making it impossible to exit or enter via this door.
- at the time i purchased the kwikset lock that failed i purchased an identical lock, only difference is the color, and installed it in another door.",44354.0,,,,,,,,,,,,,,,,,,,,,,,
5.0,"Good product, good price",It's just as good as buying it in the store. Except it's less than $5 here. I'd purchase again and I do recommend.,b01mruque2,2020-05-02,good buying store except less id purchase recommend,good buying store except less id purchase recommend,Dove Men+Care Antiperspirant for Men Minerals and Sage with 48-Hour Sweat and Body Odor Protection 2.7 oz (Packaging may vary),All Beauty,b01mruque2,unilever,dove men + care,079400597328,en,False,False,True,True,11/22/2020 0:00,stick deordeant manufacturing defect. sharp edges with plastic pieces protruding cut my arm pit durning application,44112.0,,,,,,,,,,,,,,,,,,,,,,,
5.0,They don’t make them better than these!,"Now THIS is an invention made in heaven! For my autistic  son these are the perfect toothbrush! I tried others and couldn’t find these and I was hugely disappointed. These are made so well, the bristles truly do fit all the way around the tooth and just the best!",b007mrorwq,2021-01-19,invention made heaven autistic son perfect toothbrush tried others couldnt find hugely disappointed well bristle truly fit way around tooth best,invention made heaven autistic son perfect toothbrush tried others couldnt find hugely disappointed well bristle truly fit way around tooth best,Surround® Toothbrush (Pack of 4),All Beauty,stb4,specialized care co inc,specialized care co inc,859938000121,en,False,False,True,True,9/24/2021 0:00,"my kwikset 99380-001 halo wi-fi smart lock keyless entry electronic keypad deadbolt melted and burned the tips of two of my fingers on sept 23, 2021.
on the late evening of sept 22, 2021 i was in the laundry room that has a door to the garage and i thought i smelled a faint smell of something odd, like a sort of burnt toast.   i checked all around and could not find the smell and it went away.   the following day the kwikset door lock in this room alerted us that its battery was dead and needed replacing.   later on sept 23, 2021 i removed the battery pack from the lock housing and replaced all three 1.5 volt aa batteries, then reinstalled the battery pack .  i then went to verify the locks operation and the lock would illuminate but would not lock or unlock.  then i started to smell a strong smell of something burning and i could see smoke emanating from the just installed battery pack.   i tried to remove the battery pack from the lock housing by lifting up on the plastic removal tab, as i had done previously, it is at this point i burnt my finger tips on the molten plastic.   i then went to the garage and got a dental pick to pull the battery pack out.  once the battery pack was removed the battery pack stopped melting and smoking.   
my fingers were sore but ok, no lasting damage.   
i then notified kwikset about what just happened and uploaded pictures to them using their online tool.  
i asked kwikset if there were any recalls on this product and they said no and there were no know issues. they issued me a case number and said they wanted the complete assembly returned to them for analysis using the prepaid label they provided.
they told me they were sending me a identical replacement as soon as they reviewed the pictures.
i am concerned for several reasons:
- my fingers got burned.
- i do not know what would have happened if i was not home and this happened as the door to the garage is a light wood door.  i do not know if the plastic in the battery pack and cover would ignite or just melt.
- i do not know if the plastic just melted could it have melted and jammed the locking mechanism making it impossible to exit or enter via this door.
- at the time i purchased the kwikset lock that failed i purchased an identical lock, only difference is the color, and installed it in another door.",44354.0,,,,,,,,,,,,,,,,,,,,,,,
5.0,An Autism Special Item,"We have a severely autistic child.  Being able to use the shape of this head and brushes on both sides and top of the teeth is a godsend.  We sent one to his autism school for his teachers to work with him too.  Our child bites, so you don't want to get your fingers too close to the business end of those chompers.  We would call this item a must have.",b007mrorwq,2014-06-02,severely autistic child able use shape head brush side top teeth godsend sent one autism school teacher work bite dont want get finger close business end chompers would call item must,severely autistic child able use shape head brush side top teeth godsend sent one autism school teacher work bite dont want get finger close business end chompers would call item must,Surround® Toothbrush (Pack of 4),All Beauty,stb4,specialized care co inc,specialized care co inc,859938000121,en,False,False,True,True,9/24/2021 0:00,"my kwikset 99380-001 halo wi-fi smart lock keyless entry electronic keypad deadbolt melted and burned the tips of two of my fingers on sept 23, 2021.
on the late evening of sept 22, 2021 i was in the laundry room that has a door to the garage and i thought i smelled a faint smell of something odd, like a sort of burnt toast.   i checked all around and could not find the smell and it went away.   the following day the kwikset door lock in this room alerted us that its battery was dead and needed replacing.   later on sept 23, 2021 i removed the battery pack from the lock housing and replaced all three 1.5 volt aa batteries, then reinstalled the battery pack .  i then went to verify the locks operation and the lock would illuminate but would not lock or unlock.  then i started to smell a strong smell of something burning and i could see smoke emanating from the just installed battery pack.   i tried to remove the battery pack from the lock housing by lifting up on the plastic removal tab, as i had done previously, it is at this point i burnt my finger tips on the molten plastic.   i then went to the garage and got a dental pick to pull the battery pack out.  once the battery pack was removed the battery pack stopped melting and smoking.   
my fingers were sore but ok, no lasting damage.   
i then notified kwikset about what just happened and uploaded pictures to them using their online tool.  
i asked kwikset if there were any recalls on this product and they said no and there were no know issues. they issued me a case number and said they wanted the complete assembly returned to them for analysis using the prepaid label they provided.
they told me they were sending me a identical replacement as soon as they reviewed the pictures.
i am concerned for several reasons:
- my fingers got burned.
- i do not know what would have happened if i was not home and this happened as the door to the garage is a light wood door.  i do not know if the plastic in the battery pack and cover would ignite or just melt.
- i do not know if the plastic just melted could it have melted and jammed the locking mechanism making it impossible to exit or enter via this door.
- at the time i purchased the kwikset lock that failed i purchased an identical lock, only difference is the color, and installed it in another door.",44354.0,,,,,,,,,,,,,,,,,,,,,,,
5.0,Awesome!,These are so easy to use on my daughter. She hates having her teeth brushed and this makes it extremely easy.,b007mrorwq,2022-01-28,easy use daughter hate teeth brushed make extremely,easy use daughter hate teeth brushed make extremely,Surround® Toothbrush (Pack of 4),All Beauty,stb4,specialized care co inc,specialized care co inc,859938000121,en,False,False,True,True,9/24/2021 0:00,"my kwikset 99380-001 halo wi-fi smart lock keyless entry electronic keypad deadbolt melted and burned the tips of two of my fingers on sept 23, 2021.
on the late evening of sept 22, 2021 i was in the laundry room that has a door to the garage and i thought i smelled a faint smell of something odd, like a sort of burnt toast.   i checked all around and could not find the smell and it went away.   the following day the kwikset door lock in this room alerted us that its battery was dead and needed replacing.   later on sept 23, 2021 i removed the battery pack from the lock housing and replaced all three 1.5 volt aa batteries, then reinstalled the battery pack .  i then went to verify the locks operation and the lock would illuminate but would not lock or unlock.  then i started to smell a strong smell of something burning and i could see smoke emanating from the just installed battery pack.   i tried to remove the battery pack from the lock housing by lifting up on the plastic removal tab, as i had done previously, it is at this point i burnt my finger tips on the molten plastic.   i then went to the garage and got a dental pick to pull the battery pack out.  once the battery pack was removed the battery pack stopped melting and smoking.   
my fingers were sore but ok, no lasting damage.   
i then notified kwikset about what just happened and uploaded pictures to them using their online tool.  
i asked kwikset if there were any recalls on this product and they said no and there were no know issues. they issued me a case number and said they wanted the complete assembly returned to them for analysis using the prepaid label they provided.
they told me they were sending me a identical replacement as soon as they reviewed the pictures.
i am concerned for several reasons:
- my fingers got burned.
- i do not know what would have happened if i was not home and this happened as the door to the garage is a light wood door.  i do not know if the plastic in the battery pack and cover would ignite or just melt.
- i do not know if the plastic just melted could it have melted and jammed the locking mechanism making it impossible to exit or enter via this door.
- at the time i purchased the kwikset lock that failed i purchased an identical lock, only difference is the color, and installed it in another door.",44354.0,,,,,,,,,,,,,,,,,,,,,,,
1.0,They Just Don't Work,"I've used DenTrust &#34;surround&#34; toothbrushes along with Collis Curve toothbrushes for years and years, and my teeth stay squeaky clean.  In a rush (my own fault) I bought Surround Toothbrushes by mistake.  They just do not work.  I (carefully) ordered DenTrust brushes again, and now feel clean.  I honestly don't understand all the great reviews for these toothbrushes.  I gave one of these to my husband and he hated it.  I gave two more away --to my daughter and her husband -- and they threw them out.  If you try these and try DenTrust, you'll feel the huge difference.",b007mrorwq,2015-04-18,ive used dentrust surround toothbrush along collis curve year teeth stay squeaky clean rush fault bought mistake work carefully ordered brush feel honestly dont understand great review gave one husband hated two away daughter threw try youll huge difference,ive used dentrust surround toothbrush along collis curve year teeth stay squeaky clean rush fault bought mistake work carefully ordered brush feel honestly dont understand great review gave one husband hated two away daughter threw try youll huge difference,Surround® Toothbrush (Pack of 4),All Beauty,stb4,specialized care co inc,specialized care co inc,859938000121,en,False,False,True,True,9/24/2021 0:00,"my kwikset 99380-001 halo wi-fi smart lock keyless entry electronic keypad deadbolt melted and burned the tips of two of my fingers on sept 23, 2021.
on the late evening of sept 22, 2021 i was in the laundry room that has a door to the garage and i thought i smelled a faint smell of something odd, like a sort of burnt toast.   i checked all around and could not find the smell and it went away.   the following day the kwikset door lock in this room alerted us that its battery was dead and needed replacing.   later on sept 23, 2021 i removed the battery pack from the lock housing and replaced all three 1.5 volt aa batteries, then reinstalled the battery pack .  i then went to verify the locks operation and the lock would illuminate but would not lock or unlock.  then i started to smell a strong smell of something burning and i could see smoke emanating from the just installed battery pack.   i tried to remove the battery pack from the lock housing by lifting up on the plastic removal tab, as i had done previously, it is at this point i burnt my finger tips on the molten plastic.   i then went to the garage and got a dental pick to pull the battery pack out.  once the battery pack was removed the battery pack stopped melting and smoking.   
my fingers were sore but ok, no lasting damage.   
i then notified kwikset about what just happened and uploaded pictures to them using their online tool.  
i asked kwikset if there were any recalls on this product and they said no and there were no know issues. they issued me a case number and said they wanted the complete assembly returned to them for analysis using the prepaid label they provided.
they told me they were sending me a identical replacement as soon as they reviewed the pictures.
i am concerned for several reasons:
- my fingers got burned.
- i do not know what would have happened if i was not home and this happened as the door to the garage is a light wood door.  i do not know if the plastic in the battery pack and cover would ignite or just melt.
- i do not know if the plastic just melted could it have melted and jammed the locking mechanism making it impossible to exit or enter via this door.
- at the time i purchased the kwikset lock that failed i purchased an identical lock, only difference is the color, and installed it in another door.",44354.0,,,,,,,,,,,,,,,,,,,,,,,
4.0,A good flossing tool.,The handle is easy to use and the two types of floss work well.,b07f8svr4j,2019-12-19,handle easy use two type floss work well,handle easy use two type floss work well,"T.Smile 3rd Generation Dental Flosser 1 Handle + 50 Soft Silky Ribbon Floss Heads + 50 Extra Strength Floss Heads, Evolutionary Clean, Pack of 1",All Beauty,none,"liangbu science and technology co.,ltd.",t.smile,713440925009713440925078,en,False,False,True,True,3/18/2015 0:00,mold build up in washer tub area and front door rubber seal. ongoing since purchasing item.,39605.0,,,,,,,,,,,,,,,,,,,,,,,
5.0,Great value,Has a nice shaving cream type smell to it. Last over 24hrs for sure.,b01mruque2,2020-03-04,nice shaving cream type smell last hr sure,nice shaving cream type smell last hr sure,Dove Men+Care Antiperspirant for Men Minerals and Sage with 48-Hour Sweat and Body Odor Protection 2.7 oz (Packaging may vary),All Beauty,b01mruque2,unilever,dove men + care,079400597328,en,False,False,True,True,11/22/2020 0:00,stick deordeant manufacturing defect. sharp edges with plastic pieces protruding cut my arm pit durning application,44112.0,,,,,,,,,,,,,,,,,,,,,,,
5.0,Good product. Bristle firmness is just right.,My boys love them. They get all around the teeth with less effort.,b007mrorwq,2014-08-22,boy love get around teeth less effort,boy love get around teeth less effort,Surround® Toothbrush (Pack of 4),All Beauty,stb4,specialized care co inc,specialized care co inc,859938000121,en,False,False,True,True,9/24/2021 0:00,"my kwikset 99380-001 halo wi-fi smart lock keyless entry electronic keypad deadbolt melted and burned the tips of two of my fingers on sept 23, 2021.
on the late evening of sept 22, 2021 i was in the laundry room that has a door to the garage and i thought i smelled a faint smell of something odd, like a sort of burnt toast.   i checked all around and could not find the smell and it went away.   the following day the kwikset door lock in this room alerted us that its battery was dead and needed replacing.   later on sept 23, 2021 i removed the battery pack from the lock housing and replaced all three 1.5 volt aa batteries, then reinstalled the battery pack .  i then went to verify the locks operation and the lock would illuminate but would not lock or unlock.  then i started to smell a strong smell of something burning and i could see smoke emanating from the just installed battery pack.   i tried to remove the battery pack from the lock housing by lifting up on the plastic removal tab, as i had done previously, it is at this point i burnt my finger tips on the molten plastic.   i then went to the garage and got a dental pick to pull the battery pack out.  once the battery pack was removed the battery pack stopped melting and smoking.   
my fingers were sore but ok, no lasting damage.   
i then notified kwikset about what just happened and uploaded pictures to them using their online tool.  
i asked kwikset if there were any recalls on this product and they said no and there were no know issues. they issued me a case number and said they wanted the complete assembly returned to them for analysis using the prepaid label they provided.
they told me they were sending me a identical replacement as soon as they reviewed the pictures.
i am concerned for several reasons:
- my fingers got burned.
- i do not know what would have happened if i was not home and this happened as the door to the garage is a light wood door.  i do not know if the plastic in the battery pack and cover would ignite or just melt.
- i do not know if the plastic just melted could it have melted and jammed the locking mechanism making it impossible to exit or enter via this door.
- at the time i purchased the kwikset lock that failed i purchased an identical lock, only difference is the color, and installed it in another door.",44354.0,,,,,,,,,,,,,,,,,,,,,,,
4.0,Great product,Quality toothbrush just wish they were cheaper in price,b007mrorwq,2019-03-27,quality toothbrush wish cheaper price,quality toothbrush wish cheaper price,Surround® Toothbrush (Pack of 4),All Beauty,stb4,specialized care co inc,specialized care co inc,859938000121,en,False,False,True,True,9/24/2021 0:00,"my kwikset 99380-001 halo wi-fi smart lock keyless entry electronic keypad deadbolt melted and burned the tips of two of my fingers on sept 23, 2021.
on the late evening of sept 22, 2021 i was in the laundry room that has a door to the garage and i thought i smelled a faint smell of something odd, like a sort of burnt toast.   i checked all around and could not find the smell and it went away.   the following day the kwikset door lock in this room alerted us that its battery was dead and needed replacing.   later on sept 23, 2021 i removed the battery pack from the lock housing and replaced all three 1.5 volt aa batteries, then reinstalled the battery pack .  i then went to verify the locks operation and the lock would illuminate but would not lock or unlock.  then i started to smell a strong smell of something burning and i could see smoke emanating from the just installed battery pack.   i tried to remove the battery pack from the lock housing by lifting up on the plastic removal tab, as i had done previously, it is at this point i burnt my finger tips on the molten plastic.   i then went to the garage and got a dental pick to pull the battery pack out.  once the battery pack was removed the battery pack stopped melting and smoking.   
my fingers were sore but ok, no lasting damage.   
i then notified kwikset about what just happened and uploaded pictures to them using their online tool.  
i asked kwikset if there were any recalls on this product and they said no and there were no know issues. they issued me a case number and said they wanted the complete assembly returned to them for analysis using the prepaid label they provided.
they told me they were sending me a identical replacement as soon as they reviewed the pictures.
i am concerned for several reasons:
- my fingers got burned.
- i do not know what would have happened if i was not home and this happened as the door to the garage is a light wood door.  i do not know if the plastic in the battery pack and cover would ignite or just melt.
- i do not know if the plastic just melted could it have melted and jammed the locking mechanism making it impossible to exit or enter via this door.
- at the time i purchased the kwikset lock that failed i purchased an identical lock, only difference is the color, and installed it in another door.",44354.0,,,,,,,,,,,,,,,,,,,,,,,
5.0,Great for people who struggle with fine motor skills,"I purchased these for my autistic child who has fine motor skill delay.  They seem to work great, and make toothbrushing a bit less stressful.  No complaints from the dentist about his teeth, so I think they do the job.",b007mrorwq,2016-02-04,purchased autistic child fine motor skill delay seem work great make toothbrushing bit less stressful complaint dentist teeth think job,purchased autistic child fine motor skill delay seem work great make toothbrushing bit less stressful complaint dentist teeth think job,Surround® Toothbrush (Pack of 4),All Beauty,stb4,specialized care co inc,specialized care co inc,859938000121,en,False,False,True,True,9/24/2021 0:00,"my kwikset 99380-001 halo wi-fi smart lock keyless entry electronic keypad deadbolt melted and burned the tips of two of my fingers on sept 23, 2021.
on the late evening of sept 22, 2021 i was in the laundry room that has a door to the garage and i thought i smelled a faint smell of something odd, like a sort of burnt toast.   i checked all around and could not find the smell and it went away.   the following day the kwikset door lock in this room alerted us that its battery was dead and needed replacing.   later on sept 23, 2021 i removed the battery pack from the lock housing and replaced all three 1.5 volt aa batteries, then reinstalled the battery pack .  i then went to verify the locks operation and the lock would illuminate but would not lock or unlock.  then i started to smell a strong smell of something burning and i could see smoke emanating from the just installed battery pack.   i tried to remove the battery pack from the lock housing by lifting up on the plastic removal tab, as i had done previously, it is at this point i burnt my finger tips on the molten plastic.   i then went to the garage and got a dental pick to pull the battery pack out.  once the battery pack was removed the battery pack stopped melting and smoking.   
my fingers were sore but ok, no lasting damage.   
i then notified kwikset about what just happened and uploaded pictures to them using their online tool.  
i asked kwikset if there were any recalls on this product and they said no and there were no know issues. they issued me a case number and said they wanted the complete assembly returned to them for analysis using the prepaid label they provided.
they told me they were sending me a identical replacement as soon as they reviewed the pictures.
i am concerned for several reasons:
- my fingers got burned.
- i do not know what would have happened if i was not home and this happened as the door to the garage is a light wood door.  i do not know if the plastic in the battery pack and cover would ignite or just melt.
- i do not know if the plastic just melted could it have melted and jammed the locking mechanism making it impossible to exit or enter via this door.
- at the time i purchased the kwikset lock that failed i purchased an identical lock, only difference is the color, and installed it in another door.",44354.0,,,,,,,,,,,,,,,,,,,,,,,
5.0,they work great,brushteeth to my disable son loved them,b007mrorwq,2019-06-25,brushteeth disable son loved,brushteeth disable son loved,Surround® Toothbrush (Pack of 4),All Beauty,stb4,specialized care co inc,specialized care co inc,859938000121,en,False,False,True,True,9/24/2021 0:00,"my kwikset 99380-001 halo wi-fi smart lock keyless entry electronic keypad deadbolt melted and burned the tips of two of my fingers on sept 23, 2021.
on the late evening of sept 22, 2021 i was in the laundry room that has a door to the garage and i thought i smelled a faint smell of something odd, like a sort of burnt toast.   i checked all around and could not find the smell and it went away.   the following day the kwikset door lock in this room alerted us that its battery was dead and needed replacing.   later on sept 23, 2021 i removed the battery pack from the lock housing and replaced all three 1.5 volt aa batteries, then reinstalled the battery pack .  i then went to verify the locks operation and the lock would illuminate but would not lock or unlock.  then i started to smell a strong smell of something burning and i could see smoke emanating from the just installed battery pack.   i tried to remove the battery pack from the lock housing by lifting up on the plastic removal tab, as i had done previously, it is at this point i burnt my finger tips on the molten plastic.   i then went to the garage and got a dental pick to pull the battery pack out.  once the battery pack was removed the battery pack stopped melting and smoking.   
my fingers were sore but ok, no lasting damage.   
i then notified kwikset about what just happened and uploaded pictures to them using their online tool.  
i asked kwikset if there were any recalls on this product and they said no and there were no know issues. they issued me a case number and said they wanted the complete assembly returned to them for analysis using the prepaid label they provided.
they told me they were sending me a identical replacement as soon as they reviewed the pictures.
i am concerned for several reasons:
- my fingers got burned.
- i do not know what would have happened if i was not home and this happened as the door to the garage is a light wood door.  i do not know if the plastic in the battery pack and cover would ignite or just melt.
- i do not know if the plastic just melted could it have melted and jammed the locking mechanism making it impossible to exit or enter via this door.
- at the time i purchased the kwikset lock that failed i purchased an identical lock, only difference is the color, and installed it in another door.",44354.0,,,,,,,,,,,,,,,,,,,,,,,
1.0,NOT AS PICTURED- DIFFERENT PRODUCT-NOT ALUMINUM FREE,"I was excited to find the non-aluminum deodorant version available for subscribe and save. However when I received my first order it was the antiperspirant, with aluminum as the main ingredient. Extremely frustrated.",b01mruque2,2021-02-10,excited find nonaluminum deodorant version available subscribe save however received first order antiperspirant aluminum main ingredient extremely frustrated,excited find nonaluminum deodorant version available subscribe save however received first order antiperspirant aluminum main ingredient extremely frustrated,Dove Men+Care Antiperspirant for Men Minerals and Sage with 48-Hour Sweat and Body Odor Protection 2.7 oz (Packaging may vary),All Beauty,b01mruque2,unilever,dove men + care,079400597328,en,False,False,True,True,11/22/2020 0:00,stick deordeant manufacturing defect. sharp edges with plastic pieces protruding cut my arm pit durning application,44112.0,,,,,,,,,,,,,,,,,,,,,,,
1.0,You will be sent incorrect product,"As mentioned in countless other reviews, this is the white colored stick and not the clear colored stick as advertised in the photo. Is it really that difficult to upload the appropriate product photo??",b01mruque2,2020-10-08,mentioned countless review white colored stick clear advertised photo really difficult upload appropriate product,mentioned countless review white colored stick clear advertised photo really difficult upload appropriate product,Dove Men+Care Antiperspirant for Men Minerals and Sage with 48-Hour Sweat and Body Odor Protection 2.7 oz (Packaging may vary),All Beauty,b01mruque2,unilever,dove men + care,079400597328,en,False,False,True,True,11/22/2020 0:00,stick deordeant manufacturing defect. sharp edges with plastic pieces protruding cut my arm pit durning application,44112.0,,,,,,,,,,,,,,,,,,,,,,,
1.0,Not so good.,"The white ones were nice & thick but lasted for only 2-3 teeth before breaking. Gave them 1 star.  The blue ones were very strong & made it through my entire mouth. However, could be a tinch thicker as they tended to dig into gums.. I give them 3 stars. Sorry, but I  really miss my Reach flossers. I will continue to use the blue ones for now. If I  only used a few white ones, am I  able to return them?",b07f8svr4j,2019-12-05,white one nice thick lasted teeth breaking gave star blue strong made entire mouth however could tinch thicker tended dig gum give sorry really miss reach flossers continue use used able return,white one nice thick lasted teeth breaking gave star blue strong made entire mouth however could tinch thicker tended dig gum give sorry really miss reach flossers continue use used able return,"T.Smile 3rd Generation Dental Flosser 1 Handle + 50 Soft Silky Ribbon Floss Heads + 50 Extra Strength Floss Heads, Evolutionary Clean, Pack of 1",All Beauty,none,"liangbu science and technology co.,ltd.",t.smile,713440925009713440925078,en,False,False,True,True,3/18/2015 0:00,mold build up in washer tub area and front door rubber seal. ongoing since purchasing item.,39605.0,,,,,,,,,,,,,,,,,,,,,,,
5.0,Great!,This toothbrush is great for my autistic son who has sensory issues.,b007mrorwq,2015-05-24,toothbrush great autistic son sensory issue,toothbrush great autistic son sensory issue,Surround® Toothbrush (Pack of 4),All Beauty,stb4,specialized care co inc,specialized care co inc,859938000121,en,False,False,True,True,9/24/2021 0:00,"my kwikset 99380-001 halo wi-fi smart lock keyless entry electronic keypad deadbolt melted and burned the tips of two of my fingers on sept 23, 2021.
on the late evening of sept 22, 2021 i was in the laundry room that has a door to the garage and i thought i smelled a faint smell of something odd, like a sort of burnt toast.   i checked all around and could not find the smell and it went away.   the following day the kwikset door lock in this room alerted us that its battery was dead and needed replacing.   later on sept 23, 2021 i removed the battery pack from the lock housing and replaced all three 1.5 volt aa batteries, then reinstalled the battery pack .  i then went to verify the locks operation and the lock would illuminate but would not lock or unlock.  then i started to smell a strong smell of something burning and i could see smoke emanating from the just installed battery pack.   i tried to remove the battery pack from the lock housing by lifting up on the plastic removal tab, as i had done previously, it is at this point i burnt my finger tips on the molten plastic.   i then went to the garage and got a dental pick to pull the battery pack out.  once the battery pack was removed the battery pack stopped melting and smoking.   
my fingers were sore but ok, no lasting damage.   
i then notified kwikset about what just happened and uploaded pictures to them using their online tool.  
i asked kwikset if there were any recalls on this product and they said no and there were no know issues. they issued me a case number and said they wanted the complete assembly returned to them for analysis using the prepaid label they provided.
they told me they were sending me a identical replacement as soon as they reviewed the pictures.
i am concerned for several reasons:
- my fingers got burned.
- i do not know what would have happened if i was not home and this happened as the door to the garage is a light wood door.  i do not know if the plastic in the battery pack and cover would ignite or just melt.
- i do not know if the plastic just melted could it have melted and jammed the locking mechanism making it impossible to exit or enter via this door.
- at the time i purchased the kwikset lock that failed i purchased an identical lock, only difference is the color, and installed it in another door.",44354.0,,,,,,,,,,,,,,,,,,,,,,,
5.0,Nice tool,Love this thing! It makes it so much easier to reach the back teeth when you have a smaller mouth. Will def keep using!,b07f8svr4j,2019-07-14,love thing make much easier reach back teeth smaller mouth def keep using,love thing make much easier reach back teeth smaller mouth def keep using,"T.Smile 3rd Generation Dental Flosser 1 Handle + 50 Soft Silky Ribbon Floss Heads + 50 Extra Strength Floss Heads, Evolutionary Clean, Pack of 1",All Beauty,none,"liangbu science and technology co.,ltd.",t.smile,713440925009713440925078,en,False,False,True,True,3/18/2015 0:00,mold build up in washer tub area and front door rubber seal. ongoing since purchasing item.,39605.0,,,,,,,,,,,,,,,,,,,,,,,
5.0,Good product,Very happy with the flosser. I have arthritis in my hands and this makes flossing easier.,b07f8svr4j,2021-05-05,happy flosser arthritis hand make flossing easier,happy flosser arthritis hand make flossing easier,"T.Smile 3rd Generation Dental Flosser 1 Handle + 50 Soft Silky Ribbon Floss Heads + 50 Extra Strength Floss Heads, Evolutionary Clean, Pack of 1",All Beauty,none,"liangbu science and technology co.,ltd.",t.smile,713440925009713440925078,en,False,False,True,True,3/18/2015 0:00,mold build up in washer tub area and front door rubber seal. ongoing since purchasing item.,39605.0,,,,,,,,,,,,,,,,,,,,,,,
5.0,Good product,"Good product, wiping hands",b00kochn9a,2018-10-03,good product wiping hand,good product wiping hand,WET ONES Sensitive Skin Moist Wipes Extra Gentle 40 Each (Pack of 9),All Beauty,none,edgewell personal care ll,wet ones,076828046704,en,False,False,True,True,9/12/2013 0:00,"this is an email i sent to wet ones customer support: ""hello, i would like to tell you about my recent experience with my wet ones sensitive 40 count hand wipes container. i bought two of these containers because they were on my daughters school shopping list and i picked up an extra to try in the car. i had not bought these before then. just this past weekend i tried it out for the first time. after pulling out one wipe, it did not continue to feed so i tried to fix it by pushing a wipe back through the slits on the top. when i did this i accidentally pushed my finger too far through the opening and got my finger stuck right below the base of my cuticle on the skin. it was incredibly painful and like having my finger stuck in a horrible chinese finger trap. i tried to pull my finger back out, but that made the slits dig into my finger even more. i was crying out in pain begging my husband to help me get it off my finger. he somehow managed to get his finger under one of the corners so i had just enough room to get the container off my finger. i have never had such a terrible experience with a wipes container. i buy baby wipes normally and those containers do not have any sharp pokey corners like this container has. what worries my more is that what if a child were to try to fix the feed on the top and get their hand stuck too? it's been two days and i still have a small red indent where the corner stuck in my skin below the cuticle, ouch!! what makes this all the more frustrating is that even after we fixed the feed, almost every time we take a wipe out the next wipe doesn't feed properly anyway so we have to keep fixing it.please rethink the design on this container!""  

this is what i got in reply ""... it is indicated on the canister to not push your finger through the opening. we apologize for any trouble you experienced."" 

in my opinion, even if they write on the container not to stick your finger through, it is too easy to accidentally push ones finger through and get it stuck. the threading portion of this container is way too sharp for what it is intended to do.",41512.0,,,,,,,,,,,,,,,,,,,,,,,
5.0,great product,I have a son with multiple disabilities and this toothbrush is fantastic.  I have been using them with him for a few years. He has oral defensive issues this helps me get them cleaner faster.  His dentist said he could tell a difference also.,b007mrorwq,2013-10-06,son multiple disability toothbrush fantastic using year oral defensive issue help get cleaner faster dentist said could tell difference also,son multiple disability toothbrush fantastic using year oral defensive issue help get cleaner faster dentist said could tell difference also,Surround® Toothbrush (Pack of 4),All Beauty,stb4,specialized care co inc,specialized care co inc,859938000121,en,False,False,True,True,9/24/2021 0:00,"my kwikset 99380-001 halo wi-fi smart lock keyless entry electronic keypad deadbolt melted and burned the tips of two of my fingers on sept 23, 2021.
on the late evening of sept 22, 2021 i was in the laundry room that has a door to the garage and i thought i smelled a faint smell of something odd, like a sort of burnt toast.   i checked all around and could not find the smell and it went away.   the following day the kwikset door lock in this room alerted us that its battery was dead and needed replacing.   later on sept 23, 2021 i removed the battery pack from the lock housing and replaced all three 1.5 volt aa batteries, then reinstalled the battery pack .  i then went to verify the locks operation and the lock would illuminate but would not lock or unlock.  then i started to smell a strong smell of something burning and i could see smoke emanating from the just installed battery pack.   i tried to remove the battery pack from the lock housing by lifting up on the plastic removal tab, as i had done previously, it is at this point i burnt my finger tips on the molten plastic.   i then went to the garage and got a dental pick to pull the battery pack out.  once the battery pack was removed the battery pack stopped melting and smoking.   
my fingers were sore but ok, no lasting damage.   
i then notified kwikset about what just happened and uploaded pictures to them using their online tool.  
i asked kwikset if there were any recalls on this product and they said no and there were no know issues. they issued me a case number and said they wanted the complete assembly returned to them for analysis using the prepaid label they provided.
they told me they were sending me a identical replacement as soon as they reviewed the pictures.
i am concerned for several reasons:
- my fingers got burned.
- i do not know what would have happened if i was not home and this happened as the door to the garage is a light wood door.  i do not know if the plastic in the battery pack and cover would ignite or just melt.
- i do not know if the plastic just melted could it have melted and jammed the locking mechanism making it impossible to exit or enter via this door.
- at the time i purchased the kwikset lock that failed i purchased an identical lock, only difference is the color, and installed it in another door.",44354.0,,,,,,,,,,,,,,,,,,,,,,,
5.0,Helps Reluctant  Tooth Brushers Brush Teeth,Read in a book that if you have a hard time getting your kid to brush try this type of toothbrush.  Worked like a charm.,b007mrorwq,2014-11-16,read book hard time getting kid brush try type toothbrush worked like charm,read book hard time getting kid brush try type toothbrush worked like charm,Surround® Toothbrush (Pack of 4),All Beauty,stb4,specialized care co inc,specialized care co inc,859938000121,en,False,False,True,True,9/24/2021 0:00,"my kwikset 99380-001 halo wi-fi smart lock keyless entry electronic keypad deadbolt melted and burned the tips of two of my fingers on sept 23, 2021.
on the late evening of sept 22, 2021 i was in the laundry room that has a door to the garage and i thought i smelled a faint smell of something odd, like a sort of burnt toast.   i checked all around and could not find the smell and it went away.   the following day the kwikset door lock in this room alerted us that its battery was dead and needed replacing.   later on sept 23, 2021 i removed the battery pack from the lock housing and replaced all three 1.5 volt aa batteries, then reinstalled the battery pack .  i then went to verify the locks operation and the lock would illuminate but would not lock or unlock.  then i started to smell a strong smell of something burning and i could see smoke emanating from the just installed battery pack.   i tried to remove the battery pack from the lock housing by lifting up on the plastic removal tab, as i had done previously, it is at this point i burnt my finger tips on the molten plastic.   i then went to the garage and got a dental pick to pull the battery pack out.  once the battery pack was removed the battery pack stopped melting and smoking.   
my fingers were sore but ok, no lasting damage.   
i then notified kwikset about what just happened and uploaded pictures to them using their online tool.  
i asked kwikset if there were any recalls on this product and they said no and there were no know issues. they issued me a case number and said they wanted the complete assembly returned to them for analysis using the prepaid label they provided.
they told me they were sending me a identical replacement as soon as they reviewed the pictures.
i am concerned for several reasons:
- my fingers got burned.
- i do not know what would have happened if i was not home and this happened as the door to the garage is a light wood door.  i do not know if the plastic in the battery pack and cover would ignite or just melt.
- i do not know if the plastic just melted could it have melted and jammed the locking mechanism making it impossible to exit or enter via this door.
- at the time i purchased the kwikset lock that failed i purchased an identical lock, only difference is the color, and installed it in another door.",44354.0,,,,,,,,,,,,,,,,,,,,,,,
1.0,,Not what I expected but works. Feels cheap,b07f8svr4j,2020-01-31,expected work feel cheap,expected work feel cheap,"T.Smile 3rd Generation Dental Flosser 1 Handle + 50 Soft Silky Ribbon Floss Heads + 50 Extra Strength Floss Heads, Evolutionary Clean, Pack of 1",All Beauty,none,"liangbu science and technology co.,ltd.",t.smile,713440925009713440925078,en,False,False,True,True,3/18/2015 0:00,mold build up in washer tub area and front door rubber seal. ongoing since purchasing item.,39605.0,,,,,,,,,,,,,,,,,,,,,,,
1.0,One Star,Terrible product. Doesn't fit into my child's mouth. Very difficult to use with a wiggly toddler.,b007mrorwq,2016-02-14,terrible product doesnt fit child mouth difficult use wiggly toddler,terrible product doesnt fit child mouth difficult use wiggly toddler,Surround® Toothbrush (Pack of 4),All Beauty,stb4,specialized care co inc,specialized care co inc,859938000121,en,False,False,True,True,9/24/2021 0:00,"my kwikset 99380-001 halo wi-fi smart lock keyless entry electronic keypad deadbolt melted and burned the tips of two of my fingers on sept 23, 2021.
on the late evening of sept 22, 2021 i was in the laundry room that has a door to the garage and i thought i smelled a faint smell of something odd, like a sort of burnt toast.   i checked all around and could not find the smell and it went away.   the following day the kwikset door lock in this room alerted us that its battery was dead and needed replacing.   later on sept 23, 2021 i removed the battery pack from the lock housing and replaced all three 1.5 volt aa batteries, then reinstalled the battery pack .  i then went to verify the locks operation and the lock would illuminate but would not lock or unlock.  then i started to smell a strong smell of something burning and i could see smoke emanating from the just installed battery pack.   i tried to remove the battery pack from the lock housing by lifting up on the plastic removal tab, as i had done previously, it is at this point i burnt my finger tips on the molten plastic.   i then went to the garage and got a dental pick to pull the battery pack out.  once the battery pack was removed the battery pack stopped melting and smoking.   
my fingers were sore but ok, no lasting damage.   
i then notified kwikset about what just happened and uploaded pictures to them using their online tool.  
i asked kwikset if there were any recalls on this product and they said no and there were no know issues. they issued me a case number and said they wanted the complete assembly returned to them for analysis using the prepaid label they provided.
they told me they were sending me a identical replacement as soon as they reviewed the pictures.
i am concerned for several reasons:
- my fingers got burned.
- i do not know what would have happened if i was not home and this happened as the door to the garage is a light wood door.  i do not know if the plastic in the battery pack and cover would ignite or just melt.
- i do not know if the plastic just melted could it have melted and jammed the locking mechanism making it impossible to exit or enter via this door.
- at the time i purchased the kwikset lock that failed i purchased an identical lock, only difference is the color, and installed it in another door.",44354.0,,,,,,,,,,,,,,,,,,,,,,,
4.0,... this is too soft but overall this is a good toothbrush for kids with special needs,not the one i expected because this is too soft but overall this is a good toothbrush for kids with special needs!,b007mrorwq,2014-07-08,one expected soft overall good toothbrush kid special need,one expected soft overall good toothbrush kid special need,Surround® Toothbrush (Pack of 4),All Beauty,stb4,specialized care co inc,specialized care co inc,859938000121,en,False,False,True,True,9/24/2021 0:00,"my kwikset 99380-001 halo wi-fi smart lock keyless entry electronic keypad deadbolt melted and burned the tips of two of my fingers on sept 23, 2021.
on the late evening of sept 22, 2021 i was in the laundry room that has a door to the garage and i thought i smelled a faint smell of something odd, like a sort of burnt toast.   i checked all around and could not find the smell and it went away.   the following day the kwikset door lock in this room alerted us that its battery was dead and needed replacing.   later on sept 23, 2021 i removed the battery pack from the lock housing and replaced all three 1.5 volt aa batteries, then reinstalled the battery pack .  i then went to verify the locks operation and the lock would illuminate but would not lock or unlock.  then i started to smell a strong smell of something burning and i could see smoke emanating from the just installed battery pack.   i tried to remove the battery pack from the lock housing by lifting up on the plastic removal tab, as i had done previously, it is at this point i burnt my finger tips on the molten plastic.   i then went to the garage and got a dental pick to pull the battery pack out.  once the battery pack was removed the battery pack stopped melting and smoking.   
my fingers were sore but ok, no lasting damage.   
i then notified kwikset about what just happened and uploaded pictures to them using their online tool.  
i asked kwikset if there were any recalls on this product and they said no and there were no know issues. they issued me a case number and said they wanted the complete assembly returned to them for analysis using the prepaid label they provided.
they told me they were sending me a identical replacement as soon as they reviewed the pictures.
i am concerned for several reasons:
- my fingers got burned.
- i do not know what would have happened if i was not home and this happened as the door to the garage is a light wood door.  i do not know if the plastic in the battery pack and cover would ignite or just melt.
- i do not know if the plastic just melted could it have melted and jammed the locking mechanism making it impossible to exit or enter via this door.
- at the time i purchased the kwikset lock that failed i purchased an identical lock, only difference is the color, and installed it in another door.",44354.0,,,,,,,,,,,,,,,,,,,,,,,
5.0,These are one whole piece. Other brands the top come off and can be dangerous for kids,I bought these for my daughter with special needs and does not enjoy brushing her teeth. I can brush her teeth now knowing I’m getting good coverage quickly.,b007mrorwq,2021-02-20,bought daughter special need enjoy brushing teeth brush knowing im getting good coverage quickly,bought daughter special need enjoy brushing teeth brush knowing im getting good coverage quickly,Surround® Toothbrush (Pack of 4),All Beauty,stb4,specialized care co inc,specialized care co inc,859938000121,en,False,False,True,True,9/24/2021 0:00,"my kwikset 99380-001 halo wi-fi smart lock keyless entry electronic keypad deadbolt melted and burned the tips of two of my fingers on sept 23, 2021.
on the late evening of sept 22, 2021 i was in the laundry room that has a door to the garage and i thought i smelled a faint smell of something odd, like a sort of burnt toast.   i checked all around and could not find the smell and it went away.   the following day the kwikset door lock in this room alerted us that its battery was dead and needed replacing.   later on sept 23, 2021 i removed the battery pack from the lock housing and replaced all three 1.5 volt aa batteries, then reinstalled the battery pack .  i then went to verify the locks operation and the lock would illuminate but would not lock or unlock.  then i started to smell a strong smell of something burning and i could see smoke emanating from the just installed battery pack.   i tried to remove the battery pack from the lock housing by lifting up on the plastic removal tab, as i had done previously, it is at this point i burnt my finger tips on the molten plastic.   i then went to the garage and got a dental pick to pull the battery pack out.  once the battery pack was removed the battery pack stopped melting and smoking.   
my fingers were sore but ok, no lasting damage.   
i then notified kwikset about what just happened and uploaded pictures to them using their online tool.  
i asked kwikset if there were any recalls on this product and they said no and there were no know issues. they issued me a case number and said they wanted the complete assembly returned to them for analysis using the prepaid label they provided.
they told me they were sending me a identical replacement as soon as they reviewed the pictures.
i am concerned for several reasons:
- my fingers got burned.
- i do not know what would have happened if i was not home and this happened as the door to the garage is a light wood door.  i do not know if the plastic in the battery pack and cover would ignite or just melt.
- i do not know if the plastic just melted could it have melted and jammed the locking mechanism making it impossible to exit or enter via this door.
- at the time i purchased the kwikset lock that failed i purchased an identical lock, only difference is the color, and installed it in another door.",44354.0,,,,,,,,,,,,,,,,,,,,,,,
5.0,Five Stars,Made brushing much easier for my autistic 11 year old.,b007mrorwq,2016-04-13,made brushing much easier autistic year old,made brushing much easier autistic year old,Surround® Toothbrush (Pack of 4),All Beauty,stb4,specialized care co inc,specialized care co inc,859938000121,en,False,False,True,True,9/24/2021 0:00,"my kwikset 99380-001 halo wi-fi smart lock keyless entry electronic keypad deadbolt melted and burned the tips of two of my fingers on sept 23, 2021.
on the late evening of sept 22, 2021 i was in the laundry room that has a door to the garage and i thought i smelled a faint smell of something odd, like a sort of burnt toast.   i checked all around and could not find the smell and it went away.   the following day the kwikset door lock in this room alerted us that its battery was dead and needed replacing.   later on sept 23, 2021 i removed the battery pack from the lock housing and replaced all three 1.5 volt aa batteries, then reinstalled the battery pack .  i then went to verify the locks operation and the lock would illuminate but would not lock or unlock.  then i started to smell a strong smell of something burning and i could see smoke emanating from the just installed battery pack.   i tried to remove the battery pack from the lock housing by lifting up on the plastic removal tab, as i had done previously, it is at this point i burnt my finger tips on the molten plastic.   i then went to the garage and got a dental pick to pull the battery pack out.  once the battery pack was removed the battery pack stopped melting and smoking.   
my fingers were sore but ok, no lasting damage.   
i then notified kwikset about what just happened and uploaded pictures to them using their online tool.  
i asked kwikset if there were any recalls on this product and they said no and there were no know issues. they issued me a case number and said they wanted the complete assembly returned to them for analysis using the prepaid label they provided.
they told me they were sending me a identical replacement as soon as they reviewed the pictures.
i am concerned for several reasons:
- my fingers got burned.
- i do not know what would have happened if i was not home and this happened as the door to the garage is a light wood door.  i do not know if the plastic in the battery pack and cover would ignite or just melt.
- i do not know if the plastic just melted could it have melted and jammed the locking mechanism making it impossible to exit or enter via this door.
- at the time i purchased the kwikset lock that failed i purchased an identical lock, only difference is the color, and installed it in another door.",44354.0,,,,,,,,,,,,,,,,,,,,,,,
4.0,Pleased.,Very good. It was what I expected.,b07f8svr4j,2019-06-27,good expected,good expected,"T.Smile 3rd Generation Dental Flosser 1 Handle + 50 Soft Silky Ribbon Floss Heads + 50 Extra Strength Floss Heads, Evolutionary Clean, Pack of 1",All Beauty,none,"liangbu science and technology co.,ltd.",t.smile,713440925009713440925078,en,False,False,True,True,3/18/2015 0:00,mold build up in washer tub area and front door rubber seal. ongoing since purchasing item.,39605.0,,,,,,,,,,,,,,,,,,,,,,,
5.0,Better than listerine’s flosser,Best flosser I’ve purchased. I’ll be buying these again. The floss heads durable & the handle lets you reach the back teeth with ease,b07f8svr4j,2018-12-13,best flosser ive purchased ill buying floss head durable handle let reach back teeth ease,best flosser ive purchased ill buying floss head durable handle let reach back teeth ease,"T.Smile 3rd Generation Dental Flosser 1 Handle + 50 Soft Silky Ribbon Floss Heads + 50 Extra Strength Floss Heads, Evolutionary Clean, Pack of 1",All Beauty,none,"liangbu science and technology co.,ltd.",t.smile,713440925009713440925078,en,False,False,True,True,3/18/2015 0:00,mold build up in washer tub area and front door rubber seal. ongoing since purchasing item.,39605.0,,,,,,,,,,,,,,,,,,,,,,,
5.0,Covers all the areas at once,These are the most wonderful brushes. It makes brushing teeth of squirmy children so quick and easy. And I enjoy them also.,b007mrorwq,2016-03-11,wonderful brush make brushing teeth squirmy child quick easy enjoy also,wonderful brush make brushing teeth squirmy child quick easy enjoy also,Surround® Toothbrush (Pack of 4),All Beauty,stb4,specialized care co inc,specialized care co inc,859938000121,en,False,False,True,True,9/24/2021 0:00,"my kwikset 99380-001 halo wi-fi smart lock keyless entry electronic keypad deadbolt melted and burned the tips of two of my fingers on sept 23, 2021.
on the late evening of sept 22, 2021 i was in the laundry room that has a door to the garage and i thought i smelled a faint smell of something odd, like a sort of burnt toast.   i checked all around and could not find the smell and it went away.   the following day the kwikset door lock in this room alerted us that its battery was dead and needed replacing.   later on sept 23, 2021 i removed the battery pack from the lock housing and replaced all three 1.5 volt aa batteries, then reinstalled the battery pack .  i then went to verify the locks operation and the lock would illuminate but would not lock or unlock.  then i started to smell a strong smell of something burning and i could see smoke emanating from the just installed battery pack.   i tried to remove the battery pack from the lock housing by lifting up on the plastic removal tab, as i had done previously, it is at this point i burnt my finger tips on the molten plastic.   i then went to the garage and got a dental pick to pull the battery pack out.  once the battery pack was removed the battery pack stopped melting and smoking.   
my fingers were sore but ok, no lasting damage.   
i then notified kwikset about what just happened and uploaded pictures to them using their online tool.  
i asked kwikset if there were any recalls on this product and they said no and there were no know issues. they issued me a case number and said they wanted the complete assembly returned to them for analysis using the prepaid label they provided.
they told me they were sending me a identical replacement as soon as they reviewed the pictures.
i am concerned for several reasons:
- my fingers got burned.
- i do not know what would have happened if i was not home and this happened as the door to the garage is a light wood door.  i do not know if the plastic in the battery pack and cover would ignite or just melt.
- i do not know if the plastic just melted could it have melted and jammed the locking mechanism making it impossible to exit or enter via this door.
- at the time i purchased the kwikset lock that failed i purchased an identical lock, only difference is the color, and installed it in another door.",44354.0,,,,,,,,,,,,,,,,,,,,,,,
5.0,WOW!,"I wasn't sure about these but thought, what the heck.  I am amazed at how much cleaner they get my son's teeth.  Even his dentist was impressed! =)",b007mrorwq,2013-09-06,wasnt sure thought heck amazed much cleaner get son teeth even dentist impressed,wasnt sure thought heck amazed much cleaner get son teeth even dentist impressed,Surround® Toothbrush (Pack of 4),All Beauty,stb4,specialized care co inc,specialized care co inc,859938000121,en,False,False,True,True,9/24/2021 0:00,"my kwikset 99380-001 halo wi-fi smart lock keyless entry electronic keypad deadbolt melted and burned the tips of two of my fingers on sept 23, 2021.
on the late evening of sept 22, 2021 i was in the laundry room that has a door to the garage and i thought i smelled a faint smell of something odd, like a sort of burnt toast.   i checked all around and could not find the smell and it went away.   the following day the kwikset door lock in this room alerted us that its battery was dead and needed replacing.   later on sept 23, 2021 i removed the battery pack from the lock housing and replaced all three 1.5 volt aa batteries, then reinstalled the battery pack .  i then went to verify the locks operation and the lock would illuminate but would not lock or unlock.  then i started to smell a strong smell of something burning and i could see smoke emanating from the just installed battery pack.   i tried to remove the battery pack from the lock housing by lifting up on the plastic removal tab, as i had done previously, it is at this point i burnt my finger tips on the molten plastic.   i then went to the garage and got a dental pick to pull the battery pack out.  once the battery pack was removed the battery pack stopped melting and smoking.   
my fingers were sore but ok, no lasting damage.   
i then notified kwikset about what just happened and uploaded pictures to them using their online tool.  
i asked kwikset if there were any recalls on this product and they said no and there were no know issues. they issued me a case number and said they wanted the complete assembly returned to them for analysis using the prepaid label they provided.
they told me they were sending me a identical replacement as soon as they reviewed the pictures.
i am concerned for several reasons:
- my fingers got burned.
- i do not know what would have happened if i was not home and this happened as the door to the garage is a light wood door.  i do not know if the plastic in the battery pack and cover would ignite or just melt.
- i do not know if the plastic just melted could it have melted and jammed the locking mechanism making it impossible to exit or enter via this door.
- at the time i purchased the kwikset lock that failed i purchased an identical lock, only difference is the color, and installed it in another door.",44354.0,,,,,,,,,,,,,,,,,,,,,,,
4.0,Works great. Helped with dental check ups for my special ...,Works great. Helped with dental check ups for my special needs son. Not so much plac build up on his teeth. Toothbrush last about a month and half before needed new one,b007mrorwq,2018-05-08,work great helped dental check ups special need son much plac build teeth toothbrush last month half needed new one,work great helped dental check ups special need son much plac build teeth toothbrush last month half needed new one,Surround® Toothbrush (Pack of 4),All Beauty,stb4,specialized care co inc,specialized care co inc,859938000121,en,False,False,True,True,9/24/2021 0:00,"my kwikset 99380-001 halo wi-fi smart lock keyless entry electronic keypad deadbolt melted and burned the tips of two of my fingers on sept 23, 2021.
on the late evening of sept 22, 2021 i was in the laundry room that has a door to the garage and i thought i smelled a faint smell of something odd, like a sort of burnt toast.   i checked all around and could not find the smell and it went away.   the following day the kwikset door lock in this room alerted us that its battery was dead and needed replacing.   later on sept 23, 2021 i removed the battery pack from the lock housing and replaced all three 1.5 volt aa batteries, then reinstalled the battery pack .  i then went to verify the locks operation and the lock would illuminate but would not lock or unlock.  then i started to smell a strong smell of something burning and i could see smoke emanating from the just installed battery pack.   i tried to remove the battery pack from the lock housing by lifting up on the plastic removal tab, as i had done previously, it is at this point i burnt my finger tips on the molten plastic.   i then went to the garage and got a dental pick to pull the battery pack out.  once the battery pack was removed the battery pack stopped melting and smoking.   
my fingers were sore but ok, no lasting damage.   
i then notified kwikset about what just happened and uploaded pictures to them using their online tool.  
i asked kwikset if there were any recalls on this product and they said no and there were no know issues. they issued me a case number and said they wanted the complete assembly returned to them for analysis using the prepaid label they provided.
they told me they were sending me a identical replacement as soon as they reviewed the pictures.
i am concerned for several reasons:
- my fingers got burned.
- i do not know what would have happened if i was not home and this happened as the door to the garage is a light wood door.  i do not know if the plastic in the battery pack and cover would ignite or just melt.
- i do not know if the plastic just melted could it have melted and jammed the locking mechanism making it impossible to exit or enter via this door.
- at the time i purchased the kwikset lock that failed i purchased an identical lock, only difference is the color, and installed it in another door.",44354.0,,,,,,,,,,,,,,,,,,,,,,,
1.0,Something so simple!?!!,Thought this was good until I started using it. Floss breaks then it is a chore to replace. Now it is stuck in the handle! Very disappointed.,b07f8svr4j,2020-12-04,thought good started using floss break chore replace stuck handle disappointed,thought good started using floss break chore replace stuck handle disappointed,"T.Smile 3rd Generation Dental Flosser 1 Handle + 50 Soft Silky Ribbon Floss Heads + 50 Extra Strength Floss Heads, Evolutionary Clean, Pack of 1",All Beauty,none,"liangbu science and technology co.,ltd.",t.smile,713440925009713440925078,en,False,False,True,True,3/18/2015 0:00,mold build up in washer tub area and front door rubber seal. ongoing since purchasing item.,39605.0,,,,,,,,,,,,,,,,,,,,,,,
5.0,Five Stars,I bought a pack for my autistic son. We all are using them now.,b007mrorwq,2015-11-29,bought pack autistic son using,bought pack autistic son using,Surround® Toothbrush (Pack of 4),All Beauty,stb4,specialized care co inc,specialized care co inc,859938000121,en,False,False,True,True,9/24/2021 0:00,"my kwikset 99380-001 halo wi-fi smart lock keyless entry electronic keypad deadbolt melted and burned the tips of two of my fingers on sept 23, 2021.
on the late evening of sept 22, 2021 i was in the laundry room that has a door to the garage and i thought i smelled a faint smell of something odd, like a sort of burnt toast.   i checked all around and could not find the smell and it went away.   the following day the kwikset door lock in this room alerted us that its battery was dead and needed replacing.   later on sept 23, 2021 i removed the battery pack from the lock housing and replaced all three 1.5 volt aa batteries, then reinstalled the battery pack .  i then went to verify the locks operation and the lock would illuminate but would not lock or unlock.  then i started to smell a strong smell of something burning and i could see smoke emanating from the just installed battery pack.   i tried to remove the battery pack from the lock housing by lifting up on the plastic removal tab, as i had done previously, it is at this point i burnt my finger tips on the molten plastic.   i then went to the garage and got a dental pick to pull the battery pack out.  once the battery pack was removed the battery pack stopped melting and smoking.   
my fingers were sore but ok, no lasting damage.   
i then notified kwikset about what just happened and uploaded pictures to them using their online tool.  
i asked kwikset if there were any recalls on this product and they said no and there were no know issues. they issued me a case number and said they wanted the complete assembly returned to them for analysis using the prepaid label they provided.
they told me they were sending me a identical replacement as soon as they reviewed the pictures.
i am concerned for several reasons:
- my fingers got burned.
- i do not know what would have happened if i was not home and this happened as the door to the garage is a light wood door.  i do not know if the plastic in the battery pack and cover would ignite or just melt.
- i do not know if the plastic just melted could it have melted and jammed the locking mechanism making it impossible to exit or enter via this door.
- at the time i purchased the kwikset lock that failed i purchased an identical lock, only difference is the color, and installed it in another door.",44354.0,,,,,,,,,,,,,,,,,,,,,,,
5.0,great price and very fictional,"I  have a 12 year old special needs child, brushing her teeth was difficult using the traditional tooth brush. i saw these here and thought id give it a shot. great price and very fictional. So much easier on her and myself. thank you guys!!!!",b007mrorwq,2015-11-17,year old special need child brushing teeth difficult using traditional tooth brush saw thought id give shot great price fictional much easier thank guy,year old special need child brushing teeth difficult using traditional tooth brush saw thought id give shot great price fictional much easier thank guy,Surround® Toothbrush (Pack of 4),All Beauty,stb4,specialized care co inc,specialized care co inc,859938000121,en,False,False,True,True,9/24/2021 0:00,"my kwikset 99380-001 halo wi-fi smart lock keyless entry electronic keypad deadbolt melted and burned the tips of two of my fingers on sept 23, 2021.
on the late evening of sept 22, 2021 i was in the laundry room that has a door to the garage and i thought i smelled a faint smell of something odd, like a sort of burnt toast.   i checked all around and could not find the smell and it went away.   the following day the kwikset door lock in this room alerted us that its battery was dead and needed replacing.   later on sept 23, 2021 i removed the battery pack from the lock housing and replaced all three 1.5 volt aa batteries, then reinstalled the battery pack .  i then went to verify the locks operation and the lock would illuminate but would not lock or unlock.  then i started to smell a strong smell of something burning and i could see smoke emanating from the just installed battery pack.   i tried to remove the battery pack from the lock housing by lifting up on the plastic removal tab, as i had done previously, it is at this point i burnt my finger tips on the molten plastic.   i then went to the garage and got a dental pick to pull the battery pack out.  once the battery pack was removed the battery pack stopped melting and smoking.   
my fingers were sore but ok, no lasting damage.   
i then notified kwikset about what just happened and uploaded pictures to them using their online tool.  
i asked kwikset if there were any recalls on this product and they said no and there were no know issues. they issued me a case number and said they wanted the complete assembly returned to them for analysis using the prepaid label they provided.
they told me they were sending me a identical replacement as soon as they reviewed the pictures.
i am concerned for several reasons:
- my fingers got burned.
- i do not know what would have happened if i was not home and this happened as the door to the garage is a light wood door.  i do not know if the plastic in the battery pack and cover would ignite or just melt.
- i do not know if the plastic just melted could it have melted and jammed the locking mechanism making it impossible to exit or enter via this door.
- at the time i purchased the kwikset lock that failed i purchased an identical lock, only difference is the color, and installed it in another door.",44354.0,,,,,,,,,,,,,,,,,,,,,,,
5.0,best toothbrush ever,My Son who lives with Autism and is highly sensitive to various tactile stimulations. dragging a brush across his teeth can be incredibly uncomfortable for him.  this brush helps him get the just done efficiently. this is the best tooth brush design ever!,b007mrorwq,2014-05-18,son life autism highly sensitive various tactile stimulation dragging brush across teeth incredibly uncomfortable help get done efficiently best tooth design ever,son life autism highly sensitive various tactile stimulation dragging brush across teeth incredibly uncomfortable help get done efficiently best tooth design ever,Surround® Toothbrush (Pack of 4),All Beauty,stb4,specialized care co inc,specialized care co inc,859938000121,en,False,False,True,True,9/24/2021 0:00,"my kwikset 99380-001 halo wi-fi smart lock keyless entry electronic keypad deadbolt melted and burned the tips of two of my fingers on sept 23, 2021.
on the late evening of sept 22, 2021 i was in the laundry room that has a door to the garage and i thought i smelled a faint smell of something odd, like a sort of burnt toast.   i checked all around and could not find the smell and it went away.   the following day the kwikset door lock in this room alerted us that its battery was dead and needed replacing.   later on sept 23, 2021 i removed the battery pack from the lock housing and replaced all three 1.5 volt aa batteries, then reinstalled the battery pack .  i then went to verify the locks operation and the lock would illuminate but would not lock or unlock.  then i started to smell a strong smell of something burning and i could see smoke emanating from the just installed battery pack.   i tried to remove the battery pack from the lock housing by lifting up on the plastic removal tab, as i had done previously, it is at this point i burnt my finger tips on the molten plastic.   i then went to the garage and got a dental pick to pull the battery pack out.  once the battery pack was removed the battery pack stopped melting and smoking.   
my fingers were sore but ok, no lasting damage.   
i then notified kwikset about what just happened and uploaded pictures to them using their online tool.  
i asked kwikset if there were any recalls on this product and they said no and there were no know issues. they issued me a case number and said they wanted the complete assembly returned to them for analysis using the prepaid label they provided.
they told me they were sending me a identical replacement as soon as they reviewed the pictures.
i am concerned for several reasons:
- my fingers got burned.
- i do not know what would have happened if i was not home and this happened as the door to the garage is a light wood door.  i do not know if the plastic in the battery pack and cover would ignite or just melt.
- i do not know if the plastic just melted could it have melted and jammed the locking mechanism making it impossible to exit or enter via this door.
- at the time i purchased the kwikset lock that failed i purchased an identical lock, only difference is the color, and installed it in another door.",44354.0,,,,,,,,,,,,,,,,,,,,,,,
4.0,Four Stars,Works better then the regular toothbrush and takes less time,b007mrorwq,2015-03-22,work better regular toothbrush take less time,work better regular toothbrush take less time,Surround® Toothbrush (Pack of 4),All Beauty,stb4,specialized care co inc,specialized care co inc,859938000121,en,False,False,True,True,9/24/2021 0:00,"my kwikset 99380-001 halo wi-fi smart lock keyless entry electronic keypad deadbolt melted and burned the tips of two of my fingers on sept 23, 2021.
on the late evening of sept 22, 2021 i was in the laundry room that has a door to the garage and i thought i smelled a faint smell of something odd, like a sort of burnt toast.   i checked all around and could not find the smell and it went away.   the following day the kwikset door lock in this room alerted us that its battery was dead and needed replacing.   later on sept 23, 2021 i removed the battery pack from the lock housing and replaced all three 1.5 volt aa batteries, then reinstalled the battery pack .  i then went to verify the locks operation and the lock would illuminate but would not lock or unlock.  then i started to smell a strong smell of something burning and i could see smoke emanating from the just installed battery pack.   i tried to remove the battery pack from the lock housing by lifting up on the plastic removal tab, as i had done previously, it is at this point i burnt my finger tips on the molten plastic.   i then went to the garage and got a dental pick to pull the battery pack out.  once the battery pack was removed the battery pack stopped melting and smoking.   
my fingers were sore but ok, no lasting damage.   
i then notified kwikset about what just happened and uploaded pictures to them using their online tool.  
i asked kwikset if there were any recalls on this product and they said no and there were no know issues. they issued me a case number and said they wanted the complete assembly returned to them for analysis using the prepaid label they provided.
they told me they were sending me a identical replacement as soon as they reviewed the pictures.
i am concerned for several reasons:
- my fingers got burned.
- i do not know what would have happened if i was not home and this happened as the door to the garage is a light wood door.  i do not know if the plastic in the battery pack and cover would ignite or just melt.
- i do not know if the plastic just melted could it have melted and jammed the locking mechanism making it impossible to exit or enter via this door.
- at the time i purchased the kwikset lock that failed i purchased an identical lock, only difference is the color, and installed it in another door.",44354.0,,,,,,,,,,,,,,,,,,,,,,,
5.0,Dove rocks!,Great product and protection,b01mruque2,2021-03-07,great product protection,great product protection,Dove Men+Care Antiperspirant for Men Minerals and Sage with 48-Hour Sweat and Body Odor Protection 2.7 oz (Packaging may vary),All Beauty,b01mruque2,unilever,dove men + care,079400597328,en,False,False,True,True,11/22/2020 0:00,stick deordeant manufacturing defect. sharp edges with plastic pieces protruding cut my arm pit durning application,44112.0,,,,,,,,,,,,,,,,,,,,,,,
1.0,Not as shown,"I was sent the non-clear stick deodorant, item was returned.",b01mruque2,2020-11-14,sent nonclear stick deodorant item returned,sent nonclear stick deodorant item returned,Dove Men+Care Antiperspirant for Men Minerals and Sage with 48-Hour Sweat and Body Odor Protection 2.7 oz (Packaging may vary),All Beauty,b01mruque2,unilever,dove men + care,079400597328,en,False,False,True,True,11/22/2020 0:00,stick deordeant manufacturing defect. sharp edges with plastic pieces protruding cut my arm pit durning application,44112.0,,,,,,,,,,,,,,,,,,,,,,,
5.0,Great Product!,"My son has sensory integration disorder that makes tooth brushing difficult for him.  He constantly gags and bites on his toothbrush.  His pediatric dentist recommended this toothbrush, and it really works!  It makes brushing his teeth much easier.  Because the bristles wrap around his tooth, we are able to get all surfaces of his teeth clean.  I definitely recommend this toothbrush!  It has made a huge difference for my son!",b007mrorwq,2012-11-07,son sensory integration disorder make tooth brushing difficult constantly gag bite toothbrush pediatric dentist recommended really work teeth much easier bristle wrap around able get surface clean definitely recommend made huge difference,son sensory integration disorder make tooth brushing difficult constantly gag bite toothbrush pediatric dentist recommended really work teeth much easier bristle wrap around able get surface clean definitely recommend made huge difference,Surround® Toothbrush (Pack of 4),All Beauty,stb4,specialized care co inc,specialized care co inc,859938000121,en,False,False,True,True,9/24/2021 0:00,"my kwikset 99380-001 halo wi-fi smart lock keyless entry electronic keypad deadbolt melted and burned the tips of two of my fingers on sept 23, 2021.
on the late evening of sept 22, 2021 i was in the laundry room that has a door to the garage and i thought i smelled a faint smell of something odd, like a sort of burnt toast.   i checked all around and could not find the smell and it went away.   the following day the kwikset door lock in this room alerted us that its battery was dead and needed replacing.   later on sept 23, 2021 i removed the battery pack from the lock housing and replaced all three 1.5 volt aa batteries, then reinstalled the battery pack .  i then went to verify the locks operation and the lock would illuminate but would not lock or unlock.  then i started to smell a strong smell of something burning and i could see smoke emanating from the just installed battery pack.   i tried to remove the battery pack from the lock housing by lifting up on the plastic removal tab, as i had done previously, it is at this point i burnt my finger tips on the molten plastic.   i then went to the garage and got a dental pick to pull the battery pack out.  once the battery pack was removed the battery pack stopped melting and smoking.   
my fingers were sore but ok, no lasting damage.   
i then notified kwikset about what just happened and uploaded pictures to them using their online tool.  
i asked kwikset if there were any recalls on this product and they said no and there were no know issues. they issued me a case number and said they wanted the complete assembly returned to them for analysis using the prepaid label they provided.
they told me they were sending me a identical replacement as soon as they reviewed the pictures.
i am concerned for several reasons:
- my fingers got burned.
- i do not know what would have happened if i was not home and this happened as the door to the garage is a light wood door.  i do not know if the plastic in the battery pack and cover would ignite or just melt.
- i do not know if the plastic just melted could it have melted and jammed the locking mechanism making it impossible to exit or enter via this door.
- at the time i purchased the kwikset lock that failed i purchased an identical lock, only difference is the color, and installed it in another door.",44354.0,,,,,,,,,,,,,,,,,,,,,,,
5.0,Amazing toothbrushes!!,These are incredible. Bought them for my toddler but I use one for myself too!! Amazing. I'll never go back.,b007mrorwq,2015-02-17,incredible bought toddler use one amazing ill never go back,incredible bought toddler use one amazing ill never go back,Surround® Toothbrush (Pack of 4),All Beauty,stb4,specialized care co inc,specialized care co inc,859938000121,en,False,False,True,True,9/24/2021 0:00,"my kwikset 99380-001 halo wi-fi smart lock keyless entry electronic keypad deadbolt melted and burned the tips of two of my fingers on sept 23, 2021.
on the late evening of sept 22, 2021 i was in the laundry room that has a door to the garage and i thought i smelled a faint smell of something odd, like a sort of burnt toast.   i checked all around and could not find the smell and it went away.   the following day the kwikset door lock in this room alerted us that its battery was dead and needed replacing.   later on sept 23, 2021 i removed the battery pack from the lock housing and replaced all three 1.5 volt aa batteries, then reinstalled the battery pack .  i then went to verify the locks operation and the lock would illuminate but would not lock or unlock.  then i started to smell a strong smell of something burning and i could see smoke emanating from the just installed battery pack.   i tried to remove the battery pack from the lock housing by lifting up on the plastic removal tab, as i had done previously, it is at this point i burnt my finger tips on the molten plastic.   i then went to the garage and got a dental pick to pull the battery pack out.  once the battery pack was removed the battery pack stopped melting and smoking.   
my fingers were sore but ok, no lasting damage.   
i then notified kwikset about what just happened and uploaded pictures to them using their online tool.  
i asked kwikset if there were any recalls on this product and they said no and there were no know issues. they issued me a case number and said they wanted the complete assembly returned to them for analysis using the prepaid label they provided.
they told me they were sending me a identical replacement as soon as they reviewed the pictures.
i am concerned for several reasons:
- my fingers got burned.
- i do not know what would have happened if i was not home and this happened as the door to the garage is a light wood door.  i do not know if the plastic in the battery pack and cover would ignite or just melt.
- i do not know if the plastic just melted could it have melted and jammed the locking mechanism making it impossible to exit or enter via this door.
- at the time i purchased the kwikset lock that failed i purchased an identical lock, only difference is the color, and installed it in another door.",44354.0,,,,,,,,,,,,,,,,,,,,,,,
1.0,!!!!BUYER BEWARE!!!!,!!!!BUYER BEWARE!!!! The order I received was the solid white antiperspirant with the gray top and not the solid blue deodorant with the clear top as pictured. So if you're looking for the deodorant you might want to buy from somewhere else.,b01mruque2,2021-01-29,buyer beware order received solid white antiperspirant gray top blue deodorant clear pictured youre looking might want buy somewhere else,buyer beware order received solid white antiperspirant gray top blue deodorant clear pictured youre looking might want buy somewhere else,Dove Men+Care Antiperspirant for Men Minerals and Sage with 48-Hour Sweat and Body Odor Protection 2.7 oz (Packaging may vary),All Beauty,b01mruque2,unilever,dove men + care,079400597328,en,False,False,True,True,11/22/2020 0:00,stick deordeant manufacturing defect. sharp edges with plastic pieces protruding cut my arm pit durning application,44112.0,,,,,,,,,,,,,,,,,,,,,,,
5.0,My children enjoy them.,Product was as described. My children enjoy them.,b007mrorwq,2014-08-03,product described child enjoy,product described child enjoy,Surround® Toothbrush (Pack of 4),All Beauty,stb4,specialized care co inc,specialized care co inc,859938000121,en,False,False,True,True,9/24/2021 0:00,"my kwikset 99380-001 halo wi-fi smart lock keyless entry electronic keypad deadbolt melted and burned the tips of two of my fingers on sept 23, 2021.
on the late evening of sept 22, 2021 i was in the laundry room that has a door to the garage and i thought i smelled a faint smell of something odd, like a sort of burnt toast.   i checked all around and could not find the smell and it went away.   the following day the kwikset door lock in this room alerted us that its battery was dead and needed replacing.   later on sept 23, 2021 i removed the battery pack from the lock housing and replaced all three 1.5 volt aa batteries, then reinstalled the battery pack .  i then went to verify the locks operation and the lock would illuminate but would not lock or unlock.  then i started to smell a strong smell of something burning and i could see smoke emanating from the just installed battery pack.   i tried to remove the battery pack from the lock housing by lifting up on the plastic removal tab, as i had done previously, it is at this point i burnt my finger tips on the molten plastic.   i then went to the garage and got a dental pick to pull the battery pack out.  once the battery pack was removed the battery pack stopped melting and smoking.   
my fingers were sore but ok, no lasting damage.   
i then notified kwikset about what just happened and uploaded pictures to them using their online tool.  
i asked kwikset if there were any recalls on this product and they said no and there were no know issues. they issued me a case number and said they wanted the complete assembly returned to them for analysis using the prepaid label they provided.
they told me they were sending me a identical replacement as soon as they reviewed the pictures.
i am concerned for several reasons:
- my fingers got burned.
- i do not know what would have happened if i was not home and this happened as the door to the garage is a light wood door.  i do not know if the plastic in the battery pack and cover would ignite or just melt.
- i do not know if the plastic just melted could it have melted and jammed the locking mechanism making it impossible to exit or enter via this door.
- at the time i purchased the kwikset lock that failed i purchased an identical lock, only difference is the color, and installed it in another door.",44354.0,,,,,,,,,,,,,,,,,,,,,,,
5.0,Buying more..,This is my second time buying these.  The bristles are on the hard side and would prefer it softer but for the price.. I love them!,b007mrorwq,2016-01-07,second time buying bristle hard side would prefer softer price love,second time buying bristle hard side would prefer softer price love,Surround® Toothbrush (Pack of 4),All Beauty,stb4,specialized care co inc,specialized care co inc,859938000121,en,False,False,True,True,9/24/2021 0:00,"my kwikset 99380-001 halo wi-fi smart lock keyless entry electronic keypad deadbolt melted and burned the tips of two of my fingers on sept 23, 2021.
on the late evening of sept 22, 2021 i was in the laundry room that has a door to the garage and i thought i smelled a faint smell of something odd, like a sort of burnt toast.   i checked all around and could not find the smell and it went away.   the following day the kwikset door lock in this room alerted us that its battery was dead and needed replacing.   later on sept 23, 2021 i removed the battery pack from the lock housing and replaced all three 1.5 volt aa batteries, then reinstalled the battery pack .  i then went to verify the locks operation and the lock would illuminate but would not lock or unlock.  then i started to smell a strong smell of something burning and i could see smoke emanating from the just installed battery pack.   i tried to remove the battery pack from the lock housing by lifting up on the plastic removal tab, as i had done previously, it is at this point i burnt my finger tips on the molten plastic.   i then went to the garage and got a dental pick to pull the battery pack out.  once the battery pack was removed the battery pack stopped melting and smoking.   
my fingers were sore but ok, no lasting damage.   
i then notified kwikset about what just happened and uploaded pictures to them using their online tool.  
i asked kwikset if there were any recalls on this product and they said no and there were no know issues. they issued me a case number and said they wanted the complete assembly returned to them for analysis using the prepaid label they provided.
they told me they were sending me a identical replacement as soon as they reviewed the pictures.
i am concerned for several reasons:
- my fingers got burned.
- i do not know what would have happened if i was not home and this happened as the door to the garage is a light wood door.  i do not know if the plastic in the battery pack and cover would ignite or just melt.
- i do not know if the plastic just melted could it have melted and jammed the locking mechanism making it impossible to exit or enter via this door.
- at the time i purchased the kwikset lock that failed i purchased an identical lock, only difference is the color, and installed it in another door.",44354.0,,,,,,,,,,,,,,,,,,,,,,,
5.0,Brush em up,Greatest tooth brush for adults even disable. The children ones are great too...never go back to old style toothbrush.,b007mrorwq,2020-12-26,greatest tooth brush adult even disable child one great toonever go back old style toothbrush,greatest tooth brush adult even disable child one great toonever go back old style toothbrush,Surround® Toothbrush (Pack of 4),All Beauty,stb4,specialized care co inc,specialized care co inc,859938000121,en,False,False,True,True,9/24/2021 0:00,"my kwikset 99380-001 halo wi-fi smart lock keyless entry electronic keypad deadbolt melted and burned the tips of two of my fingers on sept 23, 2021.
on the late evening of sept 22, 2021 i was in the laundry room that has a door to the garage and i thought i smelled a faint smell of something odd, like a sort of burnt toast.   i checked all around and could not find the smell and it went away.   the following day the kwikset door lock in this room alerted us that its battery was dead and needed replacing.   later on sept 23, 2021 i removed the battery pack from the lock housing and replaced all three 1.5 volt aa batteries, then reinstalled the battery pack .  i then went to verify the locks operation and the lock would illuminate but would not lock or unlock.  then i started to smell a strong smell of something burning and i could see smoke emanating from the just installed battery pack.   i tried to remove the battery pack from the lock housing by lifting up on the plastic removal tab, as i had done previously, it is at this point i burnt my finger tips on the molten plastic.   i then went to the garage and got a dental pick to pull the battery pack out.  once the battery pack was removed the battery pack stopped melting and smoking.   
my fingers were sore but ok, no lasting damage.   
i then notified kwikset about what just happened and uploaded pictures to them using their online tool.  
i asked kwikset if there were any recalls on this product and they said no and there were no know issues. they issued me a case number and said they wanted the complete assembly returned to them for analysis using the prepaid label they provided.
they told me they were sending me a identical replacement as soon as they reviewed the pictures.
i am concerned for several reasons:
- my fingers got burned.
- i do not know what would have happened if i was not home and this happened as the door to the garage is a light wood door.  i do not know if the plastic in the battery pack and cover would ignite or just melt.
- i do not know if the plastic just melted could it have melted and jammed the locking mechanism making it impossible to exit or enter via this door.
- at the time i purchased the kwikset lock that failed i purchased an identical lock, only difference is the color, and installed it in another door.",44354.0,,,,,,,,,,,,,,,,,,,,,,,
5.0,A great help my disabled son!,"These work great for my disabled son!  He isn't always cooperative and this cuts the brushing time in half! Dentist give us great reviews for dental care, so I know they work!",b007mrorwq,2021-03-21,work great disabled son isnt always cooperative cut brushing time half dentist give u review dental care know,work great disabled son isnt always cooperative cut brushing time half dentist give u review dental care know,Surround® Toothbrush (Pack of 4),All Beauty,stb4,specialized care co inc,specialized care co inc,859938000121,en,False,False,True,True,9/24/2021 0:00,"my kwikset 99380-001 halo wi-fi smart lock keyless entry electronic keypad deadbolt melted and burned the tips of two of my fingers on sept 23, 2021.
on the late evening of sept 22, 2021 i was in the laundry room that has a door to the garage and i thought i smelled a faint smell of something odd, like a sort of burnt toast.   i checked all around and could not find the smell and it went away.   the following day the kwikset door lock in this room alerted us that its battery was dead and needed replacing.   later on sept 23, 2021 i removed the battery pack from the lock housing and replaced all three 1.5 volt aa batteries, then reinstalled the battery pack .  i then went to verify the locks operation and the lock would illuminate but would not lock or unlock.  then i started to smell a strong smell of something burning and i could see smoke emanating from the just installed battery pack.   i tried to remove the battery pack from the lock housing by lifting up on the plastic removal tab, as i had done previously, it is at this point i burnt my finger tips on the molten plastic.   i then went to the garage and got a dental pick to pull the battery pack out.  once the battery pack was removed the battery pack stopped melting and smoking.   
my fingers were sore but ok, no lasting damage.   
i then notified kwikset about what just happened and uploaded pictures to them using their online tool.  
i asked kwikset if there were any recalls on this product and they said no and there were no know issues. they issued me a case number and said they wanted the complete assembly returned to them for analysis using the prepaid label they provided.
they told me they were sending me a identical replacement as soon as they reviewed the pictures.
i am concerned for several reasons:
- my fingers got burned.
- i do not know what would have happened if i was not home and this happened as the door to the garage is a light wood door.  i do not know if the plastic in the battery pack and cover would ignite or just melt.
- i do not know if the plastic just melted could it have melted and jammed the locking mechanism making it impossible to exit or enter via this door.
- at the time i purchased the kwikset lock that failed i purchased an identical lock, only difference is the color, and installed it in another door.",44354.0,,,,,,,,,,,,,,,,,,,,,,,
5.0,great for Autistic daughter,My daughter has a lot of sensory issues and this brush allows us to do a good teeth brushing in minimal time. Dentist is super happy with teeth and no cavities.,b007mrorwq,2015-03-15,daughter lot sensory issue brush allows u good teeth brushing minimal time dentist super happy cavity,daughter lot sensory issue brush allows u good teeth brushing minimal time dentist super happy cavity,Surround® Toothbrush (Pack of 4),All Beauty,stb4,specialized care co inc,specialized care co inc,859938000121,en,False,False,True,True,9/24/2021 0:00,"my kwikset 99380-001 halo wi-fi smart lock keyless entry electronic keypad deadbolt melted and burned the tips of two of my fingers on sept 23, 2021.
on the late evening of sept 22, 2021 i was in the laundry room that has a door to the garage and i thought i smelled a faint smell of something odd, like a sort of burnt toast.   i checked all around and could not find the smell and it went away.   the following day the kwikset door lock in this room alerted us that its battery was dead and needed replacing.   later on sept 23, 2021 i removed the battery pack from the lock housing and replaced all three 1.5 volt aa batteries, then reinstalled the battery pack .  i then went to verify the locks operation and the lock would illuminate but would not lock or unlock.  then i started to smell a strong smell of something burning and i could see smoke emanating from the just installed battery pack.   i tried to remove the battery pack from the lock housing by lifting up on the plastic removal tab, as i had done previously, it is at this point i burnt my finger tips on the molten plastic.   i then went to the garage and got a dental pick to pull the battery pack out.  once the battery pack was removed the battery pack stopped melting and smoking.   
my fingers were sore but ok, no lasting damage.   
i then notified kwikset about what just happened and uploaded pictures to them using their online tool.  
i asked kwikset if there were any recalls on this product and they said no and there were no know issues. they issued me a case number and said they wanted the complete assembly returned to them for analysis using the prepaid label they provided.
they told me they were sending me a identical replacement as soon as they reviewed the pictures.
i am concerned for several reasons:
- my fingers got burned.
- i do not know what would have happened if i was not home and this happened as the door to the garage is a light wood door.  i do not know if the plastic in the battery pack and cover would ignite or just melt.
- i do not know if the plastic just melted could it have melted and jammed the locking mechanism making it impossible to exit or enter via this door.
- at the time i purchased the kwikset lock that failed i purchased an identical lock, only difference is the color, and installed it in another door.",44354.0,,,,,,,,,,,,,,,,,,,,,,,
5.0,Five Stars,Great for my special needs daughter. Will rebuy.,b007mrorwq,2015-12-10,great special need daughter rebuy,great special need daughter rebuy,Surround® Toothbrush (Pack of 4),All Beauty,stb4,specialized care co inc,specialized care co inc,859938000121,en,False,False,True,True,9/24/2021 0:00,"my kwikset 99380-001 halo wi-fi smart lock keyless entry electronic keypad deadbolt melted and burned the tips of two of my fingers on sept 23, 2021.
on the late evening of sept 22, 2021 i was in the laundry room that has a door to the garage and i thought i smelled a faint smell of something odd, like a sort of burnt toast.   i checked all around and could not find the smell and it went away.   the following day the kwikset door lock in this room alerted us that its battery was dead and needed replacing.   later on sept 23, 2021 i removed the battery pack from the lock housing and replaced all three 1.5 volt aa batteries, then reinstalled the battery pack .  i then went to verify the locks operation and the lock would illuminate but would not lock or unlock.  then i started to smell a strong smell of something burning and i could see smoke emanating from the just installed battery pack.   i tried to remove the battery pack from the lock housing by lifting up on the plastic removal tab, as i had done previously, it is at this point i burnt my finger tips on the molten plastic.   i then went to the garage and got a dental pick to pull the battery pack out.  once the battery pack was removed the battery pack stopped melting and smoking.   
my fingers were sore but ok, no lasting damage.   
i then notified kwikset about what just happened and uploaded pictures to them using their online tool.  
i asked kwikset if there were any recalls on this product and they said no and there were no know issues. they issued me a case number and said they wanted the complete assembly returned to them for analysis using the prepaid label they provided.
they told me they were sending me a identical replacement as soon as they reviewed the pictures.
i am concerned for several reasons:
- my fingers got burned.
- i do not know what would have happened if i was not home and this happened as the door to the garage is a light wood door.  i do not know if the plastic in the battery pack and cover would ignite or just melt.
- i do not know if the plastic just melted could it have melted and jammed the locking mechanism making it impossible to exit or enter via this door.
- at the time i purchased the kwikset lock that failed i purchased an identical lock, only difference is the color, and installed it in another door.",44354.0,,,,,,,,,,,,,,,,,,,,,,,
5.0,Five Stars,These make brushing easier...if that's even possible :),b007mrorwq,2018-05-07,make brushing easierif thats even possible,make brushing easierif thats even possible,Surround® Toothbrush (Pack of 4),All Beauty,stb4,specialized care co inc,specialized care co inc,859938000121,en,False,False,True,True,9/24/2021 0:00,"my kwikset 99380-001 halo wi-fi smart lock keyless entry electronic keypad deadbolt melted and burned the tips of two of my fingers on sept 23, 2021.
on the late evening of sept 22, 2021 i was in the laundry room that has a door to the garage and i thought i smelled a faint smell of something odd, like a sort of burnt toast.   i checked all around and could not find the smell and it went away.   the following day the kwikset door lock in this room alerted us that its battery was dead and needed replacing.   later on sept 23, 2021 i removed the battery pack from the lock housing and replaced all three 1.5 volt aa batteries, then reinstalled the battery pack .  i then went to verify the locks operation and the lock would illuminate but would not lock or unlock.  then i started to smell a strong smell of something burning and i could see smoke emanating from the just installed battery pack.   i tried to remove the battery pack from the lock housing by lifting up on the plastic removal tab, as i had done previously, it is at this point i burnt my finger tips on the molten plastic.   i then went to the garage and got a dental pick to pull the battery pack out.  once the battery pack was removed the battery pack stopped melting and smoking.   
my fingers were sore but ok, no lasting damage.   
i then notified kwikset about what just happened and uploaded pictures to them using their online tool.  
i asked kwikset if there were any recalls on this product and they said no and there were no know issues. they issued me a case number and said they wanted the complete assembly returned to them for analysis using the prepaid label they provided.
they told me they were sending me a identical replacement as soon as they reviewed the pictures.
i am concerned for several reasons:
- my fingers got burned.
- i do not know what would have happened if i was not home and this happened as the door to the garage is a light wood door.  i do not know if the plastic in the battery pack and cover would ignite or just melt.
- i do not know if the plastic just melted could it have melted and jammed the locking mechanism making it impossible to exit or enter via this door.
- at the time i purchased the kwikset lock that failed i purchased an identical lock, only difference is the color, and installed it in another door.",44354.0,,,,,,,,,,,,,,,,,,,,,,,
4.0,Leaves residue on shirts,Great smell but it stains my undershirts,b01mruque2,2020-10-22,great smell stain undershirt,great smell stain undershirt,Dove Men+Care Antiperspirant for Men Minerals and Sage with 48-Hour Sweat and Body Odor Protection 2.7 oz (Packaging may vary),All Beauty,b01mruque2,unilever,dove men + care,079400597328,en,False,False,True,True,11/22/2020 0:00,stick deordeant manufacturing defect. sharp edges with plastic pieces protruding cut my arm pit durning application,44112.0,,,,,,,,,,,,,,,,,,,,,,,
5.0,This is a good solution.,"As a dental hygienist it always amazes me how people always miss the tongue surfaces while brushing,  yet overbrush the outside surfaces . This is a good solution.",b007mrorwq,2015-03-15,dental hygienist always amazes people miss tongue surface brushing yet overbrush outside good solution,dental hygienist always amazes people miss tongue surface brushing yet overbrush outside good solution,Surround® Toothbrush (Pack of 4),All Beauty,stb4,specialized care co inc,specialized care co inc,859938000121,en,False,False,True,True,9/24/2021 0:00,"my kwikset 99380-001 halo wi-fi smart lock keyless entry electronic keypad deadbolt melted and burned the tips of two of my fingers on sept 23, 2021.
on the late evening of sept 22, 2021 i was in the laundry room that has a door to the garage and i thought i smelled a faint smell of something odd, like a sort of burnt toast.   i checked all around and could not find the smell and it went away.   the following day the kwikset door lock in this room alerted us that its battery was dead and needed replacing.   later on sept 23, 2021 i removed the battery pack from the lock housing and replaced all three 1.5 volt aa batteries, then reinstalled the battery pack .  i then went to verify the locks operation and the lock would illuminate but would not lock or unlock.  then i started to smell a strong smell of something burning and i could see smoke emanating from the just installed battery pack.   i tried to remove the battery pack from the lock housing by lifting up on the plastic removal tab, as i had done previously, it is at this point i burnt my finger tips on the molten plastic.   i then went to the garage and got a dental pick to pull the battery pack out.  once the battery pack was removed the battery pack stopped melting and smoking.   
my fingers were sore but ok, no lasting damage.   
i then notified kwikset about what just happened and uploaded pictures to them using their online tool.  
i asked kwikset if there were any recalls on this product and they said no and there were no know issues. they issued me a case number and said they wanted the complete assembly returned to them for analysis using the prepaid label they provided.
they told me they were sending me a identical replacement as soon as they reviewed the pictures.
i am concerned for several reasons:
- my fingers got burned.
- i do not know what would have happened if i was not home and this happened as the door to the garage is a light wood door.  i do not know if the plastic in the battery pack and cover would ignite or just melt.
- i do not know if the plastic just melted could it have melted and jammed the locking mechanism making it impossible to exit or enter via this door.
- at the time i purchased the kwikset lock that failed i purchased an identical lock, only difference is the color, and installed it in another door.",44354.0,,,,,,,,,,,,,,,,,,,,,,,
5.0,Great for Autistic Daughter,Great for my autistic daughter.  Fast & seems effective.,b007mrorwq,2016-01-02,great autistic daughter fast seems effective,great autistic daughter fast seems effective,Surround® Toothbrush (Pack of 4),All Beauty,stb4,specialized care co inc,specialized care co inc,859938000121,en,False,False,True,True,9/24/2021 0:00,"my kwikset 99380-001 halo wi-fi smart lock keyless entry electronic keypad deadbolt melted and burned the tips of two of my fingers on sept 23, 2021.
on the late evening of sept 22, 2021 i was in the laundry room that has a door to the garage and i thought i smelled a faint smell of something odd, like a sort of burnt toast.   i checked all around and could not find the smell and it went away.   the following day the kwikset door lock in this room alerted us that its battery was dead and needed replacing.   later on sept 23, 2021 i removed the battery pack from the lock housing and replaced all three 1.5 volt aa batteries, then reinstalled the battery pack .  i then went to verify the locks operation and the lock would illuminate but would not lock or unlock.  then i started to smell a strong smell of something burning and i could see smoke emanating from the just installed battery pack.   i tried to remove the battery pack from the lock housing by lifting up on the plastic removal tab, as i had done previously, it is at this point i burnt my finger tips on the molten plastic.   i then went to the garage and got a dental pick to pull the battery pack out.  once the battery pack was removed the battery pack stopped melting and smoking.   
my fingers were sore but ok, no lasting damage.   
i then notified kwikset about what just happened and uploaded pictures to them using their online tool.  
i asked kwikset if there were any recalls on this product and they said no and there were no know issues. they issued me a case number and said they wanted the complete assembly returned to them for analysis using the prepaid label they provided.
they told me they were sending me a identical replacement as soon as they reviewed the pictures.
i am concerned for several reasons:
- my fingers got burned.
- i do not know what would have happened if i was not home and this happened as the door to the garage is a light wood door.  i do not know if the plastic in the battery pack and cover would ignite or just melt.
- i do not know if the plastic just melted could it have melted and jammed the locking mechanism making it impossible to exit or enter via this door.
- at the time i purchased the kwikset lock that failed i purchased an identical lock, only difference is the color, and installed it in another door.",44354.0,,,,,,,,,,,,,,,,,,,,,,,
2.0,Misleading Picture,"I ordered this product because the picture claims it’s Deodorant, not antiperspirant. When the product arrived, it was, in fact Antiperspirant and not the Advertised Deodorant. I will be returned. Correct you false advertising.",b01mruque2,2021-01-21,ordered product picture claim deodorant antiperspirant arrived fact advertised returned correct false advertising,ordered product picture claim deodorant antiperspirant arrived fact advertised returned correct false advertising,Dove Men+Care Antiperspirant for Men Minerals and Sage with 48-Hour Sweat and Body Odor Protection 2.7 oz (Packaging may vary),All Beauty,b01mruque2,unilever,dove men + care,079400597328,en,False,False,True,True,11/22/2020 0:00,stick deordeant manufacturing defect. sharp edges with plastic pieces protruding cut my arm pit durning application,44112.0,,,,,,,,,,,,,,,,,,,,,,,
1.0,This is the white solid not the clear solid!,This product is not pictured or advertised correctly. It shown as a clear solid and the one that I received is a white solid. Please update your photo to reflect the correct item. The one that has the clear cap is a clear solid and the one with the solid gray cap is a white solid.,b01mruque2,2020-09-26,product pictured advertised correctly shown clear solid one received white please update photo reflect correct item cap gray,product pictured advertised correctly shown clear solid one received white please update photo reflect correct item cap gray,Dove Men+Care Antiperspirant for Men Minerals and Sage with 48-Hour Sweat and Body Odor Protection 2.7 oz (Packaging may vary),All Beauty,b01mruque2,unilever,dove men + care,079400597328,en,False,False,True,True,11/22/2020 0:00,stick deordeant manufacturing defect. sharp edges with plastic pieces protruding cut my arm pit durning application,44112.0,,,,,,,,,,,,,,,,,,,,,,,
5.0,I love these brushes,I love these brushes. My sons dentist sent one home to me and I haven't used any other toothbrush since. Thanks for the quick shipment.,b007mrorwq,2016-03-19,love brush son dentist sent one home havent used toothbrush since thanks quick shipment,love brush son dentist sent one home havent used toothbrush since thanks quick shipment,Surround® Toothbrush (Pack of 4),All Beauty,stb4,specialized care co inc,specialized care co inc,859938000121,en,False,False,True,True,9/24/2021 0:00,"my kwikset 99380-001 halo wi-fi smart lock keyless entry electronic keypad deadbolt melted and burned the tips of two of my fingers on sept 23, 2021.
on the late evening of sept 22, 2021 i was in the laundry room that has a door to the garage and i thought i smelled a faint smell of something odd, like a sort of burnt toast.   i checked all around and could not find the smell and it went away.   the following day the kwikset door lock in this room alerted us that its battery was dead and needed replacing.   later on sept 23, 2021 i removed the battery pack from the lock housing and replaced all three 1.5 volt aa batteries, then reinstalled the battery pack .  i then went to verify the locks operation and the lock would illuminate but would not lock or unlock.  then i started to smell a strong smell of something burning and i could see smoke emanating from the just installed battery pack.   i tried to remove the battery pack from the lock housing by lifting up on the plastic removal tab, as i had done previously, it is at this point i burnt my finger tips on the molten plastic.   i then went to the garage and got a dental pick to pull the battery pack out.  once the battery pack was removed the battery pack stopped melting and smoking.   
my fingers were sore but ok, no lasting damage.   
i then notified kwikset about what just happened and uploaded pictures to them using their online tool.  
i asked kwikset if there were any recalls on this product and they said no and there were no know issues. they issued me a case number and said they wanted the complete assembly returned to them for analysis using the prepaid label they provided.
they told me they were sending me a identical replacement as soon as they reviewed the pictures.
i am concerned for several reasons:
- my fingers got burned.
- i do not know what would have happened if i was not home and this happened as the door to the garage is a light wood door.  i do not know if the plastic in the battery pack and cover would ignite or just melt.
- i do not know if the plastic just melted could it have melted and jammed the locking mechanism making it impossible to exit or enter via this door.
- at the time i purchased the kwikset lock that failed i purchased an identical lock, only difference is the color, and installed it in another door.",44354.0,,,,,,,,,,,,,,,,,,,,,,,
1.0,Not as pictured,This has alumium in it despite what the picture shows. Very disappointing because it's so misleading.,b01mruque2,2020-10-26,alumium despite picture show disappointing misleading,alumium despite picture show disappointing misleading,Dove Men+Care Antiperspirant for Men Minerals and Sage with 48-Hour Sweat and Body Odor Protection 2.7 oz (Packaging may vary),All Beauty,b01mruque2,unilever,dove men + care,079400597328,en,False,False,True,True,11/22/2020 0:00,stick deordeant manufacturing defect. sharp edges with plastic pieces protruding cut my arm pit durning application,44112.0,,,,,,,,,,,,,,,,,,,,,,,
1.0,Floss pulls out of the plastic and the angle of the flosser makes it hard to use,"The floss heads are fairly useless.  The floss pulls out of the plastic part as you try to floss, this takes between a row of teeth and 1 tooth to happen.  You'll need to use 2+ heads per time you floss.  Additionally, the angle of the flosser makes using the ribbon head floss exceedingly difficult - if it were 90 degrees like the Listerine version, it would be way better.  Because of the angle, you'll need to open your mouth extremely wide to floss your molars with the ribbon floss.  With the combination of poor design with the remarkable fragility of the floss heads I recommend avoiding this brand.",b07f8svr4j,2019-04-05,floss head fairly useless pull plastic part try take row teeth tooth happen youll need use per time additionally angle flosser make using ribbon exceedingly difficult degree like listerine version would way better open mouth extremely wide molar combination poor design remarkable fragility recommend avoiding brand,floss head fairly useless pull plastic part try take row teeth tooth happen youll need use per time additionally angle flosser make using ribbon exceedingly difficult degree like listerine version would way better open mouth extremely wide molar combination poor design remarkable fragility recommend avoiding brand,"T.Smile 3rd Generation Dental Flosser 1 Handle + 50 Soft Silky Ribbon Floss Heads + 50 Extra Strength Floss Heads, Evolutionary Clean, Pack of 1",All Beauty,none,"liangbu science and technology co.,ltd.",t.smile,713440925009713440925078,en,False,False,True,True,3/18/2015 0:00,mold build up in washer tub area and front door rubber seal. ongoing since purchasing item.,39605.0,,,,,,,,,,,,,,,,,,,,,,,
5.0,Good idea!,"I came across these toothbrushes while looking at other items, and I thought I'd give them a try.  I have a severely handicapped daughter who really doesn't like having her teeth brushed.  The great thing about a three sided brush is that I can get it done in less than half the time.",b007mrorwq,2014-01-06,came across toothbrush looking item thought id give try severely handicapped daughter really doesnt like teeth brushed great thing three sided brush get done less half time,came across toothbrush looking item thought id give try severely handicapped daughter really doesnt like teeth brushed great thing three sided brush get done less half time,Surround® Toothbrush (Pack of 4),All Beauty,stb4,specialized care co inc,specialized care co inc,859938000121,en,False,False,True,True,9/24/2021 0:00,"my kwikset 99380-001 halo wi-fi smart lock keyless entry electronic keypad deadbolt melted and burned the tips of two of my fingers on sept 23, 2021.
on the late evening of sept 22, 2021 i was in the laundry room that has a door to the garage and i thought i smelled a faint smell of something odd, like a sort of burnt toast.   i checked all around and could not find the smell and it went away.   the following day the kwikset door lock in this room alerted us that its battery was dead and needed replacing.   later on sept 23, 2021 i removed the battery pack from the lock housing and replaced all three 1.5 volt aa batteries, then reinstalled the battery pack .  i then went to verify the locks operation and the lock would illuminate but would not lock or unlock.  then i started to smell a strong smell of something burning and i could see smoke emanating from the just installed battery pack.   i tried to remove the battery pack from the lock housing by lifting up on the plastic removal tab, as i had done previously, it is at this point i burnt my finger tips on the molten plastic.   i then went to the garage and got a dental pick to pull the battery pack out.  once the battery pack was removed the battery pack stopped melting and smoking.   
my fingers were sore but ok, no lasting damage.   
i then notified kwikset about what just happened and uploaded pictures to them using their online tool.  
i asked kwikset if there were any recalls on this product and they said no and there were no know issues. they issued me a case number and said they wanted the complete assembly returned to them for analysis using the prepaid label they provided.
they told me they were sending me a identical replacement as soon as they reviewed the pictures.
i am concerned for several reasons:
- my fingers got burned.
- i do not know what would have happened if i was not home and this happened as the door to the garage is a light wood door.  i do not know if the plastic in the battery pack and cover would ignite or just melt.
- i do not know if the plastic just melted could it have melted and jammed the locking mechanism making it impossible to exit or enter via this door.
- at the time i purchased the kwikset lock that failed i purchased an identical lock, only difference is the color, and installed it in another door.",44354.0,,,,,,,,,,,,,,,,,,,,,,,
1.0,Ehh,Would be zero if I could. But basically it feels wierd with handle and use within your mouth. Go with Glide packs went this route and will use as last resort behind old school square floss. 😀,b07f8svr4j,2020-01-22,would zero could basically feel wierd handle use within mouth go glide pack went route last resort behind old school square floss,would zero could basically feel wierd handle use within mouth go glide pack went route last resort behind old school square floss,"T.Smile 3rd Generation Dental Flosser 1 Handle + 50 Soft Silky Ribbon Floss Heads + 50 Extra Strength Floss Heads, Evolutionary Clean, Pack of 1",All Beauty,none,"liangbu science and technology co.,ltd.",t.smile,713440925009713440925078,en,False,False,True,True,3/18/2015 0:00,mold build up in washer tub area and front door rubber seal. ongoing since purchasing item.,39605.0,,,,,,,,,,,,,,,,,,,,,,,
5.0,Correction to my first review..This items works fine,I had said I had trouble keeping the handle and floss together. That problem has been solved and I have use it another two weeks without any problem. When I first got the product I did not put it together correctly. It is very easy to attach the floss and handle and works great when you put together correctly,b07f8svr4j,2021-02-08,said trouble keeping handle floss together problem solved use another two week without first got product put correctly easy attach work great,said trouble keeping handle floss together problem solved use another two week without first got product put correctly easy attach work great,"T.Smile 3rd Generation Dental Flosser 1 Handle + 50 Soft Silky Ribbon Floss Heads + 50 Extra Strength Floss Heads, Evolutionary Clean, Pack of 1",All Beauty,none,"liangbu science and technology co.,ltd.",t.smile,713440925009713440925078,en,False,False,True,True,3/18/2015 0:00,mold build up in washer tub area and front door rubber seal. ongoing since purchasing item.,39605.0,,,,,,,,,,,,,,,,,,,,,,,
5.0,Works great. Love that the bristles are so soft,Works great.  Love that the bristles are so soft.,b007mrorwq,2015-07-27,work great love bristle soft,work great love bristle soft,Surround® Toothbrush (Pack of 4),All Beauty,stb4,specialized care co inc,specialized care co inc,859938000121,en,False,False,True,True,9/24/2021 0:00,"my kwikset 99380-001 halo wi-fi smart lock keyless entry electronic keypad deadbolt melted and burned the tips of two of my fingers on sept 23, 2021.
on the late evening of sept 22, 2021 i was in the laundry room that has a door to the garage and i thought i smelled a faint smell of something odd, like a sort of burnt toast.   i checked all around and could not find the smell and it went away.   the following day the kwikset door lock in this room alerted us that its battery was dead and needed replacing.   later on sept 23, 2021 i removed the battery pack from the lock housing and replaced all three 1.5 volt aa batteries, then reinstalled the battery pack .  i then went to verify the locks operation and the lock would illuminate but would not lock or unlock.  then i started to smell a strong smell of something burning and i could see smoke emanating from the just installed battery pack.   i tried to remove the battery pack from the lock housing by lifting up on the plastic removal tab, as i had done previously, it is at this point i burnt my finger tips on the molten plastic.   i then went to the garage and got a dental pick to pull the battery pack out.  once the battery pack was removed the battery pack stopped melting and smoking.   
my fingers were sore but ok, no lasting damage.   
i then notified kwikset about what just happened and uploaded pictures to them using their online tool.  
i asked kwikset if there were any recalls on this product and they said no and there were no know issues. they issued me a case number and said they wanted the complete assembly returned to them for analysis using the prepaid label they provided.
they told me they were sending me a identical replacement as soon as they reviewed the pictures.
i am concerned for several reasons:
- my fingers got burned.
- i do not know what would have happened if i was not home and this happened as the door to the garage is a light wood door.  i do not know if the plastic in the battery pack and cover would ignite or just melt.
- i do not know if the plastic just melted could it have melted and jammed the locking mechanism making it impossible to exit or enter via this door.
- at the time i purchased the kwikset lock that failed i purchased an identical lock, only difference is the color, and installed it in another door.",44354.0,,,,,,,,,,,,,,,,,,,,,,,
5.0,These are great!,"I have a developmentally disabled son and these toothbrushes are great!! My son is not able to properly brush his teeth on the inside of his mouth, and fights me every step of the way when I try, this brush eliminates all the struggles we use to have brushing his teeth. We just had a dental visit and the dentist said his teeth look great!!!",b007mrorwq,2014-01-02,developmentally disabled son toothbrush great able properly brush teeth inside mouth fight every step way try eliminates struggle use brushing dental visit dentist said look,developmentally disabled son toothbrush great able properly brush teeth inside mouth fight every step way try eliminates struggle use brushing dental visit dentist said look,Surround® Toothbrush (Pack of 4),All Beauty,stb4,specialized care co inc,specialized care co inc,859938000121,en,False,False,True,True,9/24/2021 0:00,"my kwikset 99380-001 halo wi-fi smart lock keyless entry electronic keypad deadbolt melted and burned the tips of two of my fingers on sept 23, 2021.
on the late evening of sept 22, 2021 i was in the laundry room that has a door to the garage and i thought i smelled a faint smell of something odd, like a sort of burnt toast.   i checked all around and could not find the smell and it went away.   the following day the kwikset door lock in this room alerted us that its battery was dead and needed replacing.   later on sept 23, 2021 i removed the battery pack from the lock housing and replaced all three 1.5 volt aa batteries, then reinstalled the battery pack .  i then went to verify the locks operation and the lock would illuminate but would not lock or unlock.  then i started to smell a strong smell of something burning and i could see smoke emanating from the just installed battery pack.   i tried to remove the battery pack from the lock housing by lifting up on the plastic removal tab, as i had done previously, it is at this point i burnt my finger tips on the molten plastic.   i then went to the garage and got a dental pick to pull the battery pack out.  once the battery pack was removed the battery pack stopped melting and smoking.   
my fingers were sore but ok, no lasting damage.   
i then notified kwikset about what just happened and uploaded pictures to them using their online tool.  
i asked kwikset if there were any recalls on this product and they said no and there were no know issues. they issued me a case number and said they wanted the complete assembly returned to them for analysis using the prepaid label they provided.
they told me they were sending me a identical replacement as soon as they reviewed the pictures.
i am concerned for several reasons:
- my fingers got burned.
- i do not know what would have happened if i was not home and this happened as the door to the garage is a light wood door.  i do not know if the plastic in the battery pack and cover would ignite or just melt.
- i do not know if the plastic just melted could it have melted and jammed the locking mechanism making it impossible to exit or enter via this door.
- at the time i purchased the kwikset lock that failed i purchased an identical lock, only difference is the color, and installed it in another door.",44354.0,,,,,,,,,,,,,,,,,,,,,,,
4.0,Good starter brush for young children,This toothbrush has been a time saver and so much easier to use for my autistic toddler.  The gummy part above bristles protects my son who likes to bite down and the handles are easy to keep his grip. Only wish they were a little wider on bristle part.,b007mrorwq,2015-10-20,toothbrush time saver much easier use autistic toddler gummy part bristle protects son like bite handle easy keep grip wish little wider,toothbrush time saver much easier use autistic toddler gummy part bristle protects son like bite handle easy keep grip wish little wider,Surround® Toothbrush (Pack of 4),All Beauty,stb4,specialized care co inc,specialized care co inc,859938000121,en,False,False,True,True,9/24/2021 0:00,"my kwikset 99380-001 halo wi-fi smart lock keyless entry electronic keypad deadbolt melted and burned the tips of two of my fingers on sept 23, 2021.
on the late evening of sept 22, 2021 i was in the laundry room that has a door to the garage and i thought i smelled a faint smell of something odd, like a sort of burnt toast.   i checked all around and could not find the smell and it went away.   the following day the kwikset door lock in this room alerted us that its battery was dead and needed replacing.   later on sept 23, 2021 i removed the battery pack from the lock housing and replaced all three 1.5 volt aa batteries, then reinstalled the battery pack .  i then went to verify the locks operation and the lock would illuminate but would not lock or unlock.  then i started to smell a strong smell of something burning and i could see smoke emanating from the just installed battery pack.   i tried to remove the battery pack from the lock housing by lifting up on the plastic removal tab, as i had done previously, it is at this point i burnt my finger tips on the molten plastic.   i then went to the garage and got a dental pick to pull the battery pack out.  once the battery pack was removed the battery pack stopped melting and smoking.   
my fingers were sore but ok, no lasting damage.   
i then notified kwikset about what just happened and uploaded pictures to them using their online tool.  
i asked kwikset if there were any recalls on this product and they said no and there were no know issues. they issued me a case number and said they wanted the complete assembly returned to them for analysis using the prepaid label they provided.
they told me they were sending me a identical replacement as soon as they reviewed the pictures.
i am concerned for several reasons:
- my fingers got burned.
- i do not know what would have happened if i was not home and this happened as the door to the garage is a light wood door.  i do not know if the plastic in the battery pack and cover would ignite or just melt.
- i do not know if the plastic just melted could it have melted and jammed the locking mechanism making it impossible to exit or enter via this door.
- at the time i purchased the kwikset lock that failed i purchased an identical lock, only difference is the color, and installed it in another door.",44354.0,,,,,,,,,,,,,,,,,,,,,,,
5.0,Great toothbrush. Great design.,"I ordered these to replace our regular toothbrushes which were temporarily not available to ship. Granted, I purchased these on a whim, but I am so glad I did. This is a great toothbrush! Good quality materials. The softer bushes are gentle on one's gums, yet sturdy enough to do an incredibly thorough job cleaning teeth. My husband wants to continue using a more traditional toothbrush, but after protesting, I noticed him using this one more and more. I think I really prefer this toothbrush to the conventional design. Love the way it cleans my teeth in a shorter amount of time.",b007mrorwq,2014-10-09,ordered replace regular toothbrush temporarily available ship granted purchased whim glad great good quality material softer bush gentle one gum yet sturdy enough incredibly thorough job cleaning teeth husband want continue using traditional protesting noticed think really prefer conventional design love way clean shorter amount time,ordered replace regular toothbrush temporarily available ship granted purchased whim glad great good quality material softer bush gentle one gum yet sturdy enough incredibly thorough job cleaning teeth husband want continue using traditional protesting noticed think really prefer conventional design love way clean shorter amount time,Surround® Toothbrush (Pack of 4),All Beauty,stb4,specialized care co inc,specialized care co inc,859938000121,en,False,False,True,True,9/24/2021 0:00,"my kwikset 99380-001 halo wi-fi smart lock keyless entry electronic keypad deadbolt melted and burned the tips of two of my fingers on sept 23, 2021.
on the late evening of sept 22, 2021 i was in the laundry room that has a door to the garage and i thought i smelled a faint smell of something odd, like a sort of burnt toast.   i checked all around and could not find the smell and it went away.   the following day the kwikset door lock in this room alerted us that its battery was dead and needed replacing.   later on sept 23, 2021 i removed the battery pack from the lock housing and replaced all three 1.5 volt aa batteries, then reinstalled the battery pack .  i then went to verify the locks operation and the lock would illuminate but would not lock or unlock.  then i started to smell a strong smell of something burning and i could see smoke emanating from the just installed battery pack.   i tried to remove the battery pack from the lock housing by lifting up on the plastic removal tab, as i had done previously, it is at this point i burnt my finger tips on the molten plastic.   i then went to the garage and got a dental pick to pull the battery pack out.  once the battery pack was removed the battery pack stopped melting and smoking.   
my fingers were sore but ok, no lasting damage.   
i then notified kwikset about what just happened and uploaded pictures to them using their online tool.  
i asked kwikset if there were any recalls on this product and they said no and there were no know issues. they issued me a case number and said they wanted the complete assembly returned to them for analysis using the prepaid label they provided.
they told me they were sending me a identical replacement as soon as they reviewed the pictures.
i am concerned for several reasons:
- my fingers got burned.
- i do not know what would have happened if i was not home and this happened as the door to the garage is a light wood door.  i do not know if the plastic in the battery pack and cover would ignite or just melt.
- i do not know if the plastic just melted could it have melted and jammed the locking mechanism making it impossible to exit or enter via this door.
- at the time i purchased the kwikset lock that failed i purchased an identical lock, only difference is the color, and installed it in another door.",44354.0,,,,,,,,,,,,,,,,,,,,,,,
5.0,Favorite Deodorant,"Awesome scent, long lasting, and one of the only deodorants that doesn’t cause irritation.",b01mruque2,2020-06-24,awesome scent long lasting one deodorant doesnt cause irritation,awesome scent long lasting one deodorant doesnt cause irritation,Dove Men+Care Antiperspirant for Men Minerals and Sage with 48-Hour Sweat and Body Odor Protection 2.7 oz (Packaging may vary),All Beauty,b01mruque2,unilever,dove men + care,079400597328,en,False,False,True,True,11/22/2020 0:00,stick deordeant manufacturing defect. sharp edges with plastic pieces protruding cut my arm pit durning application,44112.0,,,,,,,,,,,,,,,,,,,,,,,
5.0,Definitely recommended.,"These are amazing. My daughter that sensory issues and really hates having her teeth brushed, so these are a huge help. I can get every surface of her teeth in the relatively short amount of time she cooperates.",b007mrorwq,2015-03-07,amazing daughter sensory issue really hate teeth brushed huge help get every surface relatively short amount time cooperates,amazing daughter sensory issue really hate teeth brushed huge help get every surface relatively short amount time cooperates,Surround® Toothbrush (Pack of 4),All Beauty,stb4,specialized care co inc,specialized care co inc,859938000121,en,False,False,True,True,9/24/2021 0:00,"my kwikset 99380-001 halo wi-fi smart lock keyless entry electronic keypad deadbolt melted and burned the tips of two of my fingers on sept 23, 2021.
on the late evening of sept 22, 2021 i was in the laundry room that has a door to the garage and i thought i smelled a faint smell of something odd, like a sort of burnt toast.   i checked all around and could not find the smell and it went away.   the following day the kwikset door lock in this room alerted us that its battery was dead and needed replacing.   later on sept 23, 2021 i removed the battery pack from the lock housing and replaced all three 1.5 volt aa batteries, then reinstalled the battery pack .  i then went to verify the locks operation and the lock would illuminate but would not lock or unlock.  then i started to smell a strong smell of something burning and i could see smoke emanating from the just installed battery pack.   i tried to remove the battery pack from the lock housing by lifting up on the plastic removal tab, as i had done previously, it is at this point i burnt my finger tips on the molten plastic.   i then went to the garage and got a dental pick to pull the battery pack out.  once the battery pack was removed the battery pack stopped melting and smoking.   
my fingers were sore but ok, no lasting damage.   
i then notified kwikset about what just happened and uploaded pictures to them using their online tool.  
i asked kwikset if there were any recalls on this product and they said no and there were no know issues. they issued me a case number and said they wanted the complete assembly returned to them for analysis using the prepaid label they provided.
they told me they were sending me a identical replacement as soon as they reviewed the pictures.
i am concerned for several reasons:
- my fingers got burned.
- i do not know what would have happened if i was not home and this happened as the door to the garage is a light wood door.  i do not know if the plastic in the battery pack and cover would ignite or just melt.
- i do not know if the plastic just melted could it have melted and jammed the locking mechanism making it impossible to exit or enter via this door.
- at the time i purchased the kwikset lock that failed i purchased an identical lock, only difference is the color, and installed it in another door.",44354.0,,,,,,,,,,,,,,,,,,,,,,,
5.0,Very nice,"My 3 year old cannot brush by herself yet but with this brush she can get started and I can finish the job without accidentally stabbing the inside of her cheek. What a great invention. It doesn't just save time, the teeth become like a guide for the brush and hand so it helps with getting a feel for brushing.",b007mrorwq,2012-11-26,year old cannot brush yet get started finish job without accidentally stabbing inside cheek great invention doesnt save time teeth become like guide hand help getting feel brushing,year old cannot brush yet get started finish job without accidentally stabbing inside cheek great invention doesnt save time teeth become like guide hand help getting feel brushing,Surround® Toothbrush (Pack of 4),All Beauty,stb4,specialized care co inc,specialized care co inc,859938000121,en,False,False,True,True,9/24/2021 0:00,"my kwikset 99380-001 halo wi-fi smart lock keyless entry electronic keypad deadbolt melted and burned the tips of two of my fingers on sept 23, 2021.
on the late evening of sept 22, 2021 i was in the laundry room that has a door to the garage and i thought i smelled a faint smell of something odd, like a sort of burnt toast.   i checked all around and could not find the smell and it went away.   the following day the kwikset door lock in this room alerted us that its battery was dead and needed replacing.   later on sept 23, 2021 i removed the battery pack from the lock housing and replaced all three 1.5 volt aa batteries, then reinstalled the battery pack .  i then went to verify the locks operation and the lock would illuminate but would not lock or unlock.  then i started to smell a strong smell of something burning and i could see smoke emanating from the just installed battery pack.   i tried to remove the battery pack from the lock housing by lifting up on the plastic removal tab, as i had done previously, it is at this point i burnt my finger tips on the molten plastic.   i then went to the garage and got a dental pick to pull the battery pack out.  once the battery pack was removed the battery pack stopped melting and smoking.   
my fingers were sore but ok, no lasting damage.   
i then notified kwikset about what just happened and uploaded pictures to them using their online tool.  
i asked kwikset if there were any recalls on this product and they said no and there were no know issues. they issued me a case number and said they wanted the complete assembly returned to them for analysis using the prepaid label they provided.
they told me they were sending me a identical replacement as soon as they reviewed the pictures.
i am concerned for several reasons:
- my fingers got burned.
- i do not know what would have happened if i was not home and this happened as the door to the garage is a light wood door.  i do not know if the plastic in the battery pack and cover would ignite or just melt.
- i do not know if the plastic just melted could it have melted and jammed the locking mechanism making it impossible to exit or enter via this door.
- at the time i purchased the kwikset lock that failed i purchased an identical lock, only difference is the color, and installed it in another door.",44354.0,,,,,,,,,,,,,,,,,,,,,,,
1.0,Not what is advertised,I wish I would have looked at the reviews before purchasing. I’ll still use the product cause I love the scent but it is the white stick deodorant rather than the clear gel type of stick that is advertised in the picture.,b01mruque2,2020-09-22,wish would looked review purchasing ill still use product cause love scent white stick deodorant rather clear gel type advertised picture,wish would looked review purchasing ill still use product cause love scent white stick deodorant rather clear gel type advertised picture,Dove Men+Care Antiperspirant for Men Minerals and Sage with 48-Hour Sweat and Body Odor Protection 2.7 oz (Packaging may vary),All Beauty,b01mruque2,unilever,dove men + care,079400597328,en,False,False,True,True,11/22/2020 0:00,stick deordeant manufacturing defect. sharp edges with plastic pieces protruding cut my arm pit durning application,44112.0,,,,,,,,,,,,,,,,,,,,,,,
2.0,naahh,My son broke it the first day and that was the end of the toothbrushes,b007mrorwq,2017-02-04,son broke first day end toothbrush,son broke first day end toothbrush,Surround® Toothbrush (Pack of 4),All Beauty,stb4,specialized care co inc,specialized care co inc,859938000121,en,False,False,True,True,9/24/2021 0:00,"my kwikset 99380-001 halo wi-fi smart lock keyless entry electronic keypad deadbolt melted and burned the tips of two of my fingers on sept 23, 2021.
on the late evening of sept 22, 2021 i was in the laundry room that has a door to the garage and i thought i smelled a faint smell of something odd, like a sort of burnt toast.   i checked all around and could not find the smell and it went away.   the following day the kwikset door lock in this room alerted us that its battery was dead and needed replacing.   later on sept 23, 2021 i removed the battery pack from the lock housing and replaced all three 1.5 volt aa batteries, then reinstalled the battery pack .  i then went to verify the locks operation and the lock would illuminate but would not lock or unlock.  then i started to smell a strong smell of something burning and i could see smoke emanating from the just installed battery pack.   i tried to remove the battery pack from the lock housing by lifting up on the plastic removal tab, as i had done previously, it is at this point i burnt my finger tips on the molten plastic.   i then went to the garage and got a dental pick to pull the battery pack out.  once the battery pack was removed the battery pack stopped melting and smoking.   
my fingers were sore but ok, no lasting damage.   
i then notified kwikset about what just happened and uploaded pictures to them using their online tool.  
i asked kwikset if there were any recalls on this product and they said no and there were no know issues. they issued me a case number and said they wanted the complete assembly returned to them for analysis using the prepaid label they provided.
they told me they were sending me a identical replacement as soon as they reviewed the pictures.
i am concerned for several reasons:
- my fingers got burned.
- i do not know what would have happened if i was not home and this happened as the door to the garage is a light wood door.  i do not know if the plastic in the battery pack and cover would ignite or just melt.
- i do not know if the plastic just melted could it have melted and jammed the locking mechanism making it impossible to exit or enter via this door.
- at the time i purchased the kwikset lock that failed i purchased an identical lock, only difference is the color, and installed it in another door.",44354.0,,,,,,,,,,,,,,,,,,,,,,,
4.0,"Interesting. Takes some getting used to,","I was curious, so these became stocking stuffers this Christmas.  Of course, Santa put one in my stocking as well.  I love the idea behind the design and I've wondered many times why toothbrushes weren't made in a shape like this.  Then I found these, and I thought, ""finally!"".  But, as cool as they are, it's hard to maneuver in your mouth. The end tip is wide, to accommodate the wrap around bristles, and when I brush (and other family members) the large end tip hits into your back gums when you try to get the back teeth.  Maybe with more use I will be able to handle it better.  But I don't know if that's even possible with the end tip the way it is.  Of note: in the center of the two brush sides is another little brush, for the tops of teeth.  I don't know if it's sufficient in size to get the entire tops of the teeth.  I move the toothbrush around to scrub everywhere well.  I think it's worth the money just to try them, and see if you like them.",b007mrorwq,2013-01-09,curious became stocking stuffer christmas course santa put one well love idea behind design ive wondered many time toothbrush werent made shape like found thought finally cool hard maneuver mouth end tip wide accommodate wrap around bristle brush family member large hit back gum try get teeth maybe use able handle better dont know thats even possible way note center two side another little top sufficient size entire move scrub everywhere think worth money see,curious became stocking stuffer christmas course santa put one well love idea behind design ive wondered many time toothbrush werent made shape like found thought finally cool hard maneuver mouth end tip wide accommodate wrap around bristle brush family member large hit back gum try get teeth maybe use able handle better dont know thats even possible way note center two side another little top sufficient size entire move scrub everywhere think worth money see,Surround® Toothbrush (Pack of 4),All Beauty,stb4,specialized care co inc,specialized care co inc,859938000121,en,False,False,True,True,9/24/2021 0:00,"my kwikset 99380-001 halo wi-fi smart lock keyless entry electronic keypad deadbolt melted and burned the tips of two of my fingers on sept 23, 2021.
on the late evening of sept 22, 2021 i was in the laundry room that has a door to the garage and i thought i smelled a faint smell of something odd, like a sort of burnt toast.   i checked all around and could not find the smell and it went away.   the following day the kwikset door lock in this room alerted us that its battery was dead and needed replacing.   later on sept 23, 2021 i removed the battery pack from the lock housing and replaced all three 1.5 volt aa batteries, then reinstalled the battery pack .  i then went to verify the locks operation and the lock would illuminate but would not lock or unlock.  then i started to smell a strong smell of something burning and i could see smoke emanating from the just installed battery pack.   i tried to remove the battery pack from the lock housing by lifting up on the plastic removal tab, as i had done previously, it is at this point i burnt my finger tips on the molten plastic.   i then went to the garage and got a dental pick to pull the battery pack out.  once the battery pack was removed the battery pack stopped melting and smoking.   
my fingers were sore but ok, no lasting damage.   
i then notified kwikset about what just happened and uploaded pictures to them using their online tool.  
i asked kwikset if there were any recalls on this product and they said no and there were no know issues. they issued me a case number and said they wanted the complete assembly returned to them for analysis using the prepaid label they provided.
they told me they were sending me a identical replacement as soon as they reviewed the pictures.
i am concerned for several reasons:
- my fingers got burned.
- i do not know what would have happened if i was not home and this happened as the door to the garage is a light wood door.  i do not know if the plastic in the battery pack and cover would ignite or just melt.
- i do not know if the plastic just melted could it have melted and jammed the locking mechanism making it impossible to exit or enter via this door.
- at the time i purchased the kwikset lock that failed i purchased an identical lock, only difference is the color, and installed it in another door.",44354.0,,,,,,,,,,,,,,,,,,,,,,,
5.0,Five Stars,Please bring back more in stock!  My child is SPD loves it!,b007mrorwq,2016-08-02,please bring back stock child spd love,please bring back stock child spd love,Surround® Toothbrush (Pack of 4),All Beauty,stb4,specialized care co inc,specialized care co inc,859938000121,en,False,False,True,True,9/24/2021 0:00,"my kwikset 99380-001 halo wi-fi smart lock keyless entry electronic keypad deadbolt melted and burned the tips of two of my fingers on sept 23, 2021.
on the late evening of sept 22, 2021 i was in the laundry room that has a door to the garage and i thought i smelled a faint smell of something odd, like a sort of burnt toast.   i checked all around and could not find the smell and it went away.   the following day the kwikset door lock in this room alerted us that its battery was dead and needed replacing.   later on sept 23, 2021 i removed the battery pack from the lock housing and replaced all three 1.5 volt aa batteries, then reinstalled the battery pack .  i then went to verify the locks operation and the lock would illuminate but would not lock or unlock.  then i started to smell a strong smell of something burning and i could see smoke emanating from the just installed battery pack.   i tried to remove the battery pack from the lock housing by lifting up on the plastic removal tab, as i had done previously, it is at this point i burnt my finger tips on the molten plastic.   i then went to the garage and got a dental pick to pull the battery pack out.  once the battery pack was removed the battery pack stopped melting and smoking.   
my fingers were sore but ok, no lasting damage.   
i then notified kwikset about what just happened and uploaded pictures to them using their online tool.  
i asked kwikset if there were any recalls on this product and they said no and there were no know issues. they issued me a case number and said they wanted the complete assembly returned to them for analysis using the prepaid label they provided.
they told me they were sending me a identical replacement as soon as they reviewed the pictures.
i am concerned for several reasons:
- my fingers got burned.
- i do not know what would have happened if i was not home and this happened as the door to the garage is a light wood door.  i do not know if the plastic in the battery pack and cover would ignite or just melt.
- i do not know if the plastic just melted could it have melted and jammed the locking mechanism making it impossible to exit or enter via this door.
- at the time i purchased the kwikset lock that failed i purchased an identical lock, only difference is the color, and installed it in another door.",44354.0,,,,,,,,,,,,,,,,,,,,,,,
5.0,My kids do not like brushing their teeth,My kids do not like brushing their teeth. I feel like I'm doing better at cleaning their teeth with this toothbrush.,b007mrorwq,2015-12-17,kid like brushing teeth feel im better cleaning toothbrush,kid like brushing teeth feel im better cleaning toothbrush,Surround® Toothbrush (Pack of 4),All Beauty,stb4,specialized care co inc,specialized care co inc,859938000121,en,False,False,True,True,9/24/2021 0:00,"my kwikset 99380-001 halo wi-fi smart lock keyless entry electronic keypad deadbolt melted and burned the tips of two of my fingers on sept 23, 2021.
on the late evening of sept 22, 2021 i was in the laundry room that has a door to the garage and i thought i smelled a faint smell of something odd, like a sort of burnt toast.   i checked all around and could not find the smell and it went away.   the following day the kwikset door lock in this room alerted us that its battery was dead and needed replacing.   later on sept 23, 2021 i removed the battery pack from the lock housing and replaced all three 1.5 volt aa batteries, then reinstalled the battery pack .  i then went to verify the locks operation and the lock would illuminate but would not lock or unlock.  then i started to smell a strong smell of something burning and i could see smoke emanating from the just installed battery pack.   i tried to remove the battery pack from the lock housing by lifting up on the plastic removal tab, as i had done previously, it is at this point i burnt my finger tips on the molten plastic.   i then went to the garage and got a dental pick to pull the battery pack out.  once the battery pack was removed the battery pack stopped melting and smoking.   
my fingers were sore but ok, no lasting damage.   
i then notified kwikset about what just happened and uploaded pictures to them using their online tool.  
i asked kwikset if there were any recalls on this product and they said no and there were no know issues. they issued me a case number and said they wanted the complete assembly returned to them for analysis using the prepaid label they provided.
they told me they were sending me a identical replacement as soon as they reviewed the pictures.
i am concerned for several reasons:
- my fingers got burned.
- i do not know what would have happened if i was not home and this happened as the door to the garage is a light wood door.  i do not know if the plastic in the battery pack and cover would ignite or just melt.
- i do not know if the plastic just melted could it have melted and jammed the locking mechanism making it impossible to exit or enter via this door.
- at the time i purchased the kwikset lock that failed i purchased an identical lock, only difference is the color, and installed it in another door.",44354.0,,,,,,,,,,,,,,,,,,,,,,,
5.0,Specially for Alzheimer's/dementias,These toothbrushes are recommended for brushing the teeth of someone living with Alzheimer's/dementias (see internationalcaregiversassociation (dot) com/dementia-care-videos.shtml and look at the first video on that page about oral hygiene. You will see how that brush is used properly. My husband has vascular dementia and his nurses/aids have all watched this video in training.<br /><br />Dr. Ethelle Lord,b007mrorwq,2014-10-31,toothbrush recommended brushing teeth someone living alzheimersdementias see internationalcaregiversassociation dot comdementiacarevideosshtml look first video page oral hygiene brush used properly husband vascular dementia nursesaids watched trainingdr ethelle lord,toothbrush recommended brushing teeth someone living alzheimersdementias see internationalcaregiversassociation dot comdementiacarevideosshtml look first video page oral hygiene brush used properly husband vascular dementia nursesaids watched trainingdr ethelle lord,Surround® Toothbrush (Pack of 4),All Beauty,stb4,specialized care co inc,specialized care co inc,859938000121,en,False,False,True,True,9/24/2021 0:00,"my kwikset 99380-001 halo wi-fi smart lock keyless entry electronic keypad deadbolt melted and burned the tips of two of my fingers on sept 23, 2021.
on the late evening of sept 22, 2021 i was in the laundry room that has a door to the garage and i thought i smelled a faint smell of something odd, like a sort of burnt toast.   i checked all around and could not find the smell and it went away.   the following day the kwikset door lock in this room alerted us that its battery was dead and needed replacing.   later on sept 23, 2021 i removed the battery pack from the lock housing and replaced all three 1.5 volt aa batteries, then reinstalled the battery pack .  i then went to verify the locks operation and the lock would illuminate but would not lock or unlock.  then i started to smell a strong smell of something burning and i could see smoke emanating from the just installed battery pack.   i tried to remove the battery pack from the lock housing by lifting up on the plastic removal tab, as i had done previously, it is at this point i burnt my finger tips on the molten plastic.   i then went to the garage and got a dental pick to pull the battery pack out.  once the battery pack was removed the battery pack stopped melting and smoking.   
my fingers were sore but ok, no lasting damage.   
i then notified kwikset about what just happened and uploaded pictures to them using their online tool.  
i asked kwikset if there were any recalls on this product and they said no and there were no know issues. they issued me a case number and said they wanted the complete assembly returned to them for analysis using the prepaid label they provided.
they told me they were sending me a identical replacement as soon as they reviewed the pictures.
i am concerned for several reasons:
- my fingers got burned.
- i do not know what would have happened if i was not home and this happened as the door to the garage is a light wood door.  i do not know if the plastic in the battery pack and cover would ignite or just melt.
- i do not know if the plastic just melted could it have melted and jammed the locking mechanism making it impossible to exit or enter via this door.
- at the time i purchased the kwikset lock that failed i purchased an identical lock, only difference is the color, and installed it in another door.",44354.0,,,,,,,,,,,,,,,,,,,,,,,
4.0,Takes time getting used to.,"I really like the idea and I really like the handle. However. I have used both size inserts. And at first it is extremely hard to get in between my teeth and extremely hard to pull out. And I do not have tight. Teeth. In fact, I have some spacing. After a while it works like normal.",b07f8svr4j,2020-02-05,really like idea handle however used size insert first extremely hard get teeth pull tight fact spacing work normal,really like idea handle however used size insert first extremely hard get teeth pull tight fact spacing work normal,"T.Smile 3rd Generation Dental Flosser 1 Handle + 50 Soft Silky Ribbon Floss Heads + 50 Extra Strength Floss Heads, Evolutionary Clean, Pack of 1",All Beauty,none,"liangbu science and technology co.,ltd.",t.smile,713440925009713440925078,en,False,False,True,True,3/18/2015 0:00,mold build up in washer tub area and front door rubber seal. ongoing since purchasing item.,39605.0,,,,,,,,,,,,,,,,,,,,,,,
1.0,First ingredient ALUMINUM,Sent it back- advertised with NO aluminum,b01mruque2,2020-12-28,sent back advertised aluminum,sent back advertised aluminum,Dove Men+Care Antiperspirant for Men Minerals and Sage with 48-Hour Sweat and Body Odor Protection 2.7 oz (Packaging may vary),All Beauty,b01mruque2,unilever,dove men + care,079400597328,en,False,False,True,True,11/22/2020 0:00,stick deordeant manufacturing defect. sharp edges with plastic pieces protruding cut my arm pit durning application,44112.0,,,,,,,,,,,,,,,,,,,,,,,
5.0,Easy,These work really well for my special needs daughter who hates to brush!,b007mrorwq,2016-02-08,work really well special need daughter hate brush,work really well special need daughter hate brush,Surround® Toothbrush (Pack of 4),All Beauty,stb4,specialized care co inc,specialized care co inc,859938000121,en,False,False,True,True,9/24/2021 0:00,"my kwikset 99380-001 halo wi-fi smart lock keyless entry electronic keypad deadbolt melted and burned the tips of two of my fingers on sept 23, 2021.
on the late evening of sept 22, 2021 i was in the laundry room that has a door to the garage and i thought i smelled a faint smell of something odd, like a sort of burnt toast.   i checked all around and could not find the smell and it went away.   the following day the kwikset door lock in this room alerted us that its battery was dead and needed replacing.   later on sept 23, 2021 i removed the battery pack from the lock housing and replaced all three 1.5 volt aa batteries, then reinstalled the battery pack .  i then went to verify the locks operation and the lock would illuminate but would not lock or unlock.  then i started to smell a strong smell of something burning and i could see smoke emanating from the just installed battery pack.   i tried to remove the battery pack from the lock housing by lifting up on the plastic removal tab, as i had done previously, it is at this point i burnt my finger tips on the molten plastic.   i then went to the garage and got a dental pick to pull the battery pack out.  once the battery pack was removed the battery pack stopped melting and smoking.   
my fingers were sore but ok, no lasting damage.   
i then notified kwikset about what just happened and uploaded pictures to them using their online tool.  
i asked kwikset if there were any recalls on this product and they said no and there were no know issues. they issued me a case number and said they wanted the complete assembly returned to them for analysis using the prepaid label they provided.
they told me they were sending me a identical replacement as soon as they reviewed the pictures.
i am concerned for several reasons:
- my fingers got burned.
- i do not know what would have happened if i was not home and this happened as the door to the garage is a light wood door.  i do not know if the plastic in the battery pack and cover would ignite or just melt.
- i do not know if the plastic just melted could it have melted and jammed the locking mechanism making it impossible to exit or enter via this door.
- at the time i purchased the kwikset lock that failed i purchased an identical lock, only difference is the color, and installed it in another door.",44354.0,,,,,,,,,,,,,,,,,,,,,,,
5.0,Solved issues with chemical burn from other brands,"Some other brands I would have a reaction to, luckily this brand resolved the issue.",b01mruque2,2020-09-27,brand would reaction luckily resolved issue,brand would reaction luckily resolved issue,Dove Men+Care Antiperspirant for Men Minerals and Sage with 48-Hour Sweat and Body Odor Protection 2.7 oz (Packaging may vary),All Beauty,b01mruque2,unilever,dove men + care,079400597328,en,False,False,True,True,11/22/2020 0:00,stick deordeant manufacturing defect. sharp edges with plastic pieces protruding cut my arm pit durning application,44112.0,,,,,,,,,,,,,,,,,,,,,,,
1.0,Flimsy,Both kinds of floss snapped really easily and the plastic is flimsy. Not a fan.,b07f8svr4j,2020-03-09,kind floss snapped really easily plastic flimsy fan,kind floss snapped really easily plastic flimsy fan,"T.Smile 3rd Generation Dental Flosser 1 Handle + 50 Soft Silky Ribbon Floss Heads + 50 Extra Strength Floss Heads, Evolutionary Clean, Pack of 1",All Beauty,none,"liangbu science and technology co.,ltd.",t.smile,713440925009713440925078,en,False,False,True,True,3/18/2015 0:00,mold build up in washer tub area and front door rubber seal. ongoing since purchasing item.,39605.0,,,,,,,,,,,,,,,,,,,,,,,
3.0,Okay Flosser.,The floss locks in very well and does not break loose while flossing. I wish the flosser was longer to easily reach the back teeth.,b07f8svr4j,2019-07-10,floss lock well break loose flossing wish flosser longer easily reach back teeth,floss lock well break loose flossing wish flosser longer easily reach back teeth,"T.Smile 3rd Generation Dental Flosser 1 Handle + 50 Soft Silky Ribbon Floss Heads + 50 Extra Strength Floss Heads, Evolutionary Clean, Pack of 1",All Beauty,none,"liangbu science and technology co.,ltd.",t.smile,713440925009713440925078,en,False,False,True,True,3/18/2015 0:00,mold build up in washer tub area and front door rubber seal. ongoing since purchasing item.,39605.0,,,,,,,,,,,,,,,,,,,,,,,
5.0,MUST have for toddlers.....,"These are a MUST have for toddlers.  As hard as they try to get the entire mouth with a regular toothbrush, they just don't.  With these they get EVERYTHING!  I don't have to monitor my son while he brushes.  These were recommended by my dentist and I'm SO thankful.",b007mrorwq,2014-11-05,must toddler hard try get entire mouth regular toothbrush dont everything monitor son brush recommended dentist im thankful,must toddler hard try get entire mouth regular toothbrush dont everything monitor son brush recommended dentist im thankful,Surround® Toothbrush (Pack of 4),All Beauty,stb4,specialized care co inc,specialized care co inc,859938000121,en,False,False,True,True,9/24/2021 0:00,"my kwikset 99380-001 halo wi-fi smart lock keyless entry electronic keypad deadbolt melted and burned the tips of two of my fingers on sept 23, 2021.
on the late evening of sept 22, 2021 i was in the laundry room that has a door to the garage and i thought i smelled a faint smell of something odd, like a sort of burnt toast.   i checked all around and could not find the smell and it went away.   the following day the kwikset door lock in this room alerted us that its battery was dead and needed replacing.   later on sept 23, 2021 i removed the battery pack from the lock housing and replaced all three 1.5 volt aa batteries, then reinstalled the battery pack .  i then went to verify the locks operation and the lock would illuminate but would not lock or unlock.  then i started to smell a strong smell of something burning and i could see smoke emanating from the just installed battery pack.   i tried to remove the battery pack from the lock housing by lifting up on the plastic removal tab, as i had done previously, it is at this point i burnt my finger tips on the molten plastic.   i then went to the garage and got a dental pick to pull the battery pack out.  once the battery pack was removed the battery pack stopped melting and smoking.   
my fingers were sore but ok, no lasting damage.   
i then notified kwikset about what just happened and uploaded pictures to them using their online tool.  
i asked kwikset if there were any recalls on this product and they said no and there were no know issues. they issued me a case number and said they wanted the complete assembly returned to them for analysis using the prepaid label they provided.
they told me they were sending me a identical replacement as soon as they reviewed the pictures.
i am concerned for several reasons:
- my fingers got burned.
- i do not know what would have happened if i was not home and this happened as the door to the garage is a light wood door.  i do not know if the plastic in the battery pack and cover would ignite or just melt.
- i do not know if the plastic just melted could it have melted and jammed the locking mechanism making it impossible to exit or enter via this door.
- at the time i purchased the kwikset lock that failed i purchased an identical lock, only difference is the color, and installed it in another door.",44354.0,,,,,,,,,,,,,,,,,,,,,,,
2.0,Product sent is not aluminum-free,"The cap on this product states that it is aluminum-free but the actual product received is the regular kind.  It's a great antiperspirant nonetheless and I'll keep it, but I'm not happy that it's not the same product being advertised.",b01mruque2,2020-06-26,cap product state aluminumfree actual received regular kind great antiperspirant nonetheless ill keep im happy advertised,cap product state aluminumfree actual received regular kind great antiperspirant nonetheless ill keep im happy advertised,Dove Men+Care Antiperspirant for Men Minerals and Sage with 48-Hour Sweat and Body Odor Protection 2.7 oz (Packaging may vary),All Beauty,b01mruque2,unilever,dove men + care,079400597328,en,False,False,True,True,11/22/2020 0:00,stick deordeant manufacturing defect. sharp edges with plastic pieces protruding cut my arm pit durning application,44112.0,,,,,,,,,,,,,,,,,,,,,,,
5.0,Life saver!!!!!!,these are the best!!!!! Easy in and out when brushing their teeth Thank you for making these for our kids!!,b007mrorwq,2016-01-04,best easy brushing teeth thank making kid,best easy brushing teeth thank making kid,Surround® Toothbrush (Pack of 4),All Beauty,stb4,specialized care co inc,specialized care co inc,859938000121,en,False,False,True,True,9/24/2021 0:00,"my kwikset 99380-001 halo wi-fi smart lock keyless entry electronic keypad deadbolt melted and burned the tips of two of my fingers on sept 23, 2021.
on the late evening of sept 22, 2021 i was in the laundry room that has a door to the garage and i thought i smelled a faint smell of something odd, like a sort of burnt toast.   i checked all around and could not find the smell and it went away.   the following day the kwikset door lock in this room alerted us that its battery was dead and needed replacing.   later on sept 23, 2021 i removed the battery pack from the lock housing and replaced all three 1.5 volt aa batteries, then reinstalled the battery pack .  i then went to verify the locks operation and the lock would illuminate but would not lock or unlock.  then i started to smell a strong smell of something burning and i could see smoke emanating from the just installed battery pack.   i tried to remove the battery pack from the lock housing by lifting up on the plastic removal tab, as i had done previously, it is at this point i burnt my finger tips on the molten plastic.   i then went to the garage and got a dental pick to pull the battery pack out.  once the battery pack was removed the battery pack stopped melting and smoking.   
my fingers were sore but ok, no lasting damage.   
i then notified kwikset about what just happened and uploaded pictures to them using their online tool.  
i asked kwikset if there were any recalls on this product and they said no and there were no know issues. they issued me a case number and said they wanted the complete assembly returned to them for analysis using the prepaid label they provided.
they told me they were sending me a identical replacement as soon as they reviewed the pictures.
i am concerned for several reasons:
- my fingers got burned.
- i do not know what would have happened if i was not home and this happened as the door to the garage is a light wood door.  i do not know if the plastic in the battery pack and cover would ignite or just melt.
- i do not know if the plastic just melted could it have melted and jammed the locking mechanism making it impossible to exit or enter via this door.
- at the time i purchased the kwikset lock that failed i purchased an identical lock, only difference is the color, and installed it in another door.",44354.0,,,,,,,,,,,,,,,,,,,,,,,
1.0,Disappointed,I am so disappointed. The item in the image is the one without aluminum and that is not what was sent!,b01mruque2,2021-01-22,disappointed item image one without aluminum sent,disappointed item image one without aluminum sent,Dove Men+Care Antiperspirant for Men Minerals and Sage with 48-Hour Sweat and Body Odor Protection 2.7 oz (Packaging may vary),All Beauty,b01mruque2,unilever,dove men + care,079400597328,en,False,False,True,True,11/22/2020 0:00,stick deordeant manufacturing defect. sharp edges with plastic pieces protruding cut my arm pit durning application,44112.0,,,,,,,,,,,,,,,,,,,,,,,
5.0,Love these brushes,"Love these brushes! My son hates having his teeth brushed. Surround toothbrushes make it a faster, easier task. More coverage in less time. I highly recommend them for autistic children.",b007mrorwq,2015-03-10,love brush son hate teeth brushed surround toothbrush make faster easier task coverage less time highly recommend autistic child,love brush son hate teeth brushed surround toothbrush make faster easier task coverage less time highly recommend autistic child,Surround® Toothbrush (Pack of 4),All Beauty,stb4,specialized care co inc,specialized care co inc,859938000121,en,False,False,True,True,9/24/2021 0:00,"my kwikset 99380-001 halo wi-fi smart lock keyless entry electronic keypad deadbolt melted and burned the tips of two of my fingers on sept 23, 2021.
on the late evening of sept 22, 2021 i was in the laundry room that has a door to the garage and i thought i smelled a faint smell of something odd, like a sort of burnt toast.   i checked all around and could not find the smell and it went away.   the following day the kwikset door lock in this room alerted us that its battery was dead and needed replacing.   later on sept 23, 2021 i removed the battery pack from the lock housing and replaced all three 1.5 volt aa batteries, then reinstalled the battery pack .  i then went to verify the locks operation and the lock would illuminate but would not lock or unlock.  then i started to smell a strong smell of something burning and i could see smoke emanating from the just installed battery pack.   i tried to remove the battery pack from the lock housing by lifting up on the plastic removal tab, as i had done previously, it is at this point i burnt my finger tips on the molten plastic.   i then went to the garage and got a dental pick to pull the battery pack out.  once the battery pack was removed the battery pack stopped melting and smoking.   
my fingers were sore but ok, no lasting damage.   
i then notified kwikset about what just happened and uploaded pictures to them using their online tool.  
i asked kwikset if there were any recalls on this product and they said no and there were no know issues. they issued me a case number and said they wanted the complete assembly returned to them for analysis using the prepaid label they provided.
they told me they were sending me a identical replacement as soon as they reviewed the pictures.
i am concerned for several reasons:
- my fingers got burned.
- i do not know what would have happened if i was not home and this happened as the door to the garage is a light wood door.  i do not know if the plastic in the battery pack and cover would ignite or just melt.
- i do not know if the plastic just melted could it have melted and jammed the locking mechanism making it impossible to exit or enter via this door.
- at the time i purchased the kwikset lock that failed i purchased an identical lock, only difference is the color, and installed it in another door.",44354.0,,,,,,,,,,,,,,,,,,,,,,,
5.0,This is the best toothbrush for my son who has cerebral palsy,This is the best toothbrush for my son who has cerebral palsy.  I am able to clean both sides of his teeth with less work then a regular toothbrush.  It is hard to get the backside but this toothbrush makes that easier.,b007mrorwq,2015-02-17,best toothbrush son cerebral palsy able clean side teeth less work regular hard get backside make easier,best toothbrush son cerebral palsy able clean side teeth less work regular hard get backside make easier,Surround® Toothbrush (Pack of 4),All Beauty,stb4,specialized care co inc,specialized care co inc,859938000121,en,False,False,True,True,9/24/2021 0:00,"my kwikset 99380-001 halo wi-fi smart lock keyless entry electronic keypad deadbolt melted and burned the tips of two of my fingers on sept 23, 2021.
on the late evening of sept 22, 2021 i was in the laundry room that has a door to the garage and i thought i smelled a faint smell of something odd, like a sort of burnt toast.   i checked all around and could not find the smell and it went away.   the following day the kwikset door lock in this room alerted us that its battery was dead and needed replacing.   later on sept 23, 2021 i removed the battery pack from the lock housing and replaced all three 1.5 volt aa batteries, then reinstalled the battery pack .  i then went to verify the locks operation and the lock would illuminate but would not lock or unlock.  then i started to smell a strong smell of something burning and i could see smoke emanating from the just installed battery pack.   i tried to remove the battery pack from the lock housing by lifting up on the plastic removal tab, as i had done previously, it is at this point i burnt my finger tips on the molten plastic.   i then went to the garage and got a dental pick to pull the battery pack out.  once the battery pack was removed the battery pack stopped melting and smoking.   
my fingers were sore but ok, no lasting damage.   
i then notified kwikset about what just happened and uploaded pictures to them using their online tool.  
i asked kwikset if there were any recalls on this product and they said no and there were no know issues. they issued me a case number and said they wanted the complete assembly returned to them for analysis using the prepaid label they provided.
they told me they were sending me a identical replacement as soon as they reviewed the pictures.
i am concerned for several reasons:
- my fingers got burned.
- i do not know what would have happened if i was not home and this happened as the door to the garage is a light wood door.  i do not know if the plastic in the battery pack and cover would ignite or just melt.
- i do not know if the plastic just melted could it have melted and jammed the locking mechanism making it impossible to exit or enter via this door.
- at the time i purchased the kwikset lock that failed i purchased an identical lock, only difference is the color, and installed it in another door.",44354.0,,,,,,,,,,,,,,,,,,,,,,,
5.0,"For all human people, not just male humans","Me, a lady, not a man, has been using this for years and love it. Dove, maybe you can just make deodorant for Humans. You don't need to make it specific to men or women, we all sweat and can all benefit from this product.<br /><br />Ladies: buy this for yourself. They put more active ingredient in these men's products than they do in the women's. Do they think women don't sweat as much as men? Idk, but get more out of your deodorant for the same price. This scent is pretty nice also.",b01mruque2,2021-07-09,lady man using year love dove maybe make deodorant human dont need specific men woman sweat benefit productladies buy put active ingredient product womens think much idk get price scent pretty nice also,lady man using year love dove maybe make deodorant human dont need specific men woman sweat benefit productladies buy put active ingredient product womens think much idk get price scent pretty nice also,Dove Men+Care Antiperspirant for Men Minerals and Sage with 48-Hour Sweat and Body Odor Protection 2.7 oz (Packaging may vary),All Beauty,b01mruque2,unilever,dove men + care,079400597328,en,False,False,True,True,11/22/2020 0:00,stick deordeant manufacturing defect. sharp edges with plastic pieces protruding cut my arm pit durning application,44112.0,,,,,,,,,,,,,,,,,,,,,,,
2.0,Not for heavy workouts,"Good for daily use. But if you plan on going to the gym for a heavy work out, I wouldn't recommend this. It worked fine for my partner when he's doing cardio, but as for me, my underarms smell bad during my gym workout. To each his own I guess",b01mruque2,2020-11-21,good daily use plan going gym heavy work wouldnt recommend worked fine partner he cardio underarms smell bad workout guess,good daily use plan going gym heavy work wouldnt recommend worked fine partner he cardio underarms smell bad workout guess,Dove Men+Care Antiperspirant for Men Minerals and Sage with 48-Hour Sweat and Body Odor Protection 2.7 oz (Packaging may vary),All Beauty,b01mruque2,unilever,dove men + care,079400597328,en,False,False,True,True,11/22/2020 0:00,stick deordeant manufacturing defect. sharp edges with plastic pieces protruding cut my arm pit durning application,44112.0,,,,,,,,,,,,,,,,,,,,,,,
5.0,Love the way these toothbrushes clean all around the sides ...,Love the way these toothbrushes clean all around the sides (and near the gum line) of my teeth and do it quickly.,b007mrorwq,2016-06-06,love way toothbrush clean around side near gum line teeth quickly,love way toothbrush clean around side near gum line teeth quickly,Surround® Toothbrush (Pack of 4),All Beauty,stb4,specialized care co inc,specialized care co inc,859938000121,en,False,False,True,True,9/24/2021 0:00,"my kwikset 99380-001 halo wi-fi smart lock keyless entry electronic keypad deadbolt melted and burned the tips of two of my fingers on sept 23, 2021.
on the late evening of sept 22, 2021 i was in the laundry room that has a door to the garage and i thought i smelled a faint smell of something odd, like a sort of burnt toast.   i checked all around and could not find the smell and it went away.   the following day the kwikset door lock in this room alerted us that its battery was dead and needed replacing.   later on sept 23, 2021 i removed the battery pack from the lock housing and replaced all three 1.5 volt aa batteries, then reinstalled the battery pack .  i then went to verify the locks operation and the lock would illuminate but would not lock or unlock.  then i started to smell a strong smell of something burning and i could see smoke emanating from the just installed battery pack.   i tried to remove the battery pack from the lock housing by lifting up on the plastic removal tab, as i had done previously, it is at this point i burnt my finger tips on the molten plastic.   i then went to the garage and got a dental pick to pull the battery pack out.  once the battery pack was removed the battery pack stopped melting and smoking.   
my fingers were sore but ok, no lasting damage.   
i then notified kwikset about what just happened and uploaded pictures to them using their online tool.  
i asked kwikset if there were any recalls on this product and they said no and there were no know issues. they issued me a case number and said they wanted the complete assembly returned to them for analysis using the prepaid label they provided.
they told me they were sending me a identical replacement as soon as they reviewed the pictures.
i am concerned for several reasons:
- my fingers got burned.
- i do not know what would have happened if i was not home and this happened as the door to the garage is a light wood door.  i do not know if the plastic in the battery pack and cover would ignite or just melt.
- i do not know if the plastic just melted could it have melted and jammed the locking mechanism making it impossible to exit or enter via this door.
- at the time i purchased the kwikset lock that failed i purchased an identical lock, only difference is the color, and installed it in another door.",44354.0,,,,,,,,,,,,,,,,,,,,,,,
5.0,Wonderful brush for special needs kids and their parents,"I purchased these for my special needs son who isn't able to brush his own teeth yet. I can't begin to say how wonderful these toothbrushes are! I will never use anything else. I struggled getting the backs of his teeth because he squirms so much and doesn't like having them brushed so it took forever to get all sides. He kept having cavities and the dentist made me feel like the worst mom ever for allowing my special needs child to have cavities. Well I was brushing them and I thought thoroughly. Since I started using these it had cut down on brushing time because it gets the fronts tops and back all at once. He has come back from two dentist appointments without any cavities now yay!! I love the long handle, it helps get far in the back and it is ergonomically shaped so it doesn't kill my wrist. It also has caps for keeping the bristles clean while not in use. He likes the different colors too",b007mrorwq,2016-12-08,purchased special need son isnt able brush teeth yet cant begin say wonderful toothbrush never use anything else struggled getting back squirm much doesnt like brushed took forever get side kept cavity dentist made feel worst mom ever allowing child well brushing thought thoroughly since started using cut time front top come two appointment without yay love long handle help far ergonomically shaped kill wrist also cap keeping bristle clean different color,purchased special need son isnt able brush teeth yet cant begin say wonderful toothbrush never use anything else struggled getting back squirm much doesnt like brushed took forever get side kept cavity dentist made feel worst mom ever allowing child well brushing thought thoroughly since started using cut time front top come two appointment without yay love long handle help far ergonomically shaped kill wrist also cap keeping bristle clean different color,Surround® Toothbrush (Pack of 4),All Beauty,stb4,specialized care co inc,specialized care co inc,859938000121,en,False,False,True,True,9/24/2021 0:00,"my kwikset 99380-001 halo wi-fi smart lock keyless entry electronic keypad deadbolt melted and burned the tips of two of my fingers on sept 23, 2021.
on the late evening of sept 22, 2021 i was in the laundry room that has a door to the garage and i thought i smelled a faint smell of something odd, like a sort of burnt toast.   i checked all around and could not find the smell and it went away.   the following day the kwikset door lock in this room alerted us that its battery was dead and needed replacing.   later on sept 23, 2021 i removed the battery pack from the lock housing and replaced all three 1.5 volt aa batteries, then reinstalled the battery pack .  i then went to verify the locks operation and the lock would illuminate but would not lock or unlock.  then i started to smell a strong smell of something burning and i could see smoke emanating from the just installed battery pack.   i tried to remove the battery pack from the lock housing by lifting up on the plastic removal tab, as i had done previously, it is at this point i burnt my finger tips on the molten plastic.   i then went to the garage and got a dental pick to pull the battery pack out.  once the battery pack was removed the battery pack stopped melting and smoking.   
my fingers were sore but ok, no lasting damage.   
i then notified kwikset about what just happened and uploaded pictures to them using their online tool.  
i asked kwikset if there were any recalls on this product and they said no and there were no know issues. they issued me a case number and said they wanted the complete assembly returned to them for analysis using the prepaid label they provided.
they told me they were sending me a identical replacement as soon as they reviewed the pictures.
i am concerned for several reasons:
- my fingers got burned.
- i do not know what would have happened if i was not home and this happened as the door to the garage is a light wood door.  i do not know if the plastic in the battery pack and cover would ignite or just melt.
- i do not know if the plastic just melted could it have melted and jammed the locking mechanism making it impossible to exit or enter via this door.
- at the time i purchased the kwikset lock that failed i purchased an identical lock, only difference is the color, and installed it in another door.",44354.0,,,,,,,,,,,,,,,,,,,,,,,
1.0,Boo 😒,This was not the dried ant I ordered or match the pic? The pic has a clear cap and the photo attached is the dark cap. Disappointed I can’t find the clear cap anywhere,b01mruque2,2020-08-20,dried ant ordered match pic clear cap photo attached dark disappointed cant find anywhere,dried ant ordered match pic clear cap photo attached dark disappointed cant find anywhere,Dove Men+Care Antiperspirant for Men Minerals and Sage with 48-Hour Sweat and Body Odor Protection 2.7 oz (Packaging may vary),All Beauty,b01mruque2,unilever,dove men + care,079400597328,en,False,False,True,True,11/22/2020 0:00,stick deordeant manufacturing defect. sharp edges with plastic pieces protruding cut my arm pit durning application,44112.0,,,,,,,,,,,,,,,,,,,,,,,
4.0,Good for reaching back teeth!,"Brilliant!  I love the idea and I feel like these are a most excellent addition to brushing with a normal brush, especially for kids.  The brush heads are perfectly angled for brushing the gumline on the inside and outside faces of the teeth, areas that are sometimes hard to remember to brush due to being invisible and sometimes hard to reach.  However, the brush is not really useful fro brushing front teeth, which is why I think it works best in conjunction with a regular brush.",b007mrorwq,2015-04-09,brilliant love idea feel like excellent addition brushing normal brush especially kid head perfectly angled gumline inside outside face teeth area sometimes hard remember due invisible reach however really useful fro front think work best conjunction regular,brilliant love idea feel like excellent addition brushing normal brush especially kid head perfectly angled gumline inside outside face teeth area sometimes hard remember due invisible reach however really useful fro front think work best conjunction regular,Surround® Toothbrush (Pack of 4),All Beauty,stb4,specialized care co inc,specialized care co inc,859938000121,en,False,False,True,True,9/24/2021 0:00,"my kwikset 99380-001 halo wi-fi smart lock keyless entry electronic keypad deadbolt melted and burned the tips of two of my fingers on sept 23, 2021.
on the late evening of sept 22, 2021 i was in the laundry room that has a door to the garage and i thought i smelled a faint smell of something odd, like a sort of burnt toast.   i checked all around and could not find the smell and it went away.   the following day the kwikset door lock in this room alerted us that its battery was dead and needed replacing.   later on sept 23, 2021 i removed the battery pack from the lock housing and replaced all three 1.5 volt aa batteries, then reinstalled the battery pack .  i then went to verify the locks operation and the lock would illuminate but would not lock or unlock.  then i started to smell a strong smell of something burning and i could see smoke emanating from the just installed battery pack.   i tried to remove the battery pack from the lock housing by lifting up on the plastic removal tab, as i had done previously, it is at this point i burnt my finger tips on the molten plastic.   i then went to the garage and got a dental pick to pull the battery pack out.  once the battery pack was removed the battery pack stopped melting and smoking.   
my fingers were sore but ok, no lasting damage.   
i then notified kwikset about what just happened and uploaded pictures to them using their online tool.  
i asked kwikset if there were any recalls on this product and they said no and there were no know issues. they issued me a case number and said they wanted the complete assembly returned to them for analysis using the prepaid label they provided.
they told me they were sending me a identical replacement as soon as they reviewed the pictures.
i am concerned for several reasons:
- my fingers got burned.
- i do not know what would have happened if i was not home and this happened as the door to the garage is a light wood door.  i do not know if the plastic in the battery pack and cover would ignite or just melt.
- i do not know if the plastic just melted could it have melted and jammed the locking mechanism making it impossible to exit or enter via this door.
- at the time i purchased the kwikset lock that failed i purchased an identical lock, only difference is the color, and installed it in another door.",44354.0,,,,,,,,,,,,,,,,,,,,,,,
5.0,It's a fabulous product,"I really like it, it has a nice light coating, not too much of a residue. I like the scent. It's the best underarm deodorant I ever used.",b01mruque2,2020-05-17,really like nice light coating much residue scent best underarm deodorant ever used,really like nice light coating much residue scent best underarm deodorant ever used,Dove Men+Care Antiperspirant for Men Minerals and Sage with 48-Hour Sweat and Body Odor Protection 2.7 oz (Packaging may vary),All Beauty,b01mruque2,unilever,dove men + care,079400597328,en,False,False,True,True,11/22/2020 0:00,stick deordeant manufacturing defect. sharp edges with plastic pieces protruding cut my arm pit durning application,44112.0,,,,,,,,,,,,,,,,,,,,,,,
5.0,Excellent,"One of the best brush I seen before, especial for kid and people with special needed. I recommend a lot.",b007mrorwq,2013-07-26,one best brush seen especial kid people special needed recommend lot,one best brush seen especial kid people special needed recommend lot,Surround® Toothbrush (Pack of 4),All Beauty,stb4,specialized care co inc,specialized care co inc,859938000121,en,False,False,True,True,9/24/2021 0:00,"my kwikset 99380-001 halo wi-fi smart lock keyless entry electronic keypad deadbolt melted and burned the tips of two of my fingers on sept 23, 2021.
on the late evening of sept 22, 2021 i was in the laundry room that has a door to the garage and i thought i smelled a faint smell of something odd, like a sort of burnt toast.   i checked all around and could not find the smell and it went away.   the following day the kwikset door lock in this room alerted us that its battery was dead and needed replacing.   later on sept 23, 2021 i removed the battery pack from the lock housing and replaced all three 1.5 volt aa batteries, then reinstalled the battery pack .  i then went to verify the locks operation and the lock would illuminate but would not lock or unlock.  then i started to smell a strong smell of something burning and i could see smoke emanating from the just installed battery pack.   i tried to remove the battery pack from the lock housing by lifting up on the plastic removal tab, as i had done previously, it is at this point i burnt my finger tips on the molten plastic.   i then went to the garage and got a dental pick to pull the battery pack out.  once the battery pack was removed the battery pack stopped melting and smoking.   
my fingers were sore but ok, no lasting damage.   
i then notified kwikset about what just happened and uploaded pictures to them using their online tool.  
i asked kwikset if there were any recalls on this product and they said no and there were no know issues. they issued me a case number and said they wanted the complete assembly returned to them for analysis using the prepaid label they provided.
they told me they were sending me a identical replacement as soon as they reviewed the pictures.
i am concerned for several reasons:
- my fingers got burned.
- i do not know what would have happened if i was not home and this happened as the door to the garage is a light wood door.  i do not know if the plastic in the battery pack and cover would ignite or just melt.
- i do not know if the plastic just melted could it have melted and jammed the locking mechanism making it impossible to exit or enter via this door.
- at the time i purchased the kwikset lock that failed i purchased an identical lock, only difference is the color, and installed it in another door.",44354.0,,,,,,,,,,,,,,,,,,,,,,,
3.0,Decent product but HARD bristles,"I wanted this to be super awesome, and the concept is great.  But this is like the hardest bristle I have ever used.  Definitely not soft.  Definitely not even medium.  I used mine for a couple of days, but switched back to my spin brush type toothbrush.  This just shredded my gums.  If this were available in a softer bristle, I would definitely buy them.  Great concept, though.  Hanging on to mine as a backup brush.",b007mrorwq,2013-08-23,wanted super awesome concept great like hardest bristle ever used definitely soft even medium mine couple day switched back spin brush type toothbrush shredded gum available softer would buy though hanging backup,wanted super awesome concept great like hardest bristle ever used definitely soft even medium mine couple day switched back spin brush type toothbrush shredded gum available softer would buy though hanging backup,Surround® Toothbrush (Pack of 4),All Beauty,stb4,specialized care co inc,specialized care co inc,859938000121,en,False,False,True,True,9/24/2021 0:00,"my kwikset 99380-001 halo wi-fi smart lock keyless entry electronic keypad deadbolt melted and burned the tips of two of my fingers on sept 23, 2021.
on the late evening of sept 22, 2021 i was in the laundry room that has a door to the garage and i thought i smelled a faint smell of something odd, like a sort of burnt toast.   i checked all around and could not find the smell and it went away.   the following day the kwikset door lock in this room alerted us that its battery was dead and needed replacing.   later on sept 23, 2021 i removed the battery pack from the lock housing and replaced all three 1.5 volt aa batteries, then reinstalled the battery pack .  i then went to verify the locks operation and the lock would illuminate but would not lock or unlock.  then i started to smell a strong smell of something burning and i could see smoke emanating from the just installed battery pack.   i tried to remove the battery pack from the lock housing by lifting up on the plastic removal tab, as i had done previously, it is at this point i burnt my finger tips on the molten plastic.   i then went to the garage and got a dental pick to pull the battery pack out.  once the battery pack was removed the battery pack stopped melting and smoking.   
my fingers were sore but ok, no lasting damage.   
i then notified kwikset about what just happened and uploaded pictures to them using their online tool.  
i asked kwikset if there were any recalls on this product and they said no and there were no know issues. they issued me a case number and said they wanted the complete assembly returned to them for analysis using the prepaid label they provided.
they told me they were sending me a identical replacement as soon as they reviewed the pictures.
i am concerned for several reasons:
- my fingers got burned.
- i do not know what would have happened if i was not home and this happened as the door to the garage is a light wood door.  i do not know if the plastic in the battery pack and cover would ignite or just melt.
- i do not know if the plastic just melted could it have melted and jammed the locking mechanism making it impossible to exit or enter via this door.
- at the time i purchased the kwikset lock that failed i purchased an identical lock, only difference is the color, and installed it in another door.",44354.0,,,,,,,,,,,,,,,,,,,,,,,
3.0,Three Stars,These sure are not as good as the electric one!,b007mrorwq,2016-02-18,sure good electric one,sure good electric one,Surround® Toothbrush (Pack of 4),All Beauty,stb4,specialized care co inc,specialized care co inc,859938000121,en,False,False,True,True,9/24/2021 0:00,"my kwikset 99380-001 halo wi-fi smart lock keyless entry electronic keypad deadbolt melted and burned the tips of two of my fingers on sept 23, 2021.
on the late evening of sept 22, 2021 i was in the laundry room that has a door to the garage and i thought i smelled a faint smell of something odd, like a sort of burnt toast.   i checked all around and could not find the smell and it went away.   the following day the kwikset door lock in this room alerted us that its battery was dead and needed replacing.   later on sept 23, 2021 i removed the battery pack from the lock housing and replaced all three 1.5 volt aa batteries, then reinstalled the battery pack .  i then went to verify the locks operation and the lock would illuminate but would not lock or unlock.  then i started to smell a strong smell of something burning and i could see smoke emanating from the just installed battery pack.   i tried to remove the battery pack from the lock housing by lifting up on the plastic removal tab, as i had done previously, it is at this point i burnt my finger tips on the molten plastic.   i then went to the garage and got a dental pick to pull the battery pack out.  once the battery pack was removed the battery pack stopped melting and smoking.   
my fingers were sore but ok, no lasting damage.   
i then notified kwikset about what just happened and uploaded pictures to them using their online tool.  
i asked kwikset if there were any recalls on this product and they said no and there were no know issues. they issued me a case number and said they wanted the complete assembly returned to them for analysis using the prepaid label they provided.
they told me they were sending me a identical replacement as soon as they reviewed the pictures.
i am concerned for several reasons:
- my fingers got burned.
- i do not know what would have happened if i was not home and this happened as the door to the garage is a light wood door.  i do not know if the plastic in the battery pack and cover would ignite or just melt.
- i do not know if the plastic just melted could it have melted and jammed the locking mechanism making it impossible to exit or enter via this door.
- at the time i purchased the kwikset lock that failed i purchased an identical lock, only difference is the color, and installed it in another door.",44354.0,,,,,,,,,,,,,,,,,,,,,,,
5.0,Great for the Mentally Challenged,"I care for my adult, mentally challenged sister, and these toothbrushes have been a God send. Teeth brushing is not one of her favorite things to do, but with this toothbrush, the task has been made okay by her. She willingly lets me brush her teeth now instead of fighting it. Thank you!",b007mrorwq,2014-01-12,care adult mentally challenged sister toothbrush god send teeth brushing one favorite thing task made okay willingly let brush instead fighting thank,care adult mentally challenged sister toothbrush god send teeth brushing one favorite thing task made okay willingly let brush instead fighting thank,Surround® Toothbrush (Pack of 4),All Beauty,stb4,specialized care co inc,specialized care co inc,859938000121,en,False,False,True,True,9/24/2021 0:00,"my kwikset 99380-001 halo wi-fi smart lock keyless entry electronic keypad deadbolt melted and burned the tips of two of my fingers on sept 23, 2021.
on the late evening of sept 22, 2021 i was in the laundry room that has a door to the garage and i thought i smelled a faint smell of something odd, like a sort of burnt toast.   i checked all around and could not find the smell and it went away.   the following day the kwikset door lock in this room alerted us that its battery was dead and needed replacing.   later on sept 23, 2021 i removed the battery pack from the lock housing and replaced all three 1.5 volt aa batteries, then reinstalled the battery pack .  i then went to verify the locks operation and the lock would illuminate but would not lock or unlock.  then i started to smell a strong smell of something burning and i could see smoke emanating from the just installed battery pack.   i tried to remove the battery pack from the lock housing by lifting up on the plastic removal tab, as i had done previously, it is at this point i burnt my finger tips on the molten plastic.   i then went to the garage and got a dental pick to pull the battery pack out.  once the battery pack was removed the battery pack stopped melting and smoking.   
my fingers were sore but ok, no lasting damage.   
i then notified kwikset about what just happened and uploaded pictures to them using their online tool.  
i asked kwikset if there were any recalls on this product and they said no and there were no know issues. they issued me a case number and said they wanted the complete assembly returned to them for analysis using the prepaid label they provided.
they told me they were sending me a identical replacement as soon as they reviewed the pictures.
i am concerned for several reasons:
- my fingers got burned.
- i do not know what would have happened if i was not home and this happened as the door to the garage is a light wood door.  i do not know if the plastic in the battery pack and cover would ignite or just melt.
- i do not know if the plastic just melted could it have melted and jammed the locking mechanism making it impossible to exit or enter via this door.
- at the time i purchased the kwikset lock that failed i purchased an identical lock, only difference is the color, and installed it in another door.",44354.0,,,,,,,,,,,,,,,,,,,,,,,
1.0,Product sent was not “aluminum free” and had a hair in it,It does not say “formulated with aluminum” as shown and clearly has aluminum in it. It was also used and there was a piece of hair in it.,b01mruque2,2020-11-12,say formulated aluminum shown clearly also used piece hair,say formulated aluminum shown clearly also used piece hair,Dove Men+Care Antiperspirant for Men Minerals and Sage with 48-Hour Sweat and Body Odor Protection 2.7 oz (Packaging may vary),All Beauty,b01mruque2,unilever,dove men + care,079400597328,en,False,False,True,True,11/22/2020 0:00,stick deordeant manufacturing defect. sharp edges with plastic pieces protruding cut my arm pit durning application,44112.0,,,,,,,,,,,,,,,,,,,,,,,
5.0,Great product,My 6 year old autistic son uses this toothbrush each day and night. No cavities.,b007mrorwq,2014-08-13,year old autistic son us toothbrush day night cavity,year old autistic son us toothbrush day night cavity,Surround® Toothbrush (Pack of 4),All Beauty,stb4,specialized care co inc,specialized care co inc,859938000121,en,False,False,True,True,9/24/2021 0:00,"my kwikset 99380-001 halo wi-fi smart lock keyless entry electronic keypad deadbolt melted and burned the tips of two of my fingers on sept 23, 2021.
on the late evening of sept 22, 2021 i was in the laundry room that has a door to the garage and i thought i smelled a faint smell of something odd, like a sort of burnt toast.   i checked all around and could not find the smell and it went away.   the following day the kwikset door lock in this room alerted us that its battery was dead and needed replacing.   later on sept 23, 2021 i removed the battery pack from the lock housing and replaced all three 1.5 volt aa batteries, then reinstalled the battery pack .  i then went to verify the locks operation and the lock would illuminate but would not lock or unlock.  then i started to smell a strong smell of something burning and i could see smoke emanating from the just installed battery pack.   i tried to remove the battery pack from the lock housing by lifting up on the plastic removal tab, as i had done previously, it is at this point i burnt my finger tips on the molten plastic.   i then went to the garage and got a dental pick to pull the battery pack out.  once the battery pack was removed the battery pack stopped melting and smoking.   
my fingers were sore but ok, no lasting damage.   
i then notified kwikset about what just happened and uploaded pictures to them using their online tool.  
i asked kwikset if there were any recalls on this product and they said no and there were no know issues. they issued me a case number and said they wanted the complete assembly returned to them for analysis using the prepaid label they provided.
they told me they were sending me a identical replacement as soon as they reviewed the pictures.
i am concerned for several reasons:
- my fingers got burned.
- i do not know what would have happened if i was not home and this happened as the door to the garage is a light wood door.  i do not know if the plastic in the battery pack and cover would ignite or just melt.
- i do not know if the plastic just melted could it have melted and jammed the locking mechanism making it impossible to exit or enter via this door.
- at the time i purchased the kwikset lock that failed i purchased an identical lock, only difference is the color, and installed it in another door.",44354.0,,,,,,,,,,,,,,,,,,,,,,,
5.0,Five Stars,How To Get Autistic Kids to Brush?...BUY THESE!,b007mrorwq,2017-03-12,get autistic kid brushbuy,get autistic kid brushbuy,Surround® Toothbrush (Pack of 4),All Beauty,stb4,specialized care co inc,specialized care co inc,859938000121,en,False,False,True,True,9/24/2021 0:00,"my kwikset 99380-001 halo wi-fi smart lock keyless entry electronic keypad deadbolt melted and burned the tips of two of my fingers on sept 23, 2021.
on the late evening of sept 22, 2021 i was in the laundry room that has a door to the garage and i thought i smelled a faint smell of something odd, like a sort of burnt toast.   i checked all around and could not find the smell and it went away.   the following day the kwikset door lock in this room alerted us that its battery was dead and needed replacing.   later on sept 23, 2021 i removed the battery pack from the lock housing and replaced all three 1.5 volt aa batteries, then reinstalled the battery pack .  i then went to verify the locks operation and the lock would illuminate but would not lock or unlock.  then i started to smell a strong smell of something burning and i could see smoke emanating from the just installed battery pack.   i tried to remove the battery pack from the lock housing by lifting up on the plastic removal tab, as i had done previously, it is at this point i burnt my finger tips on the molten plastic.   i then went to the garage and got a dental pick to pull the battery pack out.  once the battery pack was removed the battery pack stopped melting and smoking.   
my fingers were sore but ok, no lasting damage.   
i then notified kwikset about what just happened and uploaded pictures to them using their online tool.  
i asked kwikset if there were any recalls on this product and they said no and there were no know issues. they issued me a case number and said they wanted the complete assembly returned to them for analysis using the prepaid label they provided.
they told me they were sending me a identical replacement as soon as they reviewed the pictures.
i am concerned for several reasons:
- my fingers got burned.
- i do not know what would have happened if i was not home and this happened as the door to the garage is a light wood door.  i do not know if the plastic in the battery pack and cover would ignite or just melt.
- i do not know if the plastic just melted could it have melted and jammed the locking mechanism making it impossible to exit or enter via this door.
- at the time i purchased the kwikset lock that failed i purchased an identical lock, only difference is the color, and installed it in another door.",44354.0,,,,,,,,,,,,,,,,,,,,,,,
5.0,Love it,"My favorite deodorant, smalls great and works good for the day!",b01mruque2,2021-03-19,favorite deodorant small great work good day,favorite deodorant small great work good day,Dove Men+Care Antiperspirant for Men Minerals and Sage with 48-Hour Sweat and Body Odor Protection 2.7 oz (Packaging may vary),All Beauty,b01mruque2,unilever,dove men + care,079400597328,en,False,False,True,True,11/22/2020 0:00,stick deordeant manufacturing defect. sharp edges with plastic pieces protruding cut my arm pit durning application,44112.0,,,,,,,,,,,,,,,,,,,,,,,
5.0,Best toothbrushes ever,These are the best toothbrushes ever.  I've used them for years and give them to all my kids and grand kids.,b007mrorwq,2017-01-27,best toothbrush ever ive used year give kid grand,best toothbrush ever ive used year give kid grand,Surround® Toothbrush (Pack of 4),All Beauty,stb4,specialized care co inc,specialized care co inc,859938000121,en,False,False,True,True,9/24/2021 0:00,"my kwikset 99380-001 halo wi-fi smart lock keyless entry electronic keypad deadbolt melted and burned the tips of two of my fingers on sept 23, 2021.
on the late evening of sept 22, 2021 i was in the laundry room that has a door to the garage and i thought i smelled a faint smell of something odd, like a sort of burnt toast.   i checked all around and could not find the smell and it went away.   the following day the kwikset door lock in this room alerted us that its battery was dead and needed replacing.   later on sept 23, 2021 i removed the battery pack from the lock housing and replaced all three 1.5 volt aa batteries, then reinstalled the battery pack .  i then went to verify the locks operation and the lock would illuminate but would not lock or unlock.  then i started to smell a strong smell of something burning and i could see smoke emanating from the just installed battery pack.   i tried to remove the battery pack from the lock housing by lifting up on the plastic removal tab, as i had done previously, it is at this point i burnt my finger tips on the molten plastic.   i then went to the garage and got a dental pick to pull the battery pack out.  once the battery pack was removed the battery pack stopped melting and smoking.   
my fingers were sore but ok, no lasting damage.   
i then notified kwikset about what just happened and uploaded pictures to them using their online tool.  
i asked kwikset if there were any recalls on this product and they said no and there were no know issues. they issued me a case number and said they wanted the complete assembly returned to them for analysis using the prepaid label they provided.
they told me they were sending me a identical replacement as soon as they reviewed the pictures.
i am concerned for several reasons:
- my fingers got burned.
- i do not know what would have happened if i was not home and this happened as the door to the garage is a light wood door.  i do not know if the plastic in the battery pack and cover would ignite or just melt.
- i do not know if the plastic just melted could it have melted and jammed the locking mechanism making it impossible to exit or enter via this door.
- at the time i purchased the kwikset lock that failed i purchased an identical lock, only difference is the color, and installed it in another door.",44354.0,,,,,,,,,,,,,,,,,,,,,,,
5.0,Best toothbrush ever even for adults,"Best toothbrush ever even for adults!!!! Omg!!! Why didn't I see this before now!!!!! I got it for myself and It cleans so well and you don't need to apply so much pressure, literally it does magic and your teeth comes out not only feeling fresh in and out but also plaque free and sparkling!!! I highly recommend!",b007mrorwq,2015-08-25,best toothbrush ever even adult omg didnt see got clean well dont need apply much pressure literally magic teeth come feeling fresh also plaque free sparkling highly recommend,best toothbrush ever even adult omg didnt see got clean well dont need apply much pressure literally magic teeth come feeling fresh also plaque free sparkling highly recommend,Surround® Toothbrush (Pack of 4),All Beauty,stb4,specialized care co inc,specialized care co inc,859938000121,en,False,False,True,True,9/24/2021 0:00,"my kwikset 99380-001 halo wi-fi smart lock keyless entry electronic keypad deadbolt melted and burned the tips of two of my fingers on sept 23, 2021.
on the late evening of sept 22, 2021 i was in the laundry room that has a door to the garage and i thought i smelled a faint smell of something odd, like a sort of burnt toast.   i checked all around and could not find the smell and it went away.   the following day the kwikset door lock in this room alerted us that its battery was dead and needed replacing.   later on sept 23, 2021 i removed the battery pack from the lock housing and replaced all three 1.5 volt aa batteries, then reinstalled the battery pack .  i then went to verify the locks operation and the lock would illuminate but would not lock or unlock.  then i started to smell a strong smell of something burning and i could see smoke emanating from the just installed battery pack.   i tried to remove the battery pack from the lock housing by lifting up on the plastic removal tab, as i had done previously, it is at this point i burnt my finger tips on the molten plastic.   i then went to the garage and got a dental pick to pull the battery pack out.  once the battery pack was removed the battery pack stopped melting and smoking.   
my fingers were sore but ok, no lasting damage.   
i then notified kwikset about what just happened and uploaded pictures to them using their online tool.  
i asked kwikset if there were any recalls on this product and they said no and there were no know issues. they issued me a case number and said they wanted the complete assembly returned to them for analysis using the prepaid label they provided.
they told me they were sending me a identical replacement as soon as they reviewed the pictures.
i am concerned for several reasons:
- my fingers got burned.
- i do not know what would have happened if i was not home and this happened as the door to the garage is a light wood door.  i do not know if the plastic in the battery pack and cover would ignite or just melt.
- i do not know if the plastic just melted could it have melted and jammed the locking mechanism making it impossible to exit or enter via this door.
- at the time i purchased the kwikset lock that failed i purchased an identical lock, only difference is the color, and installed it in another door.",44354.0,,,,,,,,,,,,,,,,,,,,,,,
5.0,Excellent product.,Awesome product for our son that has autism.  They make keeping up with Dental hygiene much less stressful.  Great product.,b007mrorwq,2015-07-12,awesome product son autism make keeping dental hygiene much less stressful great,awesome product son autism make keeping dental hygiene much less stressful great,Surround® Toothbrush (Pack of 4),All Beauty,stb4,specialized care co inc,specialized care co inc,859938000121,en,False,False,True,True,9/24/2021 0:00,"my kwikset 99380-001 halo wi-fi smart lock keyless entry electronic keypad deadbolt melted and burned the tips of two of my fingers on sept 23, 2021.
on the late evening of sept 22, 2021 i was in the laundry room that has a door to the garage and i thought i smelled a faint smell of something odd, like a sort of burnt toast.   i checked all around and could not find the smell and it went away.   the following day the kwikset door lock in this room alerted us that its battery was dead and needed replacing.   later on sept 23, 2021 i removed the battery pack from the lock housing and replaced all three 1.5 volt aa batteries, then reinstalled the battery pack .  i then went to verify the locks operation and the lock would illuminate but would not lock or unlock.  then i started to smell a strong smell of something burning and i could see smoke emanating from the just installed battery pack.   i tried to remove the battery pack from the lock housing by lifting up on the plastic removal tab, as i had done previously, it is at this point i burnt my finger tips on the molten plastic.   i then went to the garage and got a dental pick to pull the battery pack out.  once the battery pack was removed the battery pack stopped melting and smoking.   
my fingers were sore but ok, no lasting damage.   
i then notified kwikset about what just happened and uploaded pictures to them using their online tool.  
i asked kwikset if there were any recalls on this product and they said no and there were no know issues. they issued me a case number and said they wanted the complete assembly returned to them for analysis using the prepaid label they provided.
they told me they were sending me a identical replacement as soon as they reviewed the pictures.
i am concerned for several reasons:
- my fingers got burned.
- i do not know what would have happened if i was not home and this happened as the door to the garage is a light wood door.  i do not know if the plastic in the battery pack and cover would ignite or just melt.
- i do not know if the plastic just melted could it have melted and jammed the locking mechanism making it impossible to exit or enter via this door.
- at the time i purchased the kwikset lock that failed i purchased an identical lock, only difference is the color, and installed it in another door.",44354.0,,,,,,,,,,,,,,,,,,,,,,,
4.0,Love them. Cuts the time into fraction,Love them. Cuts the time into fraction. I have the chunky handles too so that my son can &#34;help&#34; if he so chooses. The texture is not offensive to him.,b007mrorwq,2017-03-30,love cut time fraction chunky handle son help chooses texture offensive,love cut time fraction chunky handle son help chooses texture offensive,Surround® Toothbrush (Pack of 4),All Beauty,stb4,specialized care co inc,specialized care co inc,859938000121,en,False,False,True,True,9/24/2021 0:00,"my kwikset 99380-001 halo wi-fi smart lock keyless entry electronic keypad deadbolt melted and burned the tips of two of my fingers on sept 23, 2021.
on the late evening of sept 22, 2021 i was in the laundry room that has a door to the garage and i thought i smelled a faint smell of something odd, like a sort of burnt toast.   i checked all around and could not find the smell and it went away.   the following day the kwikset door lock in this room alerted us that its battery was dead and needed replacing.   later on sept 23, 2021 i removed the battery pack from the lock housing and replaced all three 1.5 volt aa batteries, then reinstalled the battery pack .  i then went to verify the locks operation and the lock would illuminate but would not lock or unlock.  then i started to smell a strong smell of something burning and i could see smoke emanating from the just installed battery pack.   i tried to remove the battery pack from the lock housing by lifting up on the plastic removal tab, as i had done previously, it is at this point i burnt my finger tips on the molten plastic.   i then went to the garage and got a dental pick to pull the battery pack out.  once the battery pack was removed the battery pack stopped melting and smoking.   
my fingers were sore but ok, no lasting damage.   
i then notified kwikset about what just happened and uploaded pictures to them using their online tool.  
i asked kwikset if there were any recalls on this product and they said no and there were no know issues. they issued me a case number and said they wanted the complete assembly returned to them for analysis using the prepaid label they provided.
they told me they were sending me a identical replacement as soon as they reviewed the pictures.
i am concerned for several reasons:
- my fingers got burned.
- i do not know what would have happened if i was not home and this happened as the door to the garage is a light wood door.  i do not know if the plastic in the battery pack and cover would ignite or just melt.
- i do not know if the plastic just melted could it have melted and jammed the locking mechanism making it impossible to exit or enter via this door.
- at the time i purchased the kwikset lock that failed i purchased an identical lock, only difference is the color, and installed it in another door.",44354.0,,,,,,,,,,,,,,,,,,,,,,,
5.0,These are very nice.,I purchased these for four ladies whom I assist with in a group home for disabled adults. Their moths tend to be smaller in size and regular toothbrushes are just not compatible.  These are very nice.,b007mrorwq,2017-10-28,purchased four lady assist group home disabled adult moth tend smaller size regular toothbrush compatible nice,purchased four lady assist group home disabled adult moth tend smaller size regular toothbrush compatible nice,Surround® Toothbrush (Pack of 4),All Beauty,stb4,specialized care co inc,specialized care co inc,859938000121,en,False,False,True,True,9/24/2021 0:00,"my kwikset 99380-001 halo wi-fi smart lock keyless entry electronic keypad deadbolt melted and burned the tips of two of my fingers on sept 23, 2021.
on the late evening of sept 22, 2021 i was in the laundry room that has a door to the garage and i thought i smelled a faint smell of something odd, like a sort of burnt toast.   i checked all around and could not find the smell and it went away.   the following day the kwikset door lock in this room alerted us that its battery was dead and needed replacing.   later on sept 23, 2021 i removed the battery pack from the lock housing and replaced all three 1.5 volt aa batteries, then reinstalled the battery pack .  i then went to verify the locks operation and the lock would illuminate but would not lock or unlock.  then i started to smell a strong smell of something burning and i could see smoke emanating from the just installed battery pack.   i tried to remove the battery pack from the lock housing by lifting up on the plastic removal tab, as i had done previously, it is at this point i burnt my finger tips on the molten plastic.   i then went to the garage and got a dental pick to pull the battery pack out.  once the battery pack was removed the battery pack stopped melting and smoking.   
my fingers were sore but ok, no lasting damage.   
i then notified kwikset about what just happened and uploaded pictures to them using their online tool.  
i asked kwikset if there were any recalls on this product and they said no and there were no know issues. they issued me a case number and said they wanted the complete assembly returned to them for analysis using the prepaid label they provided.
they told me they were sending me a identical replacement as soon as they reviewed the pictures.
i am concerned for several reasons:
- my fingers got burned.
- i do not know what would have happened if i was not home and this happened as the door to the garage is a light wood door.  i do not know if the plastic in the battery pack and cover would ignite or just melt.
- i do not know if the plastic just melted could it have melted and jammed the locking mechanism making it impossible to exit or enter via this door.
- at the time i purchased the kwikset lock that failed i purchased an identical lock, only difference is the color, and installed it in another door.",44354.0,,,,,,,,,,,,,,,,,,,,,,,
5.0,Great Product,I got these for my 8 year old son with Autism. They have soft bristles like a regular tooth brush. (I've gotten others in the past that had sharp plastic bristles and were not good.) These make tooth brushing time much more pleasant!,b007mrorwq,2014-04-26,got year old son autism soft bristle like regular tooth brush ive gotten others past sharp plastic good make brushing time much pleasant,got year old son autism soft bristle like regular tooth brush ive gotten others past sharp plastic good make brushing time much pleasant,Surround® Toothbrush (Pack of 4),All Beauty,stb4,specialized care co inc,specialized care co inc,859938000121,en,False,False,True,True,9/24/2021 0:00,"my kwikset 99380-001 halo wi-fi smart lock keyless entry electronic keypad deadbolt melted and burned the tips of two of my fingers on sept 23, 2021.
on the late evening of sept 22, 2021 i was in the laundry room that has a door to the garage and i thought i smelled a faint smell of something odd, like a sort of burnt toast.   i checked all around and could not find the smell and it went away.   the following day the kwikset door lock in this room alerted us that its battery was dead and needed replacing.   later on sept 23, 2021 i removed the battery pack from the lock housing and replaced all three 1.5 volt aa batteries, then reinstalled the battery pack .  i then went to verify the locks operation and the lock would illuminate but would not lock or unlock.  then i started to smell a strong smell of something burning and i could see smoke emanating from the just installed battery pack.   i tried to remove the battery pack from the lock housing by lifting up on the plastic removal tab, as i had done previously, it is at this point i burnt my finger tips on the molten plastic.   i then went to the garage and got a dental pick to pull the battery pack out.  once the battery pack was removed the battery pack stopped melting and smoking.   
my fingers were sore but ok, no lasting damage.   
i then notified kwikset about what just happened and uploaded pictures to them using their online tool.  
i asked kwikset if there were any recalls on this product and they said no and there were no know issues. they issued me a case number and said they wanted the complete assembly returned to them for analysis using the prepaid label they provided.
they told me they were sending me a identical replacement as soon as they reviewed the pictures.
i am concerned for several reasons:
- my fingers got burned.
- i do not know what would have happened if i was not home and this happened as the door to the garage is a light wood door.  i do not know if the plastic in the battery pack and cover would ignite or just melt.
- i do not know if the plastic just melted could it have melted and jammed the locking mechanism making it impossible to exit or enter via this door.
- at the time i purchased the kwikset lock that failed i purchased an identical lock, only difference is the color, and installed it in another door.",44354.0,,,,,,,,,,,,,,,,,,,,,,,
5.0,Easy to install,I had to buy twice the first color didn’t work for me but this one was perfect! My hairdresser said they were easy to put in. Unfortunately I have an extreme amount of hair and had to order two more  packages. I only ordered 3.,b07nsphl5v,2020-06-22,buy twice first color didnt work one perfect hairdresser said easy put unfortunately extreme amount hair order two package ordered,buy twice first color didnt work one perfect hairdresser said easy put unfortunately extreme amount hair order two package ordered,LaaVoo 14inch Micro Loop Hair Extensions Human Hair Highlighted Ash Brown to Light Blonde Remy Human Hair Extensions Virgin Silicone Micro Beads Stick Tip Hair Extension 50g/50s#P8/24,All Beauty,none,none,laavoo,733205125123786784889405733205130066,en,False,False,True,True,12/2/2019 0:00,"as our crock pot was cooling off, i heard a loud pop. the lid had broken into many pieces. most of the pieces were still stuck together, but some had fallen into the food and some were on the counter top. i think the lid was glass. the broken bits were sharp. not as bad as some broken glass, but certainly too sharp to eat! also too sharp to step on, handle without extreme caution, etc.

your form forces me to pick one ""victim"", but i'd say both my wife and i could be considered ""victims"". otoh, no one was actually injured because we cleaned up the glass.

your default image upload requires flash, which my web browser doesn't allow. the ""classic upload"" is tedious. ",43101.0,,,,,,,,,,,,,,,,,,,,,,,
3.0,Three Stars,"bulkier than expected, but strong",b007mrorwq,2016-02-01,bulkier expected strong,bulkier expected strong,Surround® Toothbrush (Pack of 4),All Beauty,stb4,specialized care co inc,specialized care co inc,859938000121,en,False,False,True,True,9/24/2021 0:00,"my kwikset 99380-001 halo wi-fi smart lock keyless entry electronic keypad deadbolt melted and burned the tips of two of my fingers on sept 23, 2021.
on the late evening of sept 22, 2021 i was in the laundry room that has a door to the garage and i thought i smelled a faint smell of something odd, like a sort of burnt toast.   i checked all around and could not find the smell and it went away.   the following day the kwikset door lock in this room alerted us that its battery was dead and needed replacing.   later on sept 23, 2021 i removed the battery pack from the lock housing and replaced all three 1.5 volt aa batteries, then reinstalled the battery pack .  i then went to verify the locks operation and the lock would illuminate but would not lock or unlock.  then i started to smell a strong smell of something burning and i could see smoke emanating from the just installed battery pack.   i tried to remove the battery pack from the lock housing by lifting up on the plastic removal tab, as i had done previously, it is at this point i burnt my finger tips on the molten plastic.   i then went to the garage and got a dental pick to pull the battery pack out.  once the battery pack was removed the battery pack stopped melting and smoking.   
my fingers were sore but ok, no lasting damage.   
i then notified kwikset about what just happened and uploaded pictures to them using their online tool.  
i asked kwikset if there were any recalls on this product and they said no and there were no know issues. they issued me a case number and said they wanted the complete assembly returned to them for analysis using the prepaid label they provided.
they told me they were sending me a identical replacement as soon as they reviewed the pictures.
i am concerned for several reasons:
- my fingers got burned.
- i do not know what would have happened if i was not home and this happened as the door to the garage is a light wood door.  i do not know if the plastic in the battery pack and cover would ignite or just melt.
- i do not know if the plastic just melted could it have melted and jammed the locking mechanism making it impossible to exit or enter via this door.
- at the time i purchased the kwikset lock that failed i purchased an identical lock, only difference is the color, and installed it in another door.",44354.0,,,,,,,,,,,,,,,,,,,,,,,
5.0,I will buy again,I really like the braids they last me 2 months they didn't undo they did get a little frenzy but not much,b087lng4zh,2020-10-13,really like braid last month didnt undo get little frenzy much,really like braid last month didnt undo get little frenzy much,VERVES Crochet braids Ombre Synthetic Braiding Hair Kanekalon Fiber Bulk braid 24 inch box braid 22 Roots/pack (6pack 22#),All Beauty,none,none,none,751823718473,en,False,False,True,True,12/29/2019 0:00,"i purchased a sofa from overstock.com. it was a reclining sofa. specifically the austin reclining sofa by greyson living. there was a spring that literally came out of the couch, and tonight when my child sat on it, a metal bar broke. just broke straight across the seat. (my kiddo is not overweight. sheâs 80 lbs, and 5â4â.)  this sofa is a hazard.",43693.0,,,,,,,,,,,,,,,,,,,,,,,
5.0,Won't buy any other tooth brush for my son,"Makes brushing my autistic son's teeth so much easier!  Plus, my husband wants one!",b007mrorwq,2016-05-16,make brushing autistic son teeth much easier plus husband want one,make brushing autistic son teeth much easier plus husband want one,Surround® Toothbrush (Pack of 4),All Beauty,stb4,specialized care co inc,specialized care co inc,859938000121,en,False,False,True,True,9/24/2021 0:00,"my kwikset 99380-001 halo wi-fi smart lock keyless entry electronic keypad deadbolt melted and burned the tips of two of my fingers on sept 23, 2021.
on the late evening of sept 22, 2021 i was in the laundry room that has a door to the garage and i thought i smelled a faint smell of something odd, like a sort of burnt toast.   i checked all around and could not find the smell and it went away.   the following day the kwikset door lock in this room alerted us that its battery was dead and needed replacing.   later on sept 23, 2021 i removed the battery pack from the lock housing and replaced all three 1.5 volt aa batteries, then reinstalled the battery pack .  i then went to verify the locks operation and the lock would illuminate but would not lock or unlock.  then i started to smell a strong smell of something burning and i could see smoke emanating from the just installed battery pack.   i tried to remove the battery pack from the lock housing by lifting up on the plastic removal tab, as i had done previously, it is at this point i burnt my finger tips on the molten plastic.   i then went to the garage and got a dental pick to pull the battery pack out.  once the battery pack was removed the battery pack stopped melting and smoking.   
my fingers were sore but ok, no lasting damage.   
i then notified kwikset about what just happened and uploaded pictures to them using their online tool.  
i asked kwikset if there were any recalls on this product and they said no and there were no know issues. they issued me a case number and said they wanted the complete assembly returned to them for analysis using the prepaid label they provided.
they told me they were sending me a identical replacement as soon as they reviewed the pictures.
i am concerned for several reasons:
- my fingers got burned.
- i do not know what would have happened if i was not home and this happened as the door to the garage is a light wood door.  i do not know if the plastic in the battery pack and cover would ignite or just melt.
- i do not know if the plastic just melted could it have melted and jammed the locking mechanism making it impossible to exit or enter via this door.
- at the time i purchased the kwikset lock that failed i purchased an identical lock, only difference is the color, and installed it in another door.",44354.0,,,,,,,,,,,,,,,,,,,,,,,
5.0,Excellent quality. Lasts longer than most brushes.,They last much longer than the other three sided brushes I’ve tried. I have a special needs kid that I use them on and they work terrific.,b007mrorwq,2020-08-03,last much longer three sided brush ive tried special need kid use work terrific,last much longer three sided brush ive tried special need kid use work terrific,Surround® Toothbrush (Pack of 4),All Beauty,stb4,specialized care co inc,specialized care co inc,859938000121,en,False,False,True,True,9/24/2021 0:00,"my kwikset 99380-001 halo wi-fi smart lock keyless entry electronic keypad deadbolt melted and burned the tips of two of my fingers on sept 23, 2021.
on the late evening of sept 22, 2021 i was in the laundry room that has a door to the garage and i thought i smelled a faint smell of something odd, like a sort of burnt toast.   i checked all around and could not find the smell and it went away.   the following day the kwikset door lock in this room alerted us that its battery was dead and needed replacing.   later on sept 23, 2021 i removed the battery pack from the lock housing and replaced all three 1.5 volt aa batteries, then reinstalled the battery pack .  i then went to verify the locks operation and the lock would illuminate but would not lock or unlock.  then i started to smell a strong smell of something burning and i could see smoke emanating from the just installed battery pack.   i tried to remove the battery pack from the lock housing by lifting up on the plastic removal tab, as i had done previously, it is at this point i burnt my finger tips on the molten plastic.   i then went to the garage and got a dental pick to pull the battery pack out.  once the battery pack was removed the battery pack stopped melting and smoking.   
my fingers were sore but ok, no lasting damage.   
i then notified kwikset about what just happened and uploaded pictures to them using their online tool.  
i asked kwikset if there were any recalls on this product and they said no and there were no know issues. they issued me a case number and said they wanted the complete assembly returned to them for analysis using the prepaid label they provided.
they told me they were sending me a identical replacement as soon as they reviewed the pictures.
i am concerned for several reasons:
- my fingers got burned.
- i do not know what would have happened if i was not home and this happened as the door to the garage is a light wood door.  i do not know if the plastic in the battery pack and cover would ignite or just melt.
- i do not know if the plastic just melted could it have melted and jammed the locking mechanism making it impossible to exit or enter via this door.
- at the time i purchased the kwikset lock that failed i purchased an identical lock, only difference is the color, and installed it in another door.",44354.0,,,,,,,,,,,,,,,,,,,,,,,
5.0,and the great thing is my younger daughter started to use them ...,"My son is disabled and hates it when I have to brush his teeth, but when I used these tooth brushes it was quicker and easier. No fuss from him, and the great thing is my younger daughter started to use them also, without the fuss!",b007mrorwq,2015-04-20,son disabled hate brush teeth used tooth quicker easier fuss great thing younger daughter started use also without,son disabled hate brush teeth used tooth quicker easier fuss great thing younger daughter started use also without,Surround® Toothbrush (Pack of 4),All Beauty,stb4,specialized care co inc,specialized care co inc,859938000121,en,False,False,True,True,9/24/2021 0:00,"my kwikset 99380-001 halo wi-fi smart lock keyless entry electronic keypad deadbolt melted and burned the tips of two of my fingers on sept 23, 2021.
on the late evening of sept 22, 2021 i was in the laundry room that has a door to the garage and i thought i smelled a faint smell of something odd, like a sort of burnt toast.   i checked all around and could not find the smell and it went away.   the following day the kwikset door lock in this room alerted us that its battery was dead and needed replacing.   later on sept 23, 2021 i removed the battery pack from the lock housing and replaced all three 1.5 volt aa batteries, then reinstalled the battery pack .  i then went to verify the locks operation and the lock would illuminate but would not lock or unlock.  then i started to smell a strong smell of something burning and i could see smoke emanating from the just installed battery pack.   i tried to remove the battery pack from the lock housing by lifting up on the plastic removal tab, as i had done previously, it is at this point i burnt my finger tips on the molten plastic.   i then went to the garage and got a dental pick to pull the battery pack out.  once the battery pack was removed the battery pack stopped melting and smoking.   
my fingers were sore but ok, no lasting damage.   
i then notified kwikset about what just happened and uploaded pictures to them using their online tool.  
i asked kwikset if there were any recalls on this product and they said no and there were no know issues. they issued me a case number and said they wanted the complete assembly returned to them for analysis using the prepaid label they provided.
they told me they were sending me a identical replacement as soon as they reviewed the pictures.
i am concerned for several reasons:
- my fingers got burned.
- i do not know what would have happened if i was not home and this happened as the door to the garage is a light wood door.  i do not know if the plastic in the battery pack and cover would ignite or just melt.
- i do not know if the plastic just melted could it have melted and jammed the locking mechanism making it impossible to exit or enter via this door.
- at the time i purchased the kwikset lock that failed i purchased an identical lock, only difference is the color, and installed it in another door.",44354.0,,,,,,,,,,,,,,,,,,,,,,,
5.0,Men+Care is a great product line,"I love Dove Men+Care. This product smells great, goes on easily (although the deodorant and antiperspirant is smoother), smells great, and is long lasting. Definitely recommend and would purchase again.",b01mruque2,2020-09-28,love dove mencare product smell great go easily although deodorant antiperspirant smoother long lasting definitely recommend would purchase,love dove mencare product smell great go easily although deodorant antiperspirant smoother long lasting definitely recommend would purchase,Dove Men+Care Antiperspirant for Men Minerals and Sage with 48-Hour Sweat and Body Odor Protection 2.7 oz (Packaging may vary),All Beauty,b01mruque2,unilever,dove men + care,079400597328,en,False,False,True,True,11/22/2020 0:00,stick deordeant manufacturing defect. sharp edges with plastic pieces protruding cut my arm pit durning application,44112.0,,,,,,,,,,,,,,,,,,,,,,,
5.0,these toothbrushes are amazing. They wrap around the tooth so that all ...,"these toothbrushes are amazing.  They wrap around the tooth so that all areas get hit at once.  You do have to adjust the way you normally brush your teeth in the front, but after doing it a few times it becomes natural.  it has really helped my 9yo with brushing her teeth all by herself",b007mrorwq,2015-11-25,toothbrush amazing wrap around tooth area get hit adjust way normally brush teeth front time becomes natural really helped yo brushing,toothbrush amazing wrap around tooth area get hit adjust way normally brush teeth front time becomes natural really helped yo brushing,Surround® Toothbrush (Pack of 4),All Beauty,stb4,specialized care co inc,specialized care co inc,859938000121,en,False,False,True,True,9/24/2021 0:00,"my kwikset 99380-001 halo wi-fi smart lock keyless entry electronic keypad deadbolt melted and burned the tips of two of my fingers on sept 23, 2021.
on the late evening of sept 22, 2021 i was in the laundry room that has a door to the garage and i thought i smelled a faint smell of something odd, like a sort of burnt toast.   i checked all around and could not find the smell and it went away.   the following day the kwikset door lock in this room alerted us that its battery was dead and needed replacing.   later on sept 23, 2021 i removed the battery pack from the lock housing and replaced all three 1.5 volt aa batteries, then reinstalled the battery pack .  i then went to verify the locks operation and the lock would illuminate but would not lock or unlock.  then i started to smell a strong smell of something burning and i could see smoke emanating from the just installed battery pack.   i tried to remove the battery pack from the lock housing by lifting up on the plastic removal tab, as i had done previously, it is at this point i burnt my finger tips on the molten plastic.   i then went to the garage and got a dental pick to pull the battery pack out.  once the battery pack was removed the battery pack stopped melting and smoking.   
my fingers were sore but ok, no lasting damage.   
i then notified kwikset about what just happened and uploaded pictures to them using their online tool.  
i asked kwikset if there were any recalls on this product and they said no and there were no know issues. they issued me a case number and said they wanted the complete assembly returned to them for analysis using the prepaid label they provided.
they told me they were sending me a identical replacement as soon as they reviewed the pictures.
i am concerned for several reasons:
- my fingers got burned.
- i do not know what would have happened if i was not home and this happened as the door to the garage is a light wood door.  i do not know if the plastic in the battery pack and cover would ignite or just melt.
- i do not know if the plastic just melted could it have melted and jammed the locking mechanism making it impossible to exit or enter via this door.
- at the time i purchased the kwikset lock that failed i purchased an identical lock, only difference is the color, and installed it in another door.",44354.0,,,,,,,,,,,,,,,,,,,,,,,
5.0,Five Stars,Best special needs toothbrush !,b007mrorwq,2015-04-21,best special need toothbrush,best special need toothbrush,Surround® Toothbrush (Pack of 4),All Beauty,stb4,specialized care co inc,specialized care co inc,859938000121,en,False,False,True,True,9/24/2021 0:00,"my kwikset 99380-001 halo wi-fi smart lock keyless entry electronic keypad deadbolt melted and burned the tips of two of my fingers on sept 23, 2021.
on the late evening of sept 22, 2021 i was in the laundry room that has a door to the garage and i thought i smelled a faint smell of something odd, like a sort of burnt toast.   i checked all around and could not find the smell and it went away.   the following day the kwikset door lock in this room alerted us that its battery was dead and needed replacing.   later on sept 23, 2021 i removed the battery pack from the lock housing and replaced all three 1.5 volt aa batteries, then reinstalled the battery pack .  i then went to verify the locks operation and the lock would illuminate but would not lock or unlock.  then i started to smell a strong smell of something burning and i could see smoke emanating from the just installed battery pack.   i tried to remove the battery pack from the lock housing by lifting up on the plastic removal tab, as i had done previously, it is at this point i burnt my finger tips on the molten plastic.   i then went to the garage and got a dental pick to pull the battery pack out.  once the battery pack was removed the battery pack stopped melting and smoking.   
my fingers were sore but ok, no lasting damage.   
i then notified kwikset about what just happened and uploaded pictures to them using their online tool.  
i asked kwikset if there were any recalls on this product and they said no and there were no know issues. they issued me a case number and said they wanted the complete assembly returned to them for analysis using the prepaid label they provided.
they told me they were sending me a identical replacement as soon as they reviewed the pictures.
i am concerned for several reasons:
- my fingers got burned.
- i do not know what would have happened if i was not home and this happened as the door to the garage is a light wood door.  i do not know if the plastic in the battery pack and cover would ignite or just melt.
- i do not know if the plastic just melted could it have melted and jammed the locking mechanism making it impossible to exit or enter via this door.
- at the time i purchased the kwikset lock that failed i purchased an identical lock, only difference is the color, and installed it in another door.",44354.0,,,,,,,,,,,,,,,,,,,,,,,
5.0,Great toothbrush for sensory kids,"If you have kids on the spectrum of with sensory issues, these toothbrushes are a godsend.  Our dentist suggested them and we will never go back.  They are a little pricey but worth it when the struggles over tooth care are over.",b007mrorwq,2020-02-07,kid spectrum sensory issue toothbrush godsend dentist suggested never go back little pricey worth struggle tooth care,kid spectrum sensory issue toothbrush godsend dentist suggested never go back little pricey worth struggle tooth care,Surround® Toothbrush (Pack of 4),All Beauty,stb4,specialized care co inc,specialized care co inc,859938000121,en,False,False,True,True,9/24/2021 0:00,"my kwikset 99380-001 halo wi-fi smart lock keyless entry electronic keypad deadbolt melted and burned the tips of two of my fingers on sept 23, 2021.
on the late evening of sept 22, 2021 i was in the laundry room that has a door to the garage and i thought i smelled a faint smell of something odd, like a sort of burnt toast.   i checked all around and could not find the smell and it went away.   the following day the kwikset door lock in this room alerted us that its battery was dead and needed replacing.   later on sept 23, 2021 i removed the battery pack from the lock housing and replaced all three 1.5 volt aa batteries, then reinstalled the battery pack .  i then went to verify the locks operation and the lock would illuminate but would not lock or unlock.  then i started to smell a strong smell of something burning and i could see smoke emanating from the just installed battery pack.   i tried to remove the battery pack from the lock housing by lifting up on the plastic removal tab, as i had done previously, it is at this point i burnt my finger tips on the molten plastic.   i then went to the garage and got a dental pick to pull the battery pack out.  once the battery pack was removed the battery pack stopped melting and smoking.   
my fingers were sore but ok, no lasting damage.   
i then notified kwikset about what just happened and uploaded pictures to them using their online tool.  
i asked kwikset if there were any recalls on this product and they said no and there were no know issues. they issued me a case number and said they wanted the complete assembly returned to them for analysis using the prepaid label they provided.
they told me they were sending me a identical replacement as soon as they reviewed the pictures.
i am concerned for several reasons:
- my fingers got burned.
- i do not know what would have happened if i was not home and this happened as the door to the garage is a light wood door.  i do not know if the plastic in the battery pack and cover would ignite or just melt.
- i do not know if the plastic just melted could it have melted and jammed the locking mechanism making it impossible to exit or enter via this door.
- at the time i purchased the kwikset lock that failed i purchased an identical lock, only difference is the color, and installed it in another door.",44354.0,,,,,,,,,,,,,,,,,,,,,,,
2.0,Cheapskate purchase!,"Being a cheap skate, I bought them instead of Dentrust. My mistake: too soft, not a good product (but CHEAP!)",b007mrorwq,2014-07-07,cheap skate bought instead dentrust mistake soft good product,cheap skate bought instead dentrust mistake soft good product,Surround® Toothbrush (Pack of 4),All Beauty,stb4,specialized care co inc,specialized care co inc,859938000121,en,False,False,True,True,9/24/2021 0:00,"my kwikset 99380-001 halo wi-fi smart lock keyless entry electronic keypad deadbolt melted and burned the tips of two of my fingers on sept 23, 2021.
on the late evening of sept 22, 2021 i was in the laundry room that has a door to the garage and i thought i smelled a faint smell of something odd, like a sort of burnt toast.   i checked all around and could not find the smell and it went away.   the following day the kwikset door lock in this room alerted us that its battery was dead and needed replacing.   later on sept 23, 2021 i removed the battery pack from the lock housing and replaced all three 1.5 volt aa batteries, then reinstalled the battery pack .  i then went to verify the locks operation and the lock would illuminate but would not lock or unlock.  then i started to smell a strong smell of something burning and i could see smoke emanating from the just installed battery pack.   i tried to remove the battery pack from the lock housing by lifting up on the plastic removal tab, as i had done previously, it is at this point i burnt my finger tips on the molten plastic.   i then went to the garage and got a dental pick to pull the battery pack out.  once the battery pack was removed the battery pack stopped melting and smoking.   
my fingers were sore but ok, no lasting damage.   
i then notified kwikset about what just happened and uploaded pictures to them using their online tool.  
i asked kwikset if there were any recalls on this product and they said no and there were no know issues. they issued me a case number and said they wanted the complete assembly returned to them for analysis using the prepaid label they provided.
they told me they were sending me a identical replacement as soon as they reviewed the pictures.
i am concerned for several reasons:
- my fingers got burned.
- i do not know what would have happened if i was not home and this happened as the door to the garage is a light wood door.  i do not know if the plastic in the battery pack and cover would ignite or just melt.
- i do not know if the plastic just melted could it have melted and jammed the locking mechanism making it impossible to exit or enter via this door.
- at the time i purchased the kwikset lock that failed i purchased an identical lock, only difference is the color, and installed it in another door.",44354.0,,,,,,,,,,,,,,,,,,,,,,,
1.0,Wrong type,Not the correct product. Not what is pictured. This should not be allowed.,b01mruque2,2021-03-10,correct product pictured allowed,correct product pictured allowed,Dove Men+Care Antiperspirant for Men Minerals and Sage with 48-Hour Sweat and Body Odor Protection 2.7 oz (Packaging may vary),All Beauty,b01mruque2,unilever,dove men + care,079400597328,en,False,False,True,True,11/22/2020 0:00,stick deordeant manufacturing defect. sharp edges with plastic pieces protruding cut my arm pit durning application,44112.0,,,,,,,,,,,,,,,,,,,,,,,
5.0,Helps keep choppers clean!,These toothbrushes get into and all around each tooth.  I know this is one reason why my son's teeth have been pretty cavity free.,b007mrorwq,2014-01-31,toothbrush get around tooth know one reason son teeth pretty cavity free,toothbrush get around tooth know one reason son teeth pretty cavity free,Surround® Toothbrush (Pack of 4),All Beauty,stb4,specialized care co inc,specialized care co inc,859938000121,en,False,False,True,True,9/24/2021 0:00,"my kwikset 99380-001 halo wi-fi smart lock keyless entry electronic keypad deadbolt melted and burned the tips of two of my fingers on sept 23, 2021.
on the late evening of sept 22, 2021 i was in the laundry room that has a door to the garage and i thought i smelled a faint smell of something odd, like a sort of burnt toast.   i checked all around and could not find the smell and it went away.   the following day the kwikset door lock in this room alerted us that its battery was dead and needed replacing.   later on sept 23, 2021 i removed the battery pack from the lock housing and replaced all three 1.5 volt aa batteries, then reinstalled the battery pack .  i then went to verify the locks operation and the lock would illuminate but would not lock or unlock.  then i started to smell a strong smell of something burning and i could see smoke emanating from the just installed battery pack.   i tried to remove the battery pack from the lock housing by lifting up on the plastic removal tab, as i had done previously, it is at this point i burnt my finger tips on the molten plastic.   i then went to the garage and got a dental pick to pull the battery pack out.  once the battery pack was removed the battery pack stopped melting and smoking.   
my fingers were sore but ok, no lasting damage.   
i then notified kwikset about what just happened and uploaded pictures to them using their online tool.  
i asked kwikset if there were any recalls on this product and they said no and there were no know issues. they issued me a case number and said they wanted the complete assembly returned to them for analysis using the prepaid label they provided.
they told me they were sending me a identical replacement as soon as they reviewed the pictures.
i am concerned for several reasons:
- my fingers got burned.
- i do not know what would have happened if i was not home and this happened as the door to the garage is a light wood door.  i do not know if the plastic in the battery pack and cover would ignite or just melt.
- i do not know if the plastic just melted could it have melted and jammed the locking mechanism making it impossible to exit or enter via this door.
- at the time i purchased the kwikset lock that failed i purchased an identical lock, only difference is the color, and installed it in another door.",44354.0,,,,,,,,,,,,,,,,,,,,,,,
5.0,Love the scent,Smells great and keeps me fresh. Doesnt leave white marks.,b01mruque2,2020-10-13,smell great keep fresh doesnt leave white mark,smell great keep fresh doesnt leave white mark,Dove Men+Care Antiperspirant for Men Minerals and Sage with 48-Hour Sweat and Body Odor Protection 2.7 oz (Packaging may vary),All Beauty,b01mruque2,unilever,dove men + care,079400597328,en,False,False,True,True,11/22/2020 0:00,stick deordeant manufacturing defect. sharp edges with plastic pieces protruding cut my arm pit durning application,44112.0,,,,,,,,,,,,,,,,,,,,,,,
1.0,Missing main item,Did not receive the actual floss handler.,b07f8svr4j,2018-12-09,receive actual floss handler,receive actual floss handler,"T.Smile 3rd Generation Dental Flosser 1 Handle + 50 Soft Silky Ribbon Floss Heads + 50 Extra Strength Floss Heads, Evolutionary Clean, Pack of 1",All Beauty,none,"liangbu science and technology co.,ltd.",t.smile,713440925009713440925078,en,False,False,True,True,3/18/2015 0:00,mold build up in washer tub area and front door rubber seal. ongoing since purchasing item.,39605.0,,,,,,,,,,,,,,,,,,,,,,,
1.0,Not Aluminum free,"The 1st product picture shows new aluminum free formula, and that's the whole reason I purchased this particular dove mens product.<br /> However I was sent the old formula with aluminum as the #1 active ingredient.",b01mruque2,2021-02-02,st product picture show new aluminum free formula thats whole reason purchased particular dove men however sent old active ingredient,st product picture show new aluminum free formula thats whole reason purchased particular dove men however sent old active ingredient,Dove Men+Care Antiperspirant for Men Minerals and Sage with 48-Hour Sweat and Body Odor Protection 2.7 oz (Packaging may vary),All Beauty,b01mruque2,unilever,dove men + care,079400597328,en,False,False,True,True,11/22/2020 0:00,stick deordeant manufacturing defect. sharp edges with plastic pieces protruding cut my arm pit durning application,44112.0,,,,,,,,,,,,,,,,,,,,,,,
5.0,Good for special need children,"I tried these for my special needs child, as brushing his teeth is hard enough, and they reach more around the teeth. My only complaint would be that they only come in soft, and that makes the bristles wear out faster. Having to go through the toothbrushes monthly makes it costly, as they are not that cheap for only four.",b007mrorwq,2019-12-21,tried special need child brushing teeth hard enough reach around complaint would come soft make bristle wear faster go toothbrush monthly costly cheap four,tried special need child brushing teeth hard enough reach around complaint would come soft make bristle wear faster go toothbrush monthly costly cheap four,Surround® Toothbrush (Pack of 4),All Beauty,stb4,specialized care co inc,specialized care co inc,859938000121,en,False,False,True,True,9/24/2021 0:00,"my kwikset 99380-001 halo wi-fi smart lock keyless entry electronic keypad deadbolt melted and burned the tips of two of my fingers on sept 23, 2021.
on the late evening of sept 22, 2021 i was in the laundry room that has a door to the garage and i thought i smelled a faint smell of something odd, like a sort of burnt toast.   i checked all around and could not find the smell and it went away.   the following day the kwikset door lock in this room alerted us that its battery was dead and needed replacing.   later on sept 23, 2021 i removed the battery pack from the lock housing and replaced all three 1.5 volt aa batteries, then reinstalled the battery pack .  i then went to verify the locks operation and the lock would illuminate but would not lock or unlock.  then i started to smell a strong smell of something burning and i could see smoke emanating from the just installed battery pack.   i tried to remove the battery pack from the lock housing by lifting up on the plastic removal tab, as i had done previously, it is at this point i burnt my finger tips on the molten plastic.   i then went to the garage and got a dental pick to pull the battery pack out.  once the battery pack was removed the battery pack stopped melting and smoking.   
my fingers were sore but ok, no lasting damage.   
i then notified kwikset about what just happened and uploaded pictures to them using their online tool.  
i asked kwikset if there were any recalls on this product and they said no and there were no know issues. they issued me a case number and said they wanted the complete assembly returned to them for analysis using the prepaid label they provided.
they told me they were sending me a identical replacement as soon as they reviewed the pictures.
i am concerned for several reasons:
- my fingers got burned.
- i do not know what would have happened if i was not home and this happened as the door to the garage is a light wood door.  i do not know if the plastic in the battery pack and cover would ignite or just melt.
- i do not know if the plastic just melted could it have melted and jammed the locking mechanism making it impossible to exit or enter via this door.
- at the time i purchased the kwikset lock that failed i purchased an identical lock, only difference is the color, and installed it in another door.",44354.0,,,,,,,,,,,,,,,,,,,,,,,
5.0,Great my special need soon gets a better overall morning ...,Great my special need soon gets a better overall morning and nights brush since it's a little bit difficult to deal with him this product covers a lot front back and top,b007mrorwq,2016-06-22,great special need soon get better overall morning night brush since little bit difficult deal product cover lot front back top,great special need soon get better overall morning night brush since little bit difficult deal product cover lot front back top,Surround® Toothbrush (Pack of 4),All Beauty,stb4,specialized care co inc,specialized care co inc,859938000121,en,False,False,True,True,9/24/2021 0:00,"my kwikset 99380-001 halo wi-fi smart lock keyless entry electronic keypad deadbolt melted and burned the tips of two of my fingers on sept 23, 2021.
on the late evening of sept 22, 2021 i was in the laundry room that has a door to the garage and i thought i smelled a faint smell of something odd, like a sort of burnt toast.   i checked all around and could not find the smell and it went away.   the following day the kwikset door lock in this room alerted us that its battery was dead and needed replacing.   later on sept 23, 2021 i removed the battery pack from the lock housing and replaced all three 1.5 volt aa batteries, then reinstalled the battery pack .  i then went to verify the locks operation and the lock would illuminate but would not lock or unlock.  then i started to smell a strong smell of something burning and i could see smoke emanating from the just installed battery pack.   i tried to remove the battery pack from the lock housing by lifting up on the plastic removal tab, as i had done previously, it is at this point i burnt my finger tips on the molten plastic.   i then went to the garage and got a dental pick to pull the battery pack out.  once the battery pack was removed the battery pack stopped melting and smoking.   
my fingers were sore but ok, no lasting damage.   
i then notified kwikset about what just happened and uploaded pictures to them using their online tool.  
i asked kwikset if there were any recalls on this product and they said no and there were no know issues. they issued me a case number and said they wanted the complete assembly returned to them for analysis using the prepaid label they provided.
they told me they were sending me a identical replacement as soon as they reviewed the pictures.
i am concerned for several reasons:
- my fingers got burned.
- i do not know what would have happened if i was not home and this happened as the door to the garage is a light wood door.  i do not know if the plastic in the battery pack and cover would ignite or just melt.
- i do not know if the plastic just melted could it have melted and jammed the locking mechanism making it impossible to exit or enter via this door.
- at the time i purchased the kwikset lock that failed i purchased an identical lock, only difference is the color, and installed it in another door.",44354.0,,,,,,,,,,,,,,,,,,,,,,,
5.0,fantastic item.,my autistic grandson now loves brushing his teeth. fantastic item.,b007mrorwq,2015-04-01,autistic grandson love brushing teeth fantastic item,autistic grandson love brushing teeth fantastic item,Surround® Toothbrush (Pack of 4),All Beauty,stb4,specialized care co inc,specialized care co inc,859938000121,en,False,False,True,True,9/24/2021 0:00,"my kwikset 99380-001 halo wi-fi smart lock keyless entry electronic keypad deadbolt melted and burned the tips of two of my fingers on sept 23, 2021.
on the late evening of sept 22, 2021 i was in the laundry room that has a door to the garage and i thought i smelled a faint smell of something odd, like a sort of burnt toast.   i checked all around and could not find the smell and it went away.   the following day the kwikset door lock in this room alerted us that its battery was dead and needed replacing.   later on sept 23, 2021 i removed the battery pack from the lock housing and replaced all three 1.5 volt aa batteries, then reinstalled the battery pack .  i then went to verify the locks operation and the lock would illuminate but would not lock or unlock.  then i started to smell a strong smell of something burning and i could see smoke emanating from the just installed battery pack.   i tried to remove the battery pack from the lock housing by lifting up on the plastic removal tab, as i had done previously, it is at this point i burnt my finger tips on the molten plastic.   i then went to the garage and got a dental pick to pull the battery pack out.  once the battery pack was removed the battery pack stopped melting and smoking.   
my fingers were sore but ok, no lasting damage.   
i then notified kwikset about what just happened and uploaded pictures to them using their online tool.  
i asked kwikset if there were any recalls on this product and they said no and there were no know issues. they issued me a case number and said they wanted the complete assembly returned to them for analysis using the prepaid label they provided.
they told me they were sending me a identical replacement as soon as they reviewed the pictures.
i am concerned for several reasons:
- my fingers got burned.
- i do not know what would have happened if i was not home and this happened as the door to the garage is a light wood door.  i do not know if the plastic in the battery pack and cover would ignite or just melt.
- i do not know if the plastic just melted could it have melted and jammed the locking mechanism making it impossible to exit or enter via this door.
- at the time i purchased the kwikset lock that failed i purchased an identical lock, only difference is the color, and installed it in another door.",44354.0,,,,,,,,,,,,,,,,,,,,,,,
5.0,Worth it.,"What kid really like brushing their teeth? Not mine thats for sure but these brushes make sure that while they are hating life, they are atleast brushing all the areas. My husband and I like ours too. Awesome for smaller children. Makes brushing our 2 year old easier and quicker before he starts his full blown world ending tantrum.",b007mrorwq,2020-05-23,kid really like brushing teeth mine thats sure brush make hating life atleast area husband awesome smaller child year old easier quicker start full blown world ending tantrum,kid really like brushing teeth mine thats sure brush make hating life atleast area husband awesome smaller child year old easier quicker start full blown world ending tantrum,Surround® Toothbrush (Pack of 4),All Beauty,stb4,specialized care co inc,specialized care co inc,859938000121,en,False,False,True,True,9/24/2021 0:00,"my kwikset 99380-001 halo wi-fi smart lock keyless entry electronic keypad deadbolt melted and burned the tips of two of my fingers on sept 23, 2021.
on the late evening of sept 22, 2021 i was in the laundry room that has a door to the garage and i thought i smelled a faint smell of something odd, like a sort of burnt toast.   i checked all around and could not find the smell and it went away.   the following day the kwikset door lock in this room alerted us that its battery was dead and needed replacing.   later on sept 23, 2021 i removed the battery pack from the lock housing and replaced all three 1.5 volt aa batteries, then reinstalled the battery pack .  i then went to verify the locks operation and the lock would illuminate but would not lock or unlock.  then i started to smell a strong smell of something burning and i could see smoke emanating from the just installed battery pack.   i tried to remove the battery pack from the lock housing by lifting up on the plastic removal tab, as i had done previously, it is at this point i burnt my finger tips on the molten plastic.   i then went to the garage and got a dental pick to pull the battery pack out.  once the battery pack was removed the battery pack stopped melting and smoking.   
my fingers were sore but ok, no lasting damage.   
i then notified kwikset about what just happened and uploaded pictures to them using their online tool.  
i asked kwikset if there were any recalls on this product and they said no and there were no know issues. they issued me a case number and said they wanted the complete assembly returned to them for analysis using the prepaid label they provided.
they told me they were sending me a identical replacement as soon as they reviewed the pictures.
i am concerned for several reasons:
- my fingers got burned.
- i do not know what would have happened if i was not home and this happened as the door to the garage is a light wood door.  i do not know if the plastic in the battery pack and cover would ignite or just melt.
- i do not know if the plastic just melted could it have melted and jammed the locking mechanism making it impossible to exit or enter via this door.
- at the time i purchased the kwikset lock that failed i purchased an identical lock, only difference is the color, and installed it in another door.",44354.0,,,,,,,,,,,,,,,,,,,,,,,
1.0,Poor excuse for the real thing.,"This is a very poor quality &#34;Made in China&#34; knock-off of the Benefit  toothbrush made by Benedent. I have used the Benefit brushes for years and like them very well, but these are cheap imposters. The bristles are too short to reach the gum line and after just a single brushing they were already fraying. I am returning them for a refund and have already placed my order with Dental Depot for the real McCoy where I always used to purchase them. They have a variety of handles designed for children and those with disabilities. I have used both the traditional and the special handles, but the triple head when properly designed (not a knock-off) works great regardless of which handle you may need.",b007mrorwq,2014-11-26,poor quality made china knockoff benefit toothbrush benedent used brush year like well cheap imposter bristle short reach gum line single brushing already fraying returning refund placed order dental depot real mccoy always purchase variety handle designed child disability traditional special triple head properly work great regardless may need,poor quality made china knockoff benefit toothbrush benedent used brush year like well cheap imposter bristle short reach gum line single brushing already fraying returning refund placed order dental depot real mccoy always purchase variety handle designed child disability traditional special triple head properly work great regardless may need,Surround® Toothbrush (Pack of 4),All Beauty,stb4,specialized care co inc,specialized care co inc,859938000121,en,False,False,True,True,9/24/2021 0:00,"my kwikset 99380-001 halo wi-fi smart lock keyless entry electronic keypad deadbolt melted and burned the tips of two of my fingers on sept 23, 2021.
on the late evening of sept 22, 2021 i was in the laundry room that has a door to the garage and i thought i smelled a faint smell of something odd, like a sort of burnt toast.   i checked all around and could not find the smell and it went away.   the following day the kwikset door lock in this room alerted us that its battery was dead and needed replacing.   later on sept 23, 2021 i removed the battery pack from the lock housing and replaced all three 1.5 volt aa batteries, then reinstalled the battery pack .  i then went to verify the locks operation and the lock would illuminate but would not lock or unlock.  then i started to smell a strong smell of something burning and i could see smoke emanating from the just installed battery pack.   i tried to remove the battery pack from the lock housing by lifting up on the plastic removal tab, as i had done previously, it is at this point i burnt my finger tips on the molten plastic.   i then went to the garage and got a dental pick to pull the battery pack out.  once the battery pack was removed the battery pack stopped melting and smoking.   
my fingers were sore but ok, no lasting damage.   
i then notified kwikset about what just happened and uploaded pictures to them using their online tool.  
i asked kwikset if there were any recalls on this product and they said no and there were no know issues. they issued me a case number and said they wanted the complete assembly returned to them for analysis using the prepaid label they provided.
they told me they were sending me a identical replacement as soon as they reviewed the pictures.
i am concerned for several reasons:
- my fingers got burned.
- i do not know what would have happened if i was not home and this happened as the door to the garage is a light wood door.  i do not know if the plastic in the battery pack and cover would ignite or just melt.
- i do not know if the plastic just melted could it have melted and jammed the locking mechanism making it impossible to exit or enter via this door.
- at the time i purchased the kwikset lock that failed i purchased an identical lock, only difference is the color, and installed it in another door.",44354.0,,,,,,,,,,,,,,,,,,,,,,,
5.0,"Easy to reach back teeth.  The floss is quite durable, still using the first one.",The flosser works very well.  It is easy to reach my back teeth where it would be difficult using regular floss with fingers.,b07f8svr4j,2019-08-12,flosser work well easy reach back teeth would difficult using regular floss finger,flosser work well easy reach back teeth would difficult using regular floss finger,"T.Smile 3rd Generation Dental Flosser 1 Handle + 50 Soft Silky Ribbon Floss Heads + 50 Extra Strength Floss Heads, Evolutionary Clean, Pack of 1",All Beauty,none,"liangbu science and technology co.,ltd.",t.smile,713440925009713440925078,en,False,False,True,True,3/18/2015 0:00,mold build up in washer tub area and front door rubber seal. ongoing since purchasing item.,39605.0,,,,,,,,,,,,,,,,,,,,,,,
5.0,Best toothbrushes ever,ive always bought the up and coming toothbrushes that claim to be the best but these are definitely the best when it comes to cleaning your teeth!!!!,b007mrorwq,2015-04-27,ive always bought coming toothbrush claim best definitely come cleaning teeth,ive always bought coming toothbrush claim best definitely come cleaning teeth,Surround® Toothbrush (Pack of 4),All Beauty,stb4,specialized care co inc,specialized care co inc,859938000121,en,False,False,True,True,9/24/2021 0:00,"my kwikset 99380-001 halo wi-fi smart lock keyless entry electronic keypad deadbolt melted and burned the tips of two of my fingers on sept 23, 2021.
on the late evening of sept 22, 2021 i was in the laundry room that has a door to the garage and i thought i smelled a faint smell of something odd, like a sort of burnt toast.   i checked all around and could not find the smell and it went away.   the following day the kwikset door lock in this room alerted us that its battery was dead and needed replacing.   later on sept 23, 2021 i removed the battery pack from the lock housing and replaced all three 1.5 volt aa batteries, then reinstalled the battery pack .  i then went to verify the locks operation and the lock would illuminate but would not lock or unlock.  then i started to smell a strong smell of something burning and i could see smoke emanating from the just installed battery pack.   i tried to remove the battery pack from the lock housing by lifting up on the plastic removal tab, as i had done previously, it is at this point i burnt my finger tips on the molten plastic.   i then went to the garage and got a dental pick to pull the battery pack out.  once the battery pack was removed the battery pack stopped melting and smoking.   
my fingers were sore but ok, no lasting damage.   
i then notified kwikset about what just happened and uploaded pictures to them using their online tool.  
i asked kwikset if there were any recalls on this product and they said no and there were no know issues. they issued me a case number and said they wanted the complete assembly returned to them for analysis using the prepaid label they provided.
they told me they were sending me a identical replacement as soon as they reviewed the pictures.
i am concerned for several reasons:
- my fingers got burned.
- i do not know what would have happened if i was not home and this happened as the door to the garage is a light wood door.  i do not know if the plastic in the battery pack and cover would ignite or just melt.
- i do not know if the plastic just melted could it have melted and jammed the locking mechanism making it impossible to exit or enter via this door.
- at the time i purchased the kwikset lock that failed i purchased an identical lock, only difference is the color, and installed it in another door.",44354.0,,,,,,,,,,,,,,,,,,,,,,,
4.0,Four Stars,Great toothbrushes for kids with sensory issues.  Takes less time to brush and they are soft.,b007mrorwq,2016-01-10,great toothbrush kid sensory issue take less time brush soft,great toothbrush kid sensory issue take less time brush soft,Surround® Toothbrush (Pack of 4),All Beauty,stb4,specialized care co inc,specialized care co inc,859938000121,en,False,False,True,True,9/24/2021 0:00,"my kwikset 99380-001 halo wi-fi smart lock keyless entry electronic keypad deadbolt melted and burned the tips of two of my fingers on sept 23, 2021.
on the late evening of sept 22, 2021 i was in the laundry room that has a door to the garage and i thought i smelled a faint smell of something odd, like a sort of burnt toast.   i checked all around and could not find the smell and it went away.   the following day the kwikset door lock in this room alerted us that its battery was dead and needed replacing.   later on sept 23, 2021 i removed the battery pack from the lock housing and replaced all three 1.5 volt aa batteries, then reinstalled the battery pack .  i then went to verify the locks operation and the lock would illuminate but would not lock or unlock.  then i started to smell a strong smell of something burning and i could see smoke emanating from the just installed battery pack.   i tried to remove the battery pack from the lock housing by lifting up on the plastic removal tab, as i had done previously, it is at this point i burnt my finger tips on the molten plastic.   i then went to the garage and got a dental pick to pull the battery pack out.  once the battery pack was removed the battery pack stopped melting and smoking.   
my fingers were sore but ok, no lasting damage.   
i then notified kwikset about what just happened and uploaded pictures to them using their online tool.  
i asked kwikset if there were any recalls on this product and they said no and there were no know issues. they issued me a case number and said they wanted the complete assembly returned to them for analysis using the prepaid label they provided.
they told me they were sending me a identical replacement as soon as they reviewed the pictures.
i am concerned for several reasons:
- my fingers got burned.
- i do not know what would have happened if i was not home and this happened as the door to the garage is a light wood door.  i do not know if the plastic in the battery pack and cover would ignite or just melt.
- i do not know if the plastic just melted could it have melted and jammed the locking mechanism making it impossible to exit or enter via this door.
- at the time i purchased the kwikset lock that failed i purchased an identical lock, only difference is the color, and installed it in another door.",44354.0,,,,,,,,,,,,,,,,,,,,,,,
2.0,This smells like Speed Stick - nothing special,"I've had the darnedest time getting a Dove+MEN deodorant/antiperspirant to be as good as the fresh scent that they have discontinued. Now DOVE has the Extra Fresh which is really just very soft - so you go through it VERY fast and the performance isn't any better. This Minerals+Sage scent is just the Mennen Speed Stick scent - nothing special. I will continue to try the other scents offered and see what I find. If you like the Speed Stick scent, get this one.",b01mruque2,2020-07-18,ive darnedest time getting dovemen deodorantantiperspirant good fresh scent discontinued dove extra really soft go fast performance isnt better mineralssage mennen speed stick nothing special continue try offered see find like get one,ive darnedest time getting dovemen deodorantantiperspirant good fresh scent discontinued dove extra really soft go fast performance isnt better mineralssage mennen speed stick nothing special continue try offered see find like get one,Dove Men+Care Antiperspirant for Men Minerals and Sage with 48-Hour Sweat and Body Odor Protection 2.7 oz (Packaging may vary),All Beauty,b01mruque2,unilever,dove men + care,079400597328,en,False,False,True,True,11/22/2020 0:00,stick deordeant manufacturing defect. sharp edges with plastic pieces protruding cut my arm pit durning application,44112.0,,,,,,,,,,,,,,,,,,,,,,,
5.0,Great for kids with special needs!,"I work with a lot of kids and adults with special needs and also have a sister who has Angelman's Syndrome. About 99% of the individuals I work with HATE oral care and fight against it every step of the way. I have used these toothbrushes with many of my clients and just recently purchased some for my sister. I'm so pleased with them!<br /><br />First, it is much easier to get these toothbrushes into their mouths, which are usually almost clamped shut. Second, it is much easier to move them around the mouth to reach all the teeth (even the very back ones) since the toothbrush head is somewhat smaller than a regular toothbrush. Third, since implementing the use of these toothbrushes my clients' dentists have been very impressed with the improvement of the cleanliness of the teeth and gums. This is very good news for people who must be both sedated and held down/put on a papoose board in order to have any dental work done.<br /><br />I should mention that if you buy these for someone who often bites down on the toothbrush, it may need to be replaced more often than a regular toothbrush ( like every 2-3 months) due to the damage of the head and bristles. That being said, these things are pretty darn durable!<br /><br />Cleaner teeth -&#62; less time in the dental chair -&#62; Less emotional and physical stress on both patients and caregivers -&#62; greater happiness for everyone involved. If you care for anyone with special needs and are questioning whether or not to invest in this product, just do it. It is sooo worth the investment.",b007mrorwq,2014-05-17,work lot kid adult special need also sister angelmans syndrome individual hate oral care fight every step way used toothbrush many client recently purchased im pleased themfirst much easier get mouth usually almost clamped shut second move around reach teeth even back one since head somewhat smaller regular third implementing use dentist impressed improvement cleanliness gum good news people must sedated held downput papoose board order dental donei mention buy someone often bite may replaced like month due damage bristle said thing pretty darn durablecleaner less time chair emotional physical stress patient caregiver greater happiness everyone involved anyone questioning whether invest product sooo worth investment,work lot kid adult special need also sister angelmans syndrome individual hate oral care fight every step way used toothbrush many client recently purchased im pleased themfirst much easier get mouth usually almost clamped shut second move around reach teeth even back one since head somewhat smaller regular third implementing use dentist impressed improvement cleanliness gum good news people must sedated held downput papoose board order dental donei mention buy someone often bite may replaced like month due damage bristle said thing pretty darn durablecleaner less time chair emotional physical stress patient caregiver greater happiness everyone involved anyone questioning whether,Surround® Toothbrush (Pack of 4),All Beauty,stb4,specialized care co inc,specialized care co inc,859938000121,en,False,False,True,True,9/24/2021 0:00,"my kwikset 99380-001 halo wi-fi smart lock keyless entry electronic keypad deadbolt melted and burned the tips of two of my fingers on sept 23, 2021.
on the late evening of sept 22, 2021 i was in the laundry room that has a door to the garage and i thought i smelled a faint smell of something odd, like a sort of burnt toast.   i checked all around and could not find the smell and it went away.   the following day the kwikset door lock in this room alerted us that its battery was dead and needed replacing.   later on sept 23, 2021 i removed the battery pack from the lock housing and replaced all three 1.5 volt aa batteries, then reinstalled the battery pack .  i then went to verify the locks operation and the lock would illuminate but would not lock or unlock.  then i started to smell a strong smell of something burning and i could see smoke emanating from the just installed battery pack.   i tried to remove the battery pack from the lock housing by lifting up on the plastic removal tab, as i had done previously, it is at this point i burnt my finger tips on the molten plastic.   i then went to the garage and got a dental pick to pull the battery pack out.  once the battery pack was removed the battery pack stopped melting and smoking.   
my fingers were sore but ok, no lasting damage.   
i then notified kwikset about what just happened and uploaded pictures to them using their online tool.  
i asked kwikset if there were any recalls on this product and they said no and there were no know issues. they issued me a case number and said they wanted the complete assembly returned to them for analysis using the prepaid label they provided.
they told me they were sending me a identical replacement as soon as they reviewed the pictures.
i am concerned for several reasons:
- my fingers got burned.
- i do not know what would have happened if i was not home and this happened as the door to the garage is a light wood door.  i do not know if the plastic in the battery pack and cover would ignite or just melt.
- i do not know if the plastic just melted could it have melted and jammed the locking mechanism making it impossible to exit or enter via this door.
- at the time i purchased the kwikset lock that failed i purchased an identical lock, only difference is the color, and installed it in another door.",44354.0,,,,,,,,,,,,,,,,,,,,,,,
5.0,This is a winner!,My son has autism and took to this brush immediately. Now he initiates his own brushing,b007mrorwq,2015-01-05,son autism took brush immediately initiate brushing,son autism took brush immediately initiate brushing,Surround® Toothbrush (Pack of 4),All Beauty,stb4,specialized care co inc,specialized care co inc,859938000121,en,False,False,True,True,9/24/2021 0:00,"my kwikset 99380-001 halo wi-fi smart lock keyless entry electronic keypad deadbolt melted and burned the tips of two of my fingers on sept 23, 2021.
on the late evening of sept 22, 2021 i was in the laundry room that has a door to the garage and i thought i smelled a faint smell of something odd, like a sort of burnt toast.   i checked all around and could not find the smell and it went away.   the following day the kwikset door lock in this room alerted us that its battery was dead and needed replacing.   later on sept 23, 2021 i removed the battery pack from the lock housing and replaced all three 1.5 volt aa batteries, then reinstalled the battery pack .  i then went to verify the locks operation and the lock would illuminate but would not lock or unlock.  then i started to smell a strong smell of something burning and i could see smoke emanating from the just installed battery pack.   i tried to remove the battery pack from the lock housing by lifting up on the plastic removal tab, as i had done previously, it is at this point i burnt my finger tips on the molten plastic.   i then went to the garage and got a dental pick to pull the battery pack out.  once the battery pack was removed the battery pack stopped melting and smoking.   
my fingers were sore but ok, no lasting damage.   
i then notified kwikset about what just happened and uploaded pictures to them using their online tool.  
i asked kwikset if there were any recalls on this product and they said no and there were no know issues. they issued me a case number and said they wanted the complete assembly returned to them for analysis using the prepaid label they provided.
they told me they were sending me a identical replacement as soon as they reviewed the pictures.
i am concerned for several reasons:
- my fingers got burned.
- i do not know what would have happened if i was not home and this happened as the door to the garage is a light wood door.  i do not know if the plastic in the battery pack and cover would ignite or just melt.
- i do not know if the plastic just melted could it have melted and jammed the locking mechanism making it impossible to exit or enter via this door.
- at the time i purchased the kwikset lock that failed i purchased an identical lock, only difference is the color, and installed it in another door.",44354.0,,,,,,,,,,,,,,,,,,,,,,,
5.0,Five Stars,Great to use on a child who does not like to brush their teeth.,b007mrorwq,2015-03-11,great use child like brush teeth,great use child like brush teeth,Surround® Toothbrush (Pack of 4),All Beauty,stb4,specialized care co inc,specialized care co inc,859938000121,en,False,False,True,True,9/24/2021 0:00,"my kwikset 99380-001 halo wi-fi smart lock keyless entry electronic keypad deadbolt melted and burned the tips of two of my fingers on sept 23, 2021.
on the late evening of sept 22, 2021 i was in the laundry room that has a door to the garage and i thought i smelled a faint smell of something odd, like a sort of burnt toast.   i checked all around and could not find the smell and it went away.   the following day the kwikset door lock in this room alerted us that its battery was dead and needed replacing.   later on sept 23, 2021 i removed the battery pack from the lock housing and replaced all three 1.5 volt aa batteries, then reinstalled the battery pack .  i then went to verify the locks operation and the lock would illuminate but would not lock or unlock.  then i started to smell a strong smell of something burning and i could see smoke emanating from the just installed battery pack.   i tried to remove the battery pack from the lock housing by lifting up on the plastic removal tab, as i had done previously, it is at this point i burnt my finger tips on the molten plastic.   i then went to the garage and got a dental pick to pull the battery pack out.  once the battery pack was removed the battery pack stopped melting and smoking.   
my fingers were sore but ok, no lasting damage.   
i then notified kwikset about what just happened and uploaded pictures to them using their online tool.  
i asked kwikset if there were any recalls on this product and they said no and there were no know issues. they issued me a case number and said they wanted the complete assembly returned to them for analysis using the prepaid label they provided.
they told me they were sending me a identical replacement as soon as they reviewed the pictures.
i am concerned for several reasons:
- my fingers got burned.
- i do not know what would have happened if i was not home and this happened as the door to the garage is a light wood door.  i do not know if the plastic in the battery pack and cover would ignite or just melt.
- i do not know if the plastic just melted could it have melted and jammed the locking mechanism making it impossible to exit or enter via this door.
- at the time i purchased the kwikset lock that failed i purchased an identical lock, only difference is the color, and installed it in another door.",44354.0,,,,,,,,,,,,,,,,,,,,,,,
2.0,Fairly expensive for what you receive. I bought these ...,Fairly expensive for what you receive. I bought these for my son with Autism and he wouldn't use them so it didn't help with brushing teeth for those with aversion to brushing. For the price we will stick with an electric brush.,b007mrorwq,2016-02-06,fairly expensive receive bought son autism wouldnt use didnt help brushing teeth aversion price stick electric brush,fairly expensive receive bought son autism wouldnt use didnt help brushing teeth aversion price stick electric brush,Surround® Toothbrush (Pack of 4),All Beauty,stb4,specialized care co inc,specialized care co inc,859938000121,en,False,False,True,True,9/24/2021 0:00,"my kwikset 99380-001 halo wi-fi smart lock keyless entry electronic keypad deadbolt melted and burned the tips of two of my fingers on sept 23, 2021.
on the late evening of sept 22, 2021 i was in the laundry room that has a door to the garage and i thought i smelled a faint smell of something odd, like a sort of burnt toast.   i checked all around and could not find the smell and it went away.   the following day the kwikset door lock in this room alerted us that its battery was dead and needed replacing.   later on sept 23, 2021 i removed the battery pack from the lock housing and replaced all three 1.5 volt aa batteries, then reinstalled the battery pack .  i then went to verify the locks operation and the lock would illuminate but would not lock or unlock.  then i started to smell a strong smell of something burning and i could see smoke emanating from the just installed battery pack.   i tried to remove the battery pack from the lock housing by lifting up on the plastic removal tab, as i had done previously, it is at this point i burnt my finger tips on the molten plastic.   i then went to the garage and got a dental pick to pull the battery pack out.  once the battery pack was removed the battery pack stopped melting and smoking.   
my fingers were sore but ok, no lasting damage.   
i then notified kwikset about what just happened and uploaded pictures to them using their online tool.  
i asked kwikset if there were any recalls on this product and they said no and there were no know issues. they issued me a case number and said they wanted the complete assembly returned to them for analysis using the prepaid label they provided.
they told me they were sending me a identical replacement as soon as they reviewed the pictures.
i am concerned for several reasons:
- my fingers got burned.
- i do not know what would have happened if i was not home and this happened as the door to the garage is a light wood door.  i do not know if the plastic in the battery pack and cover would ignite or just melt.
- i do not know if the plastic just melted could it have melted and jammed the locking mechanism making it impossible to exit or enter via this door.
- at the time i purchased the kwikset lock that failed i purchased an identical lock, only difference is the color, and installed it in another door.",44354.0,,,,,,,,,,,,,,,,,,,,,,,
5.0,Works Amazing!,I purchased for my 7 year old daughter with cerebral palsy and sensory issues. She isnt bothered at all by the brush and no fighting to make sure you get all parts of the tooth brushed.,b007mrorwq,2014-06-27,purchased year old daughter cerebral palsy sensory issue isnt bothered brush fighting make sure get part tooth brushed,purchased year old daughter cerebral palsy sensory issue isnt bothered brush fighting make sure get part tooth brushed,Surround® Toothbrush (Pack of 4),All Beauty,stb4,specialized care co inc,specialized care co inc,859938000121,en,False,False,True,True,9/24/2021 0:00,"my kwikset 99380-001 halo wi-fi smart lock keyless entry electronic keypad deadbolt melted and burned the tips of two of my fingers on sept 23, 2021.
on the late evening of sept 22, 2021 i was in the laundry room that has a door to the garage and i thought i smelled a faint smell of something odd, like a sort of burnt toast.   i checked all around and could not find the smell and it went away.   the following day the kwikset door lock in this room alerted us that its battery was dead and needed replacing.   later on sept 23, 2021 i removed the battery pack from the lock housing and replaced all three 1.5 volt aa batteries, then reinstalled the battery pack .  i then went to verify the locks operation and the lock would illuminate but would not lock or unlock.  then i started to smell a strong smell of something burning and i could see smoke emanating from the just installed battery pack.   i tried to remove the battery pack from the lock housing by lifting up on the plastic removal tab, as i had done previously, it is at this point i burnt my finger tips on the molten plastic.   i then went to the garage and got a dental pick to pull the battery pack out.  once the battery pack was removed the battery pack stopped melting and smoking.   
my fingers were sore but ok, no lasting damage.   
i then notified kwikset about what just happened and uploaded pictures to them using their online tool.  
i asked kwikset if there were any recalls on this product and they said no and there were no know issues. they issued me a case number and said they wanted the complete assembly returned to them for analysis using the prepaid label they provided.
they told me they were sending me a identical replacement as soon as they reviewed the pictures.
i am concerned for several reasons:
- my fingers got burned.
- i do not know what would have happened if i was not home and this happened as the door to the garage is a light wood door.  i do not know if the plastic in the battery pack and cover would ignite or just melt.
- i do not know if the plastic just melted could it have melted and jammed the locking mechanism making it impossible to exit or enter via this door.
- at the time i purchased the kwikset lock that failed i purchased an identical lock, only difference is the color, and installed it in another door.",44354.0,,,,,,,,,,,,,,,,,,,,,,,
5.0,... these for my 2 children with autism and I love them! My children aren't particularly fond of brushing ...,I bought these for my 2 children with autism and I love them! My children aren't particularly fond of brushing their teeth and usually won't tolerate more than 30 seconds of brushing. With these I can brush all the surfaces of their teeth within that time and feel satisfied that they've gotten the cleaning they need. We've been purchasing and using these toothbrushes for a little over 2 years now and we've had no cavities to speak of since. Our dentist originally suggested a similar toothbrush that brushed on 3 sides but the quality wasn't nearly as good as these. Definitely recommend!,b007mrorwq,2017-05-05,bought child autism love arent particularly fond brushing teeth usually wont tolerate second brush surface within time feel satisfied theyve gotten cleaning need weve purchasing using toothbrush little year cavity speak since dentist originally suggested similar brushed side quality wasnt nearly good definitely recommend,bought child autism love arent particularly fond brushing teeth usually wont tolerate second brush surface within time feel satisfied theyve gotten cleaning need weve purchasing using toothbrush little year cavity speak since dentist originally suggested similar brushed side quality wasnt nearly good definitely recommend,Surround® Toothbrush (Pack of 4),All Beauty,stb4,specialized care co inc,specialized care co inc,859938000121,en,False,False,True,True,9/24/2021 0:00,"my kwikset 99380-001 halo wi-fi smart lock keyless entry electronic keypad deadbolt melted and burned the tips of two of my fingers on sept 23, 2021.
on the late evening of sept 22, 2021 i was in the laundry room that has a door to the garage and i thought i smelled a faint smell of something odd, like a sort of burnt toast.   i checked all around and could not find the smell and it went away.   the following day the kwikset door lock in this room alerted us that its battery was dead and needed replacing.   later on sept 23, 2021 i removed the battery pack from the lock housing and replaced all three 1.5 volt aa batteries, then reinstalled the battery pack .  i then went to verify the locks operation and the lock would illuminate but would not lock or unlock.  then i started to smell a strong smell of something burning and i could see smoke emanating from the just installed battery pack.   i tried to remove the battery pack from the lock housing by lifting up on the plastic removal tab, as i had done previously, it is at this point i burnt my finger tips on the molten plastic.   i then went to the garage and got a dental pick to pull the battery pack out.  once the battery pack was removed the battery pack stopped melting and smoking.   
my fingers were sore but ok, no lasting damage.   
i then notified kwikset about what just happened and uploaded pictures to them using their online tool.  
i asked kwikset if there were any recalls on this product and they said no and there were no know issues. they issued me a case number and said they wanted the complete assembly returned to them for analysis using the prepaid label they provided.
they told me they were sending me a identical replacement as soon as they reviewed the pictures.
i am concerned for several reasons:
- my fingers got burned.
- i do not know what would have happened if i was not home and this happened as the door to the garage is a light wood door.  i do not know if the plastic in the battery pack and cover would ignite or just melt.
- i do not know if the plastic just melted could it have melted and jammed the locking mechanism making it impossible to exit or enter via this door.
- at the time i purchased the kwikset lock that failed i purchased an identical lock, only difference is the color, and installed it in another door.",44354.0,,,,,,,,,,,,,,,,,,,,,,,
5.0,Five Stars,I have 2 autistic kids and these are the best ever tooth brushes for them.,b007mrorwq,2015-08-21,autistic kid best ever tooth brush,autistic kid best ever tooth brush,Surround® Toothbrush (Pack of 4),All Beauty,stb4,specialized care co inc,specialized care co inc,859938000121,en,False,False,True,True,9/24/2021 0:00,"my kwikset 99380-001 halo wi-fi smart lock keyless entry electronic keypad deadbolt melted and burned the tips of two of my fingers on sept 23, 2021.
on the late evening of sept 22, 2021 i was in the laundry room that has a door to the garage and i thought i smelled a faint smell of something odd, like a sort of burnt toast.   i checked all around and could not find the smell and it went away.   the following day the kwikset door lock in this room alerted us that its battery was dead and needed replacing.   later on sept 23, 2021 i removed the battery pack from the lock housing and replaced all three 1.5 volt aa batteries, then reinstalled the battery pack .  i then went to verify the locks operation and the lock would illuminate but would not lock or unlock.  then i started to smell a strong smell of something burning and i could see smoke emanating from the just installed battery pack.   i tried to remove the battery pack from the lock housing by lifting up on the plastic removal tab, as i had done previously, it is at this point i burnt my finger tips on the molten plastic.   i then went to the garage and got a dental pick to pull the battery pack out.  once the battery pack was removed the battery pack stopped melting and smoking.   
my fingers were sore but ok, no lasting damage.   
i then notified kwikset about what just happened and uploaded pictures to them using their online tool.  
i asked kwikset if there were any recalls on this product and they said no and there were no know issues. they issued me a case number and said they wanted the complete assembly returned to them for analysis using the prepaid label they provided.
they told me they were sending me a identical replacement as soon as they reviewed the pictures.
i am concerned for several reasons:
- my fingers got burned.
- i do not know what would have happened if i was not home and this happened as the door to the garage is a light wood door.  i do not know if the plastic in the battery pack and cover would ignite or just melt.
- i do not know if the plastic just melted could it have melted and jammed the locking mechanism making it impossible to exit or enter via this door.
- at the time i purchased the kwikset lock that failed i purchased an identical lock, only difference is the color, and installed it in another door.",44354.0,,,,,,,,,,,,,,,,,,,,,,,
5.0,Works for me.,Pleasant odor.  Works as an anti-perspiration and deodorant,b01mruque2,2020-03-06,pleasant odor work antiperspiration deodorant,pleasant odor work antiperspiration deodorant,Dove Men+Care Antiperspirant for Men Minerals and Sage with 48-Hour Sweat and Body Odor Protection 2.7 oz (Packaging may vary),All Beauty,b01mruque2,unilever,dove men + care,079400597328,en,False,False,True,True,11/22/2020 0:00,stick deordeant manufacturing defect. sharp edges with plastic pieces protruding cut my arm pit durning application,44112.0,,,,,,,,,,,,,,,,,,,,,,,
5.0,I wish  I would have know about sooner!,Having a child with Autism these were a MUST I wish someone told me about them along time ago!,b007mrorwq,2014-11-16,child autism must wish someone told along time ago,child autism must wish someone told along time ago,Surround® Toothbrush (Pack of 4),All Beauty,stb4,specialized care co inc,specialized care co inc,859938000121,en,False,False,True,True,9/24/2021 0:00,"my kwikset 99380-001 halo wi-fi smart lock keyless entry electronic keypad deadbolt melted and burned the tips of two of my fingers on sept 23, 2021.
on the late evening of sept 22, 2021 i was in the laundry room that has a door to the garage and i thought i smelled a faint smell of something odd, like a sort of burnt toast.   i checked all around and could not find the smell and it went away.   the following day the kwikset door lock in this room alerted us that its battery was dead and needed replacing.   later on sept 23, 2021 i removed the battery pack from the lock housing and replaced all three 1.5 volt aa batteries, then reinstalled the battery pack .  i then went to verify the locks operation and the lock would illuminate but would not lock or unlock.  then i started to smell a strong smell of something burning and i could see smoke emanating from the just installed battery pack.   i tried to remove the battery pack from the lock housing by lifting up on the plastic removal tab, as i had done previously, it is at this point i burnt my finger tips on the molten plastic.   i then went to the garage and got a dental pick to pull the battery pack out.  once the battery pack was removed the battery pack stopped melting and smoking.   
my fingers were sore but ok, no lasting damage.   
i then notified kwikset about what just happened and uploaded pictures to them using their online tool.  
i asked kwikset if there were any recalls on this product and they said no and there were no know issues. they issued me a case number and said they wanted the complete assembly returned to them for analysis using the prepaid label they provided.
they told me they were sending me a identical replacement as soon as they reviewed the pictures.
i am concerned for several reasons:
- my fingers got burned.
- i do not know what would have happened if i was not home and this happened as the door to the garage is a light wood door.  i do not know if the plastic in the battery pack and cover would ignite or just melt.
- i do not know if the plastic just melted could it have melted and jammed the locking mechanism making it impossible to exit or enter via this door.
- at the time i purchased the kwikset lock that failed i purchased an identical lock, only difference is the color, and installed it in another door.",44354.0,,,,,,,,,,,,,,,,,,,,,,,
4.0,Teeth/gums only,"These work well on my teeth and gums, but I also like to brush my tongue and the roof of my mouth. It would be cool if they put bristles on the other side of the head so you could just flip it when needed.",b007mrorwq,2014-06-12,work well teeth gum also like brush tongue roof mouth would cool put bristle side head could flip needed,work well teeth gum also like brush tongue roof mouth would cool put bristle side head could flip needed,Surround® Toothbrush (Pack of 4),All Beauty,stb4,specialized care co inc,specialized care co inc,859938000121,en,False,False,True,True,9/24/2021 0:00,"my kwikset 99380-001 halo wi-fi smart lock keyless entry electronic keypad deadbolt melted and burned the tips of two of my fingers on sept 23, 2021.
on the late evening of sept 22, 2021 i was in the laundry room that has a door to the garage and i thought i smelled a faint smell of something odd, like a sort of burnt toast.   i checked all around and could not find the smell and it went away.   the following day the kwikset door lock in this room alerted us that its battery was dead and needed replacing.   later on sept 23, 2021 i removed the battery pack from the lock housing and replaced all three 1.5 volt aa batteries, then reinstalled the battery pack .  i then went to verify the locks operation and the lock would illuminate but would not lock or unlock.  then i started to smell a strong smell of something burning and i could see smoke emanating from the just installed battery pack.   i tried to remove the battery pack from the lock housing by lifting up on the plastic removal tab, as i had done previously, it is at this point i burnt my finger tips on the molten plastic.   i then went to the garage and got a dental pick to pull the battery pack out.  once the battery pack was removed the battery pack stopped melting and smoking.   
my fingers were sore but ok, no lasting damage.   
i then notified kwikset about what just happened and uploaded pictures to them using their online tool.  
i asked kwikset if there were any recalls on this product and they said no and there were no know issues. they issued me a case number and said they wanted the complete assembly returned to them for analysis using the prepaid label they provided.
they told me they were sending me a identical replacement as soon as they reviewed the pictures.
i am concerned for several reasons:
- my fingers got burned.
- i do not know what would have happened if i was not home and this happened as the door to the garage is a light wood door.  i do not know if the plastic in the battery pack and cover would ignite or just melt.
- i do not know if the plastic just melted could it have melted and jammed the locking mechanism making it impossible to exit or enter via this door.
- at the time i purchased the kwikset lock that failed i purchased an identical lock, only difference is the color, and installed it in another door.",44354.0,,,,,,,,,,,,,,,,,,,,,,,
5.0,Helpful,"Nice it helps my little brother who really does not like brushing his teeth, it helps him brush both sides of his teeth which is a win win for me and him.",b007mrorwq,2015-07-06,nice help little brother really like brushing teeth brush side win,nice help little brother really like brushing teeth brush side win,Surround® Toothbrush (Pack of 4),All Beauty,stb4,specialized care co inc,specialized care co inc,859938000121,en,False,False,True,True,9/24/2021 0:00,"my kwikset 99380-001 halo wi-fi smart lock keyless entry electronic keypad deadbolt melted and burned the tips of two of my fingers on sept 23, 2021.
on the late evening of sept 22, 2021 i was in the laundry room that has a door to the garage and i thought i smelled a faint smell of something odd, like a sort of burnt toast.   i checked all around and could not find the smell and it went away.   the following day the kwikset door lock in this room alerted us that its battery was dead and needed replacing.   later on sept 23, 2021 i removed the battery pack from the lock housing and replaced all three 1.5 volt aa batteries, then reinstalled the battery pack .  i then went to verify the locks operation and the lock would illuminate but would not lock or unlock.  then i started to smell a strong smell of something burning and i could see smoke emanating from the just installed battery pack.   i tried to remove the battery pack from the lock housing by lifting up on the plastic removal tab, as i had done previously, it is at this point i burnt my finger tips on the molten plastic.   i then went to the garage and got a dental pick to pull the battery pack out.  once the battery pack was removed the battery pack stopped melting and smoking.   
my fingers were sore but ok, no lasting damage.   
i then notified kwikset about what just happened and uploaded pictures to them using their online tool.  
i asked kwikset if there were any recalls on this product and they said no and there were no know issues. they issued me a case number and said they wanted the complete assembly returned to them for analysis using the prepaid label they provided.
they told me they were sending me a identical replacement as soon as they reviewed the pictures.
i am concerned for several reasons:
- my fingers got burned.
- i do not know what would have happened if i was not home and this happened as the door to the garage is a light wood door.  i do not know if the plastic in the battery pack and cover would ignite or just melt.
- i do not know if the plastic just melted could it have melted and jammed the locking mechanism making it impossible to exit or enter via this door.
- at the time i purchased the kwikset lock that failed i purchased an identical lock, only difference is the color, and installed it in another door.",44354.0,,,,,,,,,,,,,,,,,,,,,,,
5.0,Fully Satisfied,"Works as expected, I am fully satisfied with this flossing tool,",b07f8svr4j,2021-03-29,work expected fully satisfied flossing tool,work expected fully satisfied flossing tool,"T.Smile 3rd Generation Dental Flosser 1 Handle + 50 Soft Silky Ribbon Floss Heads + 50 Extra Strength Floss Heads, Evolutionary Clean, Pack of 1",All Beauty,none,"liangbu science and technology co.,ltd.",t.smile,713440925009713440925078,en,False,False,True,True,3/18/2015 0:00,mold build up in washer tub area and front door rubber seal. ongoing since purchasing item.,39605.0,,,,,,,,,,,,,,,,,,,,,,,
5.0,Great!,"I have a son with Autism and Executive Function issues, so brushing teeth is a battle, going through the motions of moving the toothbrush around to reach all surfaces is very difficult; so most of the time I brush his teeth well or he does it and they stay not so clean.  This toothbrush seems to have resolve all those issues!! Having bristles all around eliminates the need to move the toothbrush this way and the other.  And the best part is that my son likes it and now the complaining level has gone down considerably.",b007mrorwq,2015-09-02,son autism executive function issue brushing teeth battle going motion moving toothbrush around reach surface difficult time brush well stay clean seems resolve bristle eliminates need move way best part like complaining level gone considerably,son autism executive function issue brushing teeth battle going motion moving toothbrush around reach surface difficult time brush well stay clean seems resolve bristle eliminates need move way best part like complaining level gone considerably,Surround® Toothbrush (Pack of 4),All Beauty,stb4,specialized care co inc,specialized care co inc,859938000121,en,False,False,True,True,9/24/2021 0:00,"my kwikset 99380-001 halo wi-fi smart lock keyless entry electronic keypad deadbolt melted and burned the tips of two of my fingers on sept 23, 2021.
on the late evening of sept 22, 2021 i was in the laundry room that has a door to the garage and i thought i smelled a faint smell of something odd, like a sort of burnt toast.   i checked all around and could not find the smell and it went away.   the following day the kwikset door lock in this room alerted us that its battery was dead and needed replacing.   later on sept 23, 2021 i removed the battery pack from the lock housing and replaced all three 1.5 volt aa batteries, then reinstalled the battery pack .  i then went to verify the locks operation and the lock would illuminate but would not lock or unlock.  then i started to smell a strong smell of something burning and i could see smoke emanating from the just installed battery pack.   i tried to remove the battery pack from the lock housing by lifting up on the plastic removal tab, as i had done previously, it is at this point i burnt my finger tips on the molten plastic.   i then went to the garage and got a dental pick to pull the battery pack out.  once the battery pack was removed the battery pack stopped melting and smoking.   
my fingers were sore but ok, no lasting damage.   
i then notified kwikset about what just happened and uploaded pictures to them using their online tool.  
i asked kwikset if there were any recalls on this product and they said no and there were no know issues. they issued me a case number and said they wanted the complete assembly returned to them for analysis using the prepaid label they provided.
they told me they were sending me a identical replacement as soon as they reviewed the pictures.
i am concerned for several reasons:
- my fingers got burned.
- i do not know what would have happened if i was not home and this happened as the door to the garage is a light wood door.  i do not know if the plastic in the battery pack and cover would ignite or just melt.
- i do not know if the plastic just melted could it have melted and jammed the locking mechanism making it impossible to exit or enter via this door.
- at the time i purchased the kwikset lock that failed i purchased an identical lock, only difference is the color, and installed it in another door.",44354.0,,,,,,,,,,,,,,,,,,,,,,,
5.0,Product great teeth,Great product for my daughter love it,b007mrorwq,2018-08-01,great product daughter love,great product daughter love,Surround® Toothbrush (Pack of 4),All Beauty,stb4,specialized care co inc,specialized care co inc,859938000121,en,False,False,True,True,9/24/2021 0:00,"my kwikset 99380-001 halo wi-fi smart lock keyless entry electronic keypad deadbolt melted and burned the tips of two of my fingers on sept 23, 2021.
on the late evening of sept 22, 2021 i was in the laundry room that has a door to the garage and i thought i smelled a faint smell of something odd, like a sort of burnt toast.   i checked all around and could not find the smell and it went away.   the following day the kwikset door lock in this room alerted us that its battery was dead and needed replacing.   later on sept 23, 2021 i removed the battery pack from the lock housing and replaced all three 1.5 volt aa batteries, then reinstalled the battery pack .  i then went to verify the locks operation and the lock would illuminate but would not lock or unlock.  then i started to smell a strong smell of something burning and i could see smoke emanating from the just installed battery pack.   i tried to remove the battery pack from the lock housing by lifting up on the plastic removal tab, as i had done previously, it is at this point i burnt my finger tips on the molten plastic.   i then went to the garage and got a dental pick to pull the battery pack out.  once the battery pack was removed the battery pack stopped melting and smoking.   
my fingers were sore but ok, no lasting damage.   
i then notified kwikset about what just happened and uploaded pictures to them using their online tool.  
i asked kwikset if there were any recalls on this product and they said no and there were no know issues. they issued me a case number and said they wanted the complete assembly returned to them for analysis using the prepaid label they provided.
they told me they were sending me a identical replacement as soon as they reviewed the pictures.
i am concerned for several reasons:
- my fingers got burned.
- i do not know what would have happened if i was not home and this happened as the door to the garage is a light wood door.  i do not know if the plastic in the battery pack and cover would ignite or just melt.
- i do not know if the plastic just melted could it have melted and jammed the locking mechanism making it impossible to exit or enter via this door.
- at the time i purchased the kwikset lock that failed i purchased an identical lock, only difference is the color, and installed it in another door.",44354.0,,,,,,,,,,,,,,,,,,,,,,,
2.0,Two Stars,"They are ok, to wide to clean teeth right",b007mrorwq,2014-10-24,ok wide clean teeth right,ok wide clean teeth right,Surround® Toothbrush (Pack of 4),All Beauty,stb4,specialized care co inc,specialized care co inc,859938000121,en,False,False,True,True,9/24/2021 0:00,"my kwikset 99380-001 halo wi-fi smart lock keyless entry electronic keypad deadbolt melted and burned the tips of two of my fingers on sept 23, 2021.
on the late evening of sept 22, 2021 i was in the laundry room that has a door to the garage and i thought i smelled a faint smell of something odd, like a sort of burnt toast.   i checked all around and could not find the smell and it went away.   the following day the kwikset door lock in this room alerted us that its battery was dead and needed replacing.   later on sept 23, 2021 i removed the battery pack from the lock housing and replaced all three 1.5 volt aa batteries, then reinstalled the battery pack .  i then went to verify the locks operation and the lock would illuminate but would not lock or unlock.  then i started to smell a strong smell of something burning and i could see smoke emanating from the just installed battery pack.   i tried to remove the battery pack from the lock housing by lifting up on the plastic removal tab, as i had done previously, it is at this point i burnt my finger tips on the molten plastic.   i then went to the garage and got a dental pick to pull the battery pack out.  once the battery pack was removed the battery pack stopped melting and smoking.   
my fingers were sore but ok, no lasting damage.   
i then notified kwikset about what just happened and uploaded pictures to them using their online tool.  
i asked kwikset if there were any recalls on this product and they said no and there were no know issues. they issued me a case number and said they wanted the complete assembly returned to them for analysis using the prepaid label they provided.
they told me they were sending me a identical replacement as soon as they reviewed the pictures.
i am concerned for several reasons:
- my fingers got burned.
- i do not know what would have happened if i was not home and this happened as the door to the garage is a light wood door.  i do not know if the plastic in the battery pack and cover would ignite or just melt.
- i do not know if the plastic just melted could it have melted and jammed the locking mechanism making it impossible to exit or enter via this door.
- at the time i purchased the kwikset lock that failed i purchased an identical lock, only difference is the color, and installed it in another door.",44354.0,,,,,,,,,,,,,,,,,,,,,,,
5.0,These work great to brush teeth in a timely manner and reach ...,Our son has CP and Autism ! These work great to brush teeth in a timely manner and reach all of 3 sides !,b007mrorwq,2016-01-19,son cp autism work great brush teeth timely manner reach side,son cp autism work great brush teeth timely manner reach side,Surround® Toothbrush (Pack of 4),All Beauty,stb4,specialized care co inc,specialized care co inc,859938000121,en,False,False,True,True,9/24/2021 0:00,"my kwikset 99380-001 halo wi-fi smart lock keyless entry electronic keypad deadbolt melted and burned the tips of two of my fingers on sept 23, 2021.
on the late evening of sept 22, 2021 i was in the laundry room that has a door to the garage and i thought i smelled a faint smell of something odd, like a sort of burnt toast.   i checked all around and could not find the smell and it went away.   the following day the kwikset door lock in this room alerted us that its battery was dead and needed replacing.   later on sept 23, 2021 i removed the battery pack from the lock housing and replaced all three 1.5 volt aa batteries, then reinstalled the battery pack .  i then went to verify the locks operation and the lock would illuminate but would not lock or unlock.  then i started to smell a strong smell of something burning and i could see smoke emanating from the just installed battery pack.   i tried to remove the battery pack from the lock housing by lifting up on the plastic removal tab, as i had done previously, it is at this point i burnt my finger tips on the molten plastic.   i then went to the garage and got a dental pick to pull the battery pack out.  once the battery pack was removed the battery pack stopped melting and smoking.   
my fingers were sore but ok, no lasting damage.   
i then notified kwikset about what just happened and uploaded pictures to them using their online tool.  
i asked kwikset if there were any recalls on this product and they said no and there were no know issues. they issued me a case number and said they wanted the complete assembly returned to them for analysis using the prepaid label they provided.
they told me they were sending me a identical replacement as soon as they reviewed the pictures.
i am concerned for several reasons:
- my fingers got burned.
- i do not know what would have happened if i was not home and this happened as the door to the garage is a light wood door.  i do not know if the plastic in the battery pack and cover would ignite or just melt.
- i do not know if the plastic just melted could it have melted and jammed the locking mechanism making it impossible to exit or enter via this door.
- at the time i purchased the kwikset lock that failed i purchased an identical lock, only difference is the color, and installed it in another door.",44354.0,,,,,,,,,,,,,,,,,,,,,,,
5.0,Great product.,"These are sturdy, durable brushes. The bristles are perfect (not to stiff, not to soft). I recommend this product to anyone. it leaves your teeth feeling totally clean.",b007mrorwq,2014-04-29,sturdy durable brush bristle perfect stiff soft recommend product anyone leaf teeth feeling totally clean,sturdy durable brush bristle perfect stiff soft recommend product anyone leaf teeth feeling totally clean,Surround® Toothbrush (Pack of 4),All Beauty,stb4,specialized care co inc,specialized care co inc,859938000121,en,False,False,True,True,9/24/2021 0:00,"my kwikset 99380-001 halo wi-fi smart lock keyless entry electronic keypad deadbolt melted and burned the tips of two of my fingers on sept 23, 2021.
on the late evening of sept 22, 2021 i was in the laundry room that has a door to the garage and i thought i smelled a faint smell of something odd, like a sort of burnt toast.   i checked all around and could not find the smell and it went away.   the following day the kwikset door lock in this room alerted us that its battery was dead and needed replacing.   later on sept 23, 2021 i removed the battery pack from the lock housing and replaced all three 1.5 volt aa batteries, then reinstalled the battery pack .  i then went to verify the locks operation and the lock would illuminate but would not lock or unlock.  then i started to smell a strong smell of something burning and i could see smoke emanating from the just installed battery pack.   i tried to remove the battery pack from the lock housing by lifting up on the plastic removal tab, as i had done previously, it is at this point i burnt my finger tips on the molten plastic.   i then went to the garage and got a dental pick to pull the battery pack out.  once the battery pack was removed the battery pack stopped melting and smoking.   
my fingers were sore but ok, no lasting damage.   
i then notified kwikset about what just happened and uploaded pictures to them using their online tool.  
i asked kwikset if there were any recalls on this product and they said no and there were no know issues. they issued me a case number and said they wanted the complete assembly returned to them for analysis using the prepaid label they provided.
they told me they were sending me a identical replacement as soon as they reviewed the pictures.
i am concerned for several reasons:
- my fingers got burned.
- i do not know what would have happened if i was not home and this happened as the door to the garage is a light wood door.  i do not know if the plastic in the battery pack and cover would ignite or just melt.
- i do not know if the plastic just melted could it have melted and jammed the locking mechanism making it impossible to exit or enter via this door.
- at the time i purchased the kwikset lock that failed i purchased an identical lock, only difference is the color, and installed it in another door.",44354.0,,,,,,,,,,,,,,,,,,,,,,,
5.0,Exactly what I've been needing for my teenager with poor motor skills,Exactly what I've been needing for my teenager with poor motor skills. My typical kids use them as well. I showed them to our dentist who thought they were brilliant!,b007mrorwq,2015-11-19,exactly ive needing teenager poor motor skill typical kid use well showed dentist thought brilliant,exactly ive needing teenager poor motor skill typical kid use well showed dentist thought brilliant,Surround® Toothbrush (Pack of 4),All Beauty,stb4,specialized care co inc,specialized care co inc,859938000121,en,False,False,True,True,9/24/2021 0:00,"my kwikset 99380-001 halo wi-fi smart lock keyless entry electronic keypad deadbolt melted and burned the tips of two of my fingers on sept 23, 2021.
on the late evening of sept 22, 2021 i was in the laundry room that has a door to the garage and i thought i smelled a faint smell of something odd, like a sort of burnt toast.   i checked all around and could not find the smell and it went away.   the following day the kwikset door lock in this room alerted us that its battery was dead and needed replacing.   later on sept 23, 2021 i removed the battery pack from the lock housing and replaced all three 1.5 volt aa batteries, then reinstalled the battery pack .  i then went to verify the locks operation and the lock would illuminate but would not lock or unlock.  then i started to smell a strong smell of something burning and i could see smoke emanating from the just installed battery pack.   i tried to remove the battery pack from the lock housing by lifting up on the plastic removal tab, as i had done previously, it is at this point i burnt my finger tips on the molten plastic.   i then went to the garage and got a dental pick to pull the battery pack out.  once the battery pack was removed the battery pack stopped melting and smoking.   
my fingers were sore but ok, no lasting damage.   
i then notified kwikset about what just happened and uploaded pictures to them using their online tool.  
i asked kwikset if there were any recalls on this product and they said no and there were no know issues. they issued me a case number and said they wanted the complete assembly returned to them for analysis using the prepaid label they provided.
they told me they were sending me a identical replacement as soon as they reviewed the pictures.
i am concerned for several reasons:
- my fingers got burned.
- i do not know what would have happened if i was not home and this happened as the door to the garage is a light wood door.  i do not know if the plastic in the battery pack and cover would ignite or just melt.
- i do not know if the plastic just melted could it have melted and jammed the locking mechanism making it impossible to exit or enter via this door.
- at the time i purchased the kwikset lock that failed i purchased an identical lock, only difference is the color, and installed it in another door.",44354.0,,,,,,,,,,,,,,,,,,,,,,,
5.0,Surround Toothbrush.,My husband has is an Alzheimer patient and these are the only brushes he will use.,b007mrorwq,2016-02-17,husband alzheimer patient brush use,husband alzheimer patient brush use,Surround® Toothbrush (Pack of 4),All Beauty,stb4,specialized care co inc,specialized care co inc,859938000121,en,False,False,True,True,9/24/2021 0:00,"my kwikset 99380-001 halo wi-fi smart lock keyless entry electronic keypad deadbolt melted and burned the tips of two of my fingers on sept 23, 2021.
on the late evening of sept 22, 2021 i was in the laundry room that has a door to the garage and i thought i smelled a faint smell of something odd, like a sort of burnt toast.   i checked all around and could not find the smell and it went away.   the following day the kwikset door lock in this room alerted us that its battery was dead and needed replacing.   later on sept 23, 2021 i removed the battery pack from the lock housing and replaced all three 1.5 volt aa batteries, then reinstalled the battery pack .  i then went to verify the locks operation and the lock would illuminate but would not lock or unlock.  then i started to smell a strong smell of something burning and i could see smoke emanating from the just installed battery pack.   i tried to remove the battery pack from the lock housing by lifting up on the plastic removal tab, as i had done previously, it is at this point i burnt my finger tips on the molten plastic.   i then went to the garage and got a dental pick to pull the battery pack out.  once the battery pack was removed the battery pack stopped melting and smoking.   
my fingers were sore but ok, no lasting damage.   
i then notified kwikset about what just happened and uploaded pictures to them using their online tool.  
i asked kwikset if there were any recalls on this product and they said no and there were no know issues. they issued me a case number and said they wanted the complete assembly returned to them for analysis using the prepaid label they provided.
they told me they were sending me a identical replacement as soon as they reviewed the pictures.
i am concerned for several reasons:
- my fingers got burned.
- i do not know what would have happened if i was not home and this happened as the door to the garage is a light wood door.  i do not know if the plastic in the battery pack and cover would ignite or just melt.
- i do not know if the plastic just melted could it have melted and jammed the locking mechanism making it impossible to exit or enter via this door.
- at the time i purchased the kwikset lock that failed i purchased an identical lock, only difference is the color, and installed it in another door.",44354.0,,,,,,,,,,,,,,,,,,,,,,,
5.0,Great Product,"Great product for kids who have Autisim.  Very hard to brush her teeth, and this has helped greatly",b007mrorwq,2015-12-03,great product kid autisim hard brush teeth helped greatly,great product kid autisim hard brush teeth helped greatly,Surround® Toothbrush (Pack of 4),All Beauty,stb4,specialized care co inc,specialized care co inc,859938000121,en,False,False,True,True,9/24/2021 0:00,"my kwikset 99380-001 halo wi-fi smart lock keyless entry electronic keypad deadbolt melted and burned the tips of two of my fingers on sept 23, 2021.
on the late evening of sept 22, 2021 i was in the laundry room that has a door to the garage and i thought i smelled a faint smell of something odd, like a sort of burnt toast.   i checked all around and could not find the smell and it went away.   the following day the kwikset door lock in this room alerted us that its battery was dead and needed replacing.   later on sept 23, 2021 i removed the battery pack from the lock housing and replaced all three 1.5 volt aa batteries, then reinstalled the battery pack .  i then went to verify the locks operation and the lock would illuminate but would not lock or unlock.  then i started to smell a strong smell of something burning and i could see smoke emanating from the just installed battery pack.   i tried to remove the battery pack from the lock housing by lifting up on the plastic removal tab, as i had done previously, it is at this point i burnt my finger tips on the molten plastic.   i then went to the garage and got a dental pick to pull the battery pack out.  once the battery pack was removed the battery pack stopped melting and smoking.   
my fingers were sore but ok, no lasting damage.   
i then notified kwikset about what just happened and uploaded pictures to them using their online tool.  
i asked kwikset if there were any recalls on this product and they said no and there were no know issues. they issued me a case number and said they wanted the complete assembly returned to them for analysis using the prepaid label they provided.
they told me they were sending me a identical replacement as soon as they reviewed the pictures.
i am concerned for several reasons:
- my fingers got burned.
- i do not know what would have happened if i was not home and this happened as the door to the garage is a light wood door.  i do not know if the plastic in the battery pack and cover would ignite or just melt.
- i do not know if the plastic just melted could it have melted and jammed the locking mechanism making it impossible to exit or enter via this door.
- at the time i purchased the kwikset lock that failed i purchased an identical lock, only difference is the color, and installed it in another door.",44354.0,,,,,,,,,,,,,,,,,,,,,,,
4.0,Price was great on 4 of them.,"I love the smell of this antiperspirant. But I've noticed it is starting to sting my arm outs, maybe I need to get use to it. It last longer than my brand I've been using. It was unscented.",b01mruque2,2020-09-04,love smell antiperspirant ive noticed starting sting arm out maybe need get use last longer brand using unscented,love smell antiperspirant ive noticed starting sting arm out maybe need get use last longer brand using unscented,Dove Men+Care Antiperspirant for Men Minerals and Sage with 48-Hour Sweat and Body Odor Protection 2.7 oz (Packaging may vary),All Beauty,b01mruque2,unilever,dove men + care,079400597328,en,False,False,True,True,11/22/2020 0:00,stick deordeant manufacturing defect. sharp edges with plastic pieces protruding cut my arm pit durning application,44112.0,,,,,,,,,,,,,,,,,,,,,,,
5.0,Highly recommended for anyone who needs assistance brushing their teeth,"Highly recommended for anyone who needs assistance brushing their teeth. Since I started using these on my daughter, her dental checkup reports have benefitted. 😊",b007mrorwq,2015-12-21,highly recommended anyone need assistance brushing teeth since started using daughter dental checkup report benefitted,highly recommended anyone need assistance brushing teeth since started using daughter dental checkup report benefitted,Surround® Toothbrush (Pack of 4),All Beauty,stb4,specialized care co inc,specialized care co inc,859938000121,en,False,False,True,True,9/24/2021 0:00,"my kwikset 99380-001 halo wi-fi smart lock keyless entry electronic keypad deadbolt melted and burned the tips of two of my fingers on sept 23, 2021.
on the late evening of sept 22, 2021 i was in the laundry room that has a door to the garage and i thought i smelled a faint smell of something odd, like a sort of burnt toast.   i checked all around and could not find the smell and it went away.   the following day the kwikset door lock in this room alerted us that its battery was dead and needed replacing.   later on sept 23, 2021 i removed the battery pack from the lock housing and replaced all three 1.5 volt aa batteries, then reinstalled the battery pack .  i then went to verify the locks operation and the lock would illuminate but would not lock or unlock.  then i started to smell a strong smell of something burning and i could see smoke emanating from the just installed battery pack.   i tried to remove the battery pack from the lock housing by lifting up on the plastic removal tab, as i had done previously, it is at this point i burnt my finger tips on the molten plastic.   i then went to the garage and got a dental pick to pull the battery pack out.  once the battery pack was removed the battery pack stopped melting and smoking.   
my fingers were sore but ok, no lasting damage.   
i then notified kwikset about what just happened and uploaded pictures to them using their online tool.  
i asked kwikset if there were any recalls on this product and they said no and there were no know issues. they issued me a case number and said they wanted the complete assembly returned to them for analysis using the prepaid label they provided.
they told me they were sending me a identical replacement as soon as they reviewed the pictures.
i am concerned for several reasons:
- my fingers got burned.
- i do not know what would have happened if i was not home and this happened as the door to the garage is a light wood door.  i do not know if the plastic in the battery pack and cover would ignite or just melt.
- i do not know if the plastic just melted could it have melted and jammed the locking mechanism making it impossible to exit or enter via this door.
- at the time i purchased the kwikset lock that failed i purchased an identical lock, only difference is the color, and installed it in another door.",44354.0,,,,,,,,,,,,,,,,,,,,,,,
5.0,Love this scent! Hard to find in stores.,Love this scent. Very hard to find in stores.,b01mruque2,2020-11-23,love scent hard find store,love scent hard find store,Dove Men+Care Antiperspirant for Men Minerals and Sage with 48-Hour Sweat and Body Odor Protection 2.7 oz (Packaging may vary),All Beauty,b01mruque2,unilever,dove men + care,079400597328,en,False,False,True,True,11/22/2020 0:00,stick deordeant manufacturing defect. sharp edges with plastic pieces protruding cut my arm pit durning application,44112.0,,,,,,,,,,,,,,,,,,,,,,,
5.0,Five Stars,They are exactly what I was looking for.,b007mrorwq,2018-06-13,exactly looking,exactly looking,Surround® Toothbrush (Pack of 4),All Beauty,stb4,specialized care co inc,specialized care co inc,859938000121,en,False,False,True,True,9/24/2021 0:00,"my kwikset 99380-001 halo wi-fi smart lock keyless entry electronic keypad deadbolt melted and burned the tips of two of my fingers on sept 23, 2021.
on the late evening of sept 22, 2021 i was in the laundry room that has a door to the garage and i thought i smelled a faint smell of something odd, like a sort of burnt toast.   i checked all around and could not find the smell and it went away.   the following day the kwikset door lock in this room alerted us that its battery was dead and needed replacing.   later on sept 23, 2021 i removed the battery pack from the lock housing and replaced all three 1.5 volt aa batteries, then reinstalled the battery pack .  i then went to verify the locks operation and the lock would illuminate but would not lock or unlock.  then i started to smell a strong smell of something burning and i could see smoke emanating from the just installed battery pack.   i tried to remove the battery pack from the lock housing by lifting up on the plastic removal tab, as i had done previously, it is at this point i burnt my finger tips on the molten plastic.   i then went to the garage and got a dental pick to pull the battery pack out.  once the battery pack was removed the battery pack stopped melting and smoking.   
my fingers were sore but ok, no lasting damage.   
i then notified kwikset about what just happened and uploaded pictures to them using their online tool.  
i asked kwikset if there were any recalls on this product and they said no and there were no know issues. they issued me a case number and said they wanted the complete assembly returned to them for analysis using the prepaid label they provided.
they told me they were sending me a identical replacement as soon as they reviewed the pictures.
i am concerned for several reasons:
- my fingers got burned.
- i do not know what would have happened if i was not home and this happened as the door to the garage is a light wood door.  i do not know if the plastic in the battery pack and cover would ignite or just melt.
- i do not know if the plastic just melted could it have melted and jammed the locking mechanism making it impossible to exit or enter via this door.
- at the time i purchased the kwikset lock that failed i purchased an identical lock, only difference is the color, and installed it in another door.",44354.0,,,,,,,,,,,,,,,,,,,,,,,
5.0,fun ones you decorate with stickers,"I purchased these for my son, who due to his sensory issues, HATES having his teeth brushed.  I've tried electrics, fun ones you decorate with stickers, favorite characters, etc.  He just hates it.<br /><br />So I figured that I have to make the most of the time I have to brush his teeth, and looked for a surround-like toothbrush that would let me access as much of his teeth/gums as possible in a short time.  I feel better about using this as opposed to a standard toothbrush.  I kept one for myself and it really does get a whole lot of 'tooth' all the way around.  And obviously, it must be doing something right as he had an exam a couple months after using these - No cavities, good gum health, clean teeth.  Yay!",b007mrorwq,2016-03-06,purchased son due sensory issue hate teeth brushed ive tried electric fun one decorate sticker favorite character etc itso figured make time brush looked surroundlike toothbrush would let access much teethgums possible short feel better using opposed standard kept really get whole lot tooth way around obviously must something right exam couple month cavity good gum health clean yay,purchased son due sensory issue hate teeth brushed ive tried electric fun one decorate sticker favorite character etc itso figured make time brush looked surroundlike toothbrush would let access much teethgums possible short feel better using opposed standard kept really get whole lot tooth way around obviously must something right exam couple month cavity good gum health clean yay,Surround® Toothbrush (Pack of 4),All Beauty,stb4,specialized care co inc,specialized care co inc,859938000121,en,False,False,True,True,9/24/2021 0:00,"my kwikset 99380-001 halo wi-fi smart lock keyless entry electronic keypad deadbolt melted and burned the tips of two of my fingers on sept 23, 2021.
on the late evening of sept 22, 2021 i was in the laundry room that has a door to the garage and i thought i smelled a faint smell of something odd, like a sort of burnt toast.   i checked all around and could not find the smell and it went away.   the following day the kwikset door lock in this room alerted us that its battery was dead and needed replacing.   later on sept 23, 2021 i removed the battery pack from the lock housing and replaced all three 1.5 volt aa batteries, then reinstalled the battery pack .  i then went to verify the locks operation and the lock would illuminate but would not lock or unlock.  then i started to smell a strong smell of something burning and i could see smoke emanating from the just installed battery pack.   i tried to remove the battery pack from the lock housing by lifting up on the plastic removal tab, as i had done previously, it is at this point i burnt my finger tips on the molten plastic.   i then went to the garage and got a dental pick to pull the battery pack out.  once the battery pack was removed the battery pack stopped melting and smoking.   
my fingers were sore but ok, no lasting damage.   
i then notified kwikset about what just happened and uploaded pictures to them using their online tool.  
i asked kwikset if there were any recalls on this product and they said no and there were no know issues. they issued me a case number and said they wanted the complete assembly returned to them for analysis using the prepaid label they provided.
they told me they were sending me a identical replacement as soon as they reviewed the pictures.
i am concerned for several reasons:
- my fingers got burned.
- i do not know what would have happened if i was not home and this happened as the door to the garage is a light wood door.  i do not know if the plastic in the battery pack and cover would ignite or just melt.
- i do not know if the plastic just melted could it have melted and jammed the locking mechanism making it impossible to exit or enter via this door.
- at the time i purchased the kwikset lock that failed i purchased an identical lock, only difference is the color, and installed it in another door.",44354.0,,,,,,,,,,,,,,,,,,,,,,,
5.0,Great idea!,Love this for my son who has oral issues! less time to brush teeth! covers all sides of the teeth at once!,b007mrorwq,2014-05-28,love son oral issue less time brush teeth cover side,love son oral issue less time brush teeth cover side,Surround® Toothbrush (Pack of 4),All Beauty,stb4,specialized care co inc,specialized care co inc,859938000121,en,False,False,True,True,9/24/2021 0:00,"my kwikset 99380-001 halo wi-fi smart lock keyless entry electronic keypad deadbolt melted and burned the tips of two of my fingers on sept 23, 2021.
on the late evening of sept 22, 2021 i was in the laundry room that has a door to the garage and i thought i smelled a faint smell of something odd, like a sort of burnt toast.   i checked all around and could not find the smell and it went away.   the following day the kwikset door lock in this room alerted us that its battery was dead and needed replacing.   later on sept 23, 2021 i removed the battery pack from the lock housing and replaced all three 1.5 volt aa batteries, then reinstalled the battery pack .  i then went to verify the locks operation and the lock would illuminate but would not lock or unlock.  then i started to smell a strong smell of something burning and i could see smoke emanating from the just installed battery pack.   i tried to remove the battery pack from the lock housing by lifting up on the plastic removal tab, as i had done previously, it is at this point i burnt my finger tips on the molten plastic.   i then went to the garage and got a dental pick to pull the battery pack out.  once the battery pack was removed the battery pack stopped melting and smoking.   
my fingers were sore but ok, no lasting damage.   
i then notified kwikset about what just happened and uploaded pictures to them using their online tool.  
i asked kwikset if there were any recalls on this product and they said no and there were no know issues. they issued me a case number and said they wanted the complete assembly returned to them for analysis using the prepaid label they provided.
they told me they were sending me a identical replacement as soon as they reviewed the pictures.
i am concerned for several reasons:
- my fingers got burned.
- i do not know what would have happened if i was not home and this happened as the door to the garage is a light wood door.  i do not know if the plastic in the battery pack and cover would ignite or just melt.
- i do not know if the plastic just melted could it have melted and jammed the locking mechanism making it impossible to exit or enter via this door.
- at the time i purchased the kwikset lock that failed i purchased an identical lock, only difference is the color, and installed it in another door.",44354.0,,,,,,,,,,,,,,,,,,,,,,,
5.0,These are amazing for autistic people who struggle with the sensory issues ...,These are amazing for autistic people who struggle with the sensory issues involved in tooth brushing. I shared with the local early intervention program and everyone ordered for their kids. Highly recommended.,b007mrorwq,2015-09-02,amazing autistic people struggle sensory issue involved tooth brushing shared local early intervention program everyone ordered kid highly recommended,amazing autistic people struggle sensory issue involved tooth brushing shared local early intervention program everyone ordered kid highly recommended,Surround® Toothbrush (Pack of 4),All Beauty,stb4,specialized care co inc,specialized care co inc,859938000121,en,False,False,True,True,9/24/2021 0:00,"my kwikset 99380-001 halo wi-fi smart lock keyless entry electronic keypad deadbolt melted and burned the tips of two of my fingers on sept 23, 2021.
on the late evening of sept 22, 2021 i was in the laundry room that has a door to the garage and i thought i smelled a faint smell of something odd, like a sort of burnt toast.   i checked all around and could not find the smell and it went away.   the following day the kwikset door lock in this room alerted us that its battery was dead and needed replacing.   later on sept 23, 2021 i removed the battery pack from the lock housing and replaced all three 1.5 volt aa batteries, then reinstalled the battery pack .  i then went to verify the locks operation and the lock would illuminate but would not lock or unlock.  then i started to smell a strong smell of something burning and i could see smoke emanating from the just installed battery pack.   i tried to remove the battery pack from the lock housing by lifting up on the plastic removal tab, as i had done previously, it is at this point i burnt my finger tips on the molten plastic.   i then went to the garage and got a dental pick to pull the battery pack out.  once the battery pack was removed the battery pack stopped melting and smoking.   
my fingers were sore but ok, no lasting damage.   
i then notified kwikset about what just happened and uploaded pictures to them using their online tool.  
i asked kwikset if there were any recalls on this product and they said no and there were no know issues. they issued me a case number and said they wanted the complete assembly returned to them for analysis using the prepaid label they provided.
they told me they were sending me a identical replacement as soon as they reviewed the pictures.
i am concerned for several reasons:
- my fingers got burned.
- i do not know what would have happened if i was not home and this happened as the door to the garage is a light wood door.  i do not know if the plastic in the battery pack and cover would ignite or just melt.
- i do not know if the plastic just melted could it have melted and jammed the locking mechanism making it impossible to exit or enter via this door.
- at the time i purchased the kwikset lock that failed i purchased an identical lock, only difference is the color, and installed it in another door.",44354.0,,,,,,,,,,,,,,,,,,,,,,,
5.0,Great Christmas stocking stuffer,Great Christmas stocking stuffer.  Great gift for the sensitive kid.  These tooth brushes are strong & get the job done!  Will order again.,b007mrorwq,2017-02-12,great christmas stocking stuffer gift sensitive kid tooth brush strong get job done order,great christmas stocking stuffer gift sensitive kid tooth brush strong get job done order,Surround® Toothbrush (Pack of 4),All Beauty,stb4,specialized care co inc,specialized care co inc,859938000121,en,False,False,True,True,9/24/2021 0:00,"my kwikset 99380-001 halo wi-fi smart lock keyless entry electronic keypad deadbolt melted and burned the tips of two of my fingers on sept 23, 2021.
on the late evening of sept 22, 2021 i was in the laundry room that has a door to the garage and i thought i smelled a faint smell of something odd, like a sort of burnt toast.   i checked all around and could not find the smell and it went away.   the following day the kwikset door lock in this room alerted us that its battery was dead and needed replacing.   later on sept 23, 2021 i removed the battery pack from the lock housing and replaced all three 1.5 volt aa batteries, then reinstalled the battery pack .  i then went to verify the locks operation and the lock would illuminate but would not lock or unlock.  then i started to smell a strong smell of something burning and i could see smoke emanating from the just installed battery pack.   i tried to remove the battery pack from the lock housing by lifting up on the plastic removal tab, as i had done previously, it is at this point i burnt my finger tips on the molten plastic.   i then went to the garage and got a dental pick to pull the battery pack out.  once the battery pack was removed the battery pack stopped melting and smoking.   
my fingers were sore but ok, no lasting damage.   
i then notified kwikset about what just happened and uploaded pictures to them using their online tool.  
i asked kwikset if there were any recalls on this product and they said no and there were no know issues. they issued me a case number and said they wanted the complete assembly returned to them for analysis using the prepaid label they provided.
they told me they were sending me a identical replacement as soon as they reviewed the pictures.
i am concerned for several reasons:
- my fingers got burned.
- i do not know what would have happened if i was not home and this happened as the door to the garage is a light wood door.  i do not know if the plastic in the battery pack and cover would ignite or just melt.
- i do not know if the plastic just melted could it have melted and jammed the locking mechanism making it impossible to exit or enter via this door.
- at the time i purchased the kwikset lock that failed i purchased an identical lock, only difference is the color, and installed it in another door.",44354.0,,,,,,,,,,,,,,,,,,,,,,,
5.0,Reaches In All The Right Area,"I had been using the smaller set of these for the last 3 years - My son with special needs likes to chew rather than brush so they weren't lasting that long. These ones are perfect. They are larger, but to me they seem to last longer for my kiddo. I only get a few seconds on each side before he bites down, so these are very helpful in keeping his mouth clean. The brushes don't come loose like store bought brushes do. Also I tried the really hard plastic three sided brushes but my sensory kiddo was NOT having it with those at all. These have been so helpful to our family.",b007mrorwq,2021-02-09,using smaller set last year son special need like chew rather brush werent lasting long one perfect larger seem longer kiddo get second side bite helpful keeping mouth clean dont come loose store bought also tried really hard plastic three sided sensory family,using smaller set last year son special need like chew rather brush werent lasting long one perfect larger seem longer kiddo get second side bite helpful keeping mouth clean dont come loose store bought also tried really hard plastic three sided sensory family,Surround® Toothbrush (Pack of 4),All Beauty,stb4,specialized care co inc,specialized care co inc,859938000121,en,False,False,True,True,9/24/2021 0:00,"my kwikset 99380-001 halo wi-fi smart lock keyless entry electronic keypad deadbolt melted and burned the tips of two of my fingers on sept 23, 2021.
on the late evening of sept 22, 2021 i was in the laundry room that has a door to the garage and i thought i smelled a faint smell of something odd, like a sort of burnt toast.   i checked all around and could not find the smell and it went away.   the following day the kwikset door lock in this room alerted us that its battery was dead and needed replacing.   later on sept 23, 2021 i removed the battery pack from the lock housing and replaced all three 1.5 volt aa batteries, then reinstalled the battery pack .  i then went to verify the locks operation and the lock would illuminate but would not lock or unlock.  then i started to smell a strong smell of something burning and i could see smoke emanating from the just installed battery pack.   i tried to remove the battery pack from the lock housing by lifting up on the plastic removal tab, as i had done previously, it is at this point i burnt my finger tips on the molten plastic.   i then went to the garage and got a dental pick to pull the battery pack out.  once the battery pack was removed the battery pack stopped melting and smoking.   
my fingers were sore but ok, no lasting damage.   
i then notified kwikset about what just happened and uploaded pictures to them using their online tool.  
i asked kwikset if there were any recalls on this product and they said no and there were no know issues. they issued me a case number and said they wanted the complete assembly returned to them for analysis using the prepaid label they provided.
they told me they were sending me a identical replacement as soon as they reviewed the pictures.
i am concerned for several reasons:
- my fingers got burned.
- i do not know what would have happened if i was not home and this happened as the door to the garage is a light wood door.  i do not know if the plastic in the battery pack and cover would ignite or just melt.
- i do not know if the plastic just melted could it have melted and jammed the locking mechanism making it impossible to exit or enter via this door.
- at the time i purchased the kwikset lock that failed i purchased an identical lock, only difference is the color, and installed it in another door.",44354.0,,,,,,,,,,,,,,,,,,,,,,,
5.0,Excellent !,Very easy and efficient to use!<br />My son loves it!<br />It enables us to reach and brush all his teeth with less effort.,b007mrorwq,2018-03-05,easy efficient usemy son love itit enables u reach brush teeth less effort,easy efficient usemy son love itit enables u reach brush teeth less effort,Surround® Toothbrush (Pack of 4),All Beauty,stb4,specialized care co inc,specialized care co inc,859938000121,en,False,False,True,True,9/24/2021 0:00,"my kwikset 99380-001 halo wi-fi smart lock keyless entry electronic keypad deadbolt melted and burned the tips of two of my fingers on sept 23, 2021.
on the late evening of sept 22, 2021 i was in the laundry room that has a door to the garage and i thought i smelled a faint smell of something odd, like a sort of burnt toast.   i checked all around and could not find the smell and it went away.   the following day the kwikset door lock in this room alerted us that its battery was dead and needed replacing.   later on sept 23, 2021 i removed the battery pack from the lock housing and replaced all three 1.5 volt aa batteries, then reinstalled the battery pack .  i then went to verify the locks operation and the lock would illuminate but would not lock or unlock.  then i started to smell a strong smell of something burning and i could see smoke emanating from the just installed battery pack.   i tried to remove the battery pack from the lock housing by lifting up on the plastic removal tab, as i had done previously, it is at this point i burnt my finger tips on the molten plastic.   i then went to the garage and got a dental pick to pull the battery pack out.  once the battery pack was removed the battery pack stopped melting and smoking.   
my fingers were sore but ok, no lasting damage.   
i then notified kwikset about what just happened and uploaded pictures to them using their online tool.  
i asked kwikset if there were any recalls on this product and they said no and there were no know issues. they issued me a case number and said they wanted the complete assembly returned to them for analysis using the prepaid label they provided.
they told me they were sending me a identical replacement as soon as they reviewed the pictures.
i am concerned for several reasons:
- my fingers got burned.
- i do not know what would have happened if i was not home and this happened as the door to the garage is a light wood door.  i do not know if the plastic in the battery pack and cover would ignite or just melt.
- i do not know if the plastic just melted could it have melted and jammed the locking mechanism making it impossible to exit or enter via this door.
- at the time i purchased the kwikset lock that failed i purchased an identical lock, only difference is the color, and installed it in another door.",44354.0,,,,,,,,,,,,,,,,,,,,,,,
4.0,Very Good Toothbrush,A really good toothbrush. 5 stars if it wasn't so expensive.,b007mrorwq,2021-07-26,really good toothbrush star wasnt expensive,really good toothbrush star wasnt expensive,Surround® Toothbrush (Pack of 4),All Beauty,stb4,specialized care co inc,specialized care co inc,859938000121,en,False,False,True,True,9/24/2021 0:00,"my kwikset 99380-001 halo wi-fi smart lock keyless entry electronic keypad deadbolt melted and burned the tips of two of my fingers on sept 23, 2021.
on the late evening of sept 22, 2021 i was in the laundry room that has a door to the garage and i thought i smelled a faint smell of something odd, like a sort of burnt toast.   i checked all around and could not find the smell and it went away.   the following day the kwikset door lock in this room alerted us that its battery was dead and needed replacing.   later on sept 23, 2021 i removed the battery pack from the lock housing and replaced all three 1.5 volt aa batteries, then reinstalled the battery pack .  i then went to verify the locks operation and the lock would illuminate but would not lock or unlock.  then i started to smell a strong smell of something burning and i could see smoke emanating from the just installed battery pack.   i tried to remove the battery pack from the lock housing by lifting up on the plastic removal tab, as i had done previously, it is at this point i burnt my finger tips on the molten plastic.   i then went to the garage and got a dental pick to pull the battery pack out.  once the battery pack was removed the battery pack stopped melting and smoking.   
my fingers were sore but ok, no lasting damage.   
i then notified kwikset about what just happened and uploaded pictures to them using their online tool.  
i asked kwikset if there were any recalls on this product and they said no and there were no know issues. they issued me a case number and said they wanted the complete assembly returned to them for analysis using the prepaid label they provided.
they told me they were sending me a identical replacement as soon as they reviewed the pictures.
i am concerned for several reasons:
- my fingers got burned.
- i do not know what would have happened if i was not home and this happened as the door to the garage is a light wood door.  i do not know if the plastic in the battery pack and cover would ignite or just melt.
- i do not know if the plastic just melted could it have melted and jammed the locking mechanism making it impossible to exit or enter via this door.
- at the time i purchased the kwikset lock that failed i purchased an identical lock, only difference is the color, and installed it in another door.",44354.0,,,,,,,,,,,,,,,,,,,,,,,
5.0,It works well for me,It is hard to remove the floss,b07f8svr4j,2020-11-09,hard remove floss,hard remove floss,"T.Smile 3rd Generation Dental Flosser 1 Handle + 50 Soft Silky Ribbon Floss Heads + 50 Extra Strength Floss Heads, Evolutionary Clean, Pack of 1",All Beauty,none,"liangbu science and technology co.,ltd.",t.smile,713440925009713440925078,en,False,False,True,True,3/18/2015 0:00,mold build up in washer tub area and front door rubber seal. ongoing since purchasing item.,39605.0,,,,,,,,,,,,,,,,,,,,,,,
5.0,This Dental Flosser gets the job done !,This little gadget gets the work done seamlessly. The handler is slightly tiny but it works . The ribbon floss heads are neatly designed to fix tightly but can also be easily replaced without needing any tool. The floss is strong and won't break easily comparing with other brand.,b07f8svr4j,2020-08-20,little gadget get work done seamlessly handler slightly tiny ribbon floss head neatly designed fix tightly also easily replaced without needing tool strong wont break comparing brand,little gadget get work done seamlessly handler slightly tiny ribbon floss head neatly designed fix tightly also easily replaced without needing tool strong wont break comparing brand,"T.Smile 3rd Generation Dental Flosser 1 Handle + 50 Soft Silky Ribbon Floss Heads + 50 Extra Strength Floss Heads, Evolutionary Clean, Pack of 1",All Beauty,none,"liangbu science and technology co.,ltd.",t.smile,713440925009713440925078,en,False,False,True,True,3/18/2015 0:00,mold build up in washer tub area and front door rubber seal. ongoing since purchasing item.,39605.0,,,,,,,,,,,,,,,,,,,,,,,
5.0,In Police Custody,"Im currently sitting in the back of a police car, but I ain’t scared. I’ve got my Dove deodorant, even if I don’t get out for awhile, at least I’ll smell Dove clean.",b01mruque2,2020-10-21,im currently sitting back police car aint scared ive got dove deodorant even dont get awhile least ill smell clean,im currently sitting back police car aint scared ive got dove deodorant even dont get awhile least ill smell clean,Dove Men+Care Antiperspirant for Men Minerals and Sage with 48-Hour Sweat and Body Odor Protection 2.7 oz (Packaging may vary),All Beauty,b01mruque2,unilever,dove men + care,079400597328,en,False,False,True,True,11/22/2020 0:00,stick deordeant manufacturing defect. sharp edges with plastic pieces protruding cut my arm pit durning application,44112.0,,,,,,,,,,,,,,,,,,,,,,,
5.0,Love,I use these for my daughter with special needs. Love them,b007mrorwq,2015-03-29,use daughter special need love,use daughter special need love,Surround® Toothbrush (Pack of 4),All Beauty,stb4,specialized care co inc,specialized care co inc,859938000121,en,False,False,True,True,9/24/2021 0:00,"my kwikset 99380-001 halo wi-fi smart lock keyless entry electronic keypad deadbolt melted and burned the tips of two of my fingers on sept 23, 2021.
on the late evening of sept 22, 2021 i was in the laundry room that has a door to the garage and i thought i smelled a faint smell of something odd, like a sort of burnt toast.   i checked all around and could not find the smell and it went away.   the following day the kwikset door lock in this room alerted us that its battery was dead and needed replacing.   later on sept 23, 2021 i removed the battery pack from the lock housing and replaced all three 1.5 volt aa batteries, then reinstalled the battery pack .  i then went to verify the locks operation and the lock would illuminate but would not lock or unlock.  then i started to smell a strong smell of something burning and i could see smoke emanating from the just installed battery pack.   i tried to remove the battery pack from the lock housing by lifting up on the plastic removal tab, as i had done previously, it is at this point i burnt my finger tips on the molten plastic.   i then went to the garage and got a dental pick to pull the battery pack out.  once the battery pack was removed the battery pack stopped melting and smoking.   
my fingers were sore but ok, no lasting damage.   
i then notified kwikset about what just happened and uploaded pictures to them using their online tool.  
i asked kwikset if there were any recalls on this product and they said no and there were no know issues. they issued me a case number and said they wanted the complete assembly returned to them for analysis using the prepaid label they provided.
they told me they were sending me a identical replacement as soon as they reviewed the pictures.
i am concerned for several reasons:
- my fingers got burned.
- i do not know what would have happened if i was not home and this happened as the door to the garage is a light wood door.  i do not know if the plastic in the battery pack and cover would ignite or just melt.
- i do not know if the plastic just melted could it have melted and jammed the locking mechanism making it impossible to exit or enter via this door.
- at the time i purchased the kwikset lock that failed i purchased an identical lock, only difference is the color, and installed it in another door.",44354.0,,,,,,,,,,,,,,,,,,,,,,,
4.0,Toothbrush,Thanks,b007mrorwq,2018-07-07,thanks,thanks,Surround® Toothbrush (Pack of 4),All Beauty,stb4,specialized care co inc,specialized care co inc,859938000121,en,False,False,True,True,9/24/2021 0:00,"my kwikset 99380-001 halo wi-fi smart lock keyless entry electronic keypad deadbolt melted and burned the tips of two of my fingers on sept 23, 2021.
on the late evening of sept 22, 2021 i was in the laundry room that has a door to the garage and i thought i smelled a faint smell of something odd, like a sort of burnt toast.   i checked all around and could not find the smell and it went away.   the following day the kwikset door lock in this room alerted us that its battery was dead and needed replacing.   later on sept 23, 2021 i removed the battery pack from the lock housing and replaced all three 1.5 volt aa batteries, then reinstalled the battery pack .  i then went to verify the locks operation and the lock would illuminate but would not lock or unlock.  then i started to smell a strong smell of something burning and i could see smoke emanating from the just installed battery pack.   i tried to remove the battery pack from the lock housing by lifting up on the plastic removal tab, as i had done previously, it is at this point i burnt my finger tips on the molten plastic.   i then went to the garage and got a dental pick to pull the battery pack out.  once the battery pack was removed the battery pack stopped melting and smoking.   
my fingers were sore but ok, no lasting damage.   
i then notified kwikset about what just happened and uploaded pictures to them using their online tool.  
i asked kwikset if there were any recalls on this product and they said no and there were no know issues. they issued me a case number and said they wanted the complete assembly returned to them for analysis using the prepaid label they provided.
they told me they were sending me a identical replacement as soon as they reviewed the pictures.
i am concerned for several reasons:
- my fingers got burned.
- i do not know what would have happened if i was not home and this happened as the door to the garage is a light wood door.  i do not know if the plastic in the battery pack and cover would ignite or just melt.
- i do not know if the plastic just melted could it have melted and jammed the locking mechanism making it impossible to exit or enter via this door.
- at the time i purchased the kwikset lock that failed i purchased an identical lock, only difference is the color, and installed it in another door.",44354.0,,,,,,,,,,,,,,,,,,,,,,,
5.0,My new favorite deodorant,Smells good but doesn’t overpower cologne like Old Spice. Lasts me through the day.,b01mruque2,2020-06-05,smell good doesnt overpower cologne like old spice last day,smell good doesnt overpower cologne like old spice last day,Dove Men+Care Antiperspirant for Men Minerals and Sage with 48-Hour Sweat and Body Odor Protection 2.7 oz (Packaging may vary),All Beauty,b01mruque2,unilever,dove men + care,079400597328,en,False,False,True,True,11/22/2020 0:00,stick deordeant manufacturing defect. sharp edges with plastic pieces protruding cut my arm pit durning application,44112.0,,,,,,,,,,,,,,,,,,,,,,,
5.0,Special needs toothbrush,My daughter has cerebral palsy and these tooth brushes are best for those with special needs.,b007mrorwq,2018-04-04,daughter cerebral palsy tooth brush best special need,daughter cerebral palsy tooth brush best special need,Surround® Toothbrush (Pack of 4),All Beauty,stb4,specialized care co inc,specialized care co inc,859938000121,en,False,False,True,True,9/24/2021 0:00,"my kwikset 99380-001 halo wi-fi smart lock keyless entry electronic keypad deadbolt melted and burned the tips of two of my fingers on sept 23, 2021.
on the late evening of sept 22, 2021 i was in the laundry room that has a door to the garage and i thought i smelled a faint smell of something odd, like a sort of burnt toast.   i checked all around and could not find the smell and it went away.   the following day the kwikset door lock in this room alerted us that its battery was dead and needed replacing.   later on sept 23, 2021 i removed the battery pack from the lock housing and replaced all three 1.5 volt aa batteries, then reinstalled the battery pack .  i then went to verify the locks operation and the lock would illuminate but would not lock or unlock.  then i started to smell a strong smell of something burning and i could see smoke emanating from the just installed battery pack.   i tried to remove the battery pack from the lock housing by lifting up on the plastic removal tab, as i had done previously, it is at this point i burnt my finger tips on the molten plastic.   i then went to the garage and got a dental pick to pull the battery pack out.  once the battery pack was removed the battery pack stopped melting and smoking.   
my fingers were sore but ok, no lasting damage.   
i then notified kwikset about what just happened and uploaded pictures to them using their online tool.  
i asked kwikset if there were any recalls on this product and they said no and there were no know issues. they issued me a case number and said they wanted the complete assembly returned to them for analysis using the prepaid label they provided.
they told me they were sending me a identical replacement as soon as they reviewed the pictures.
i am concerned for several reasons:
- my fingers got burned.
- i do not know what would have happened if i was not home and this happened as the door to the garage is a light wood door.  i do not know if the plastic in the battery pack and cover would ignite or just melt.
- i do not know if the plastic just melted could it have melted and jammed the locking mechanism making it impossible to exit or enter via this door.
- at the time i purchased the kwikset lock that failed i purchased an identical lock, only difference is the color, and installed it in another door.",44354.0,,,,,,,,,,,,,,,,,,,,,,,
5.0,Five Stars,Good for kids that are not that good at hitting all spots on their teeth. Also good for braces.,b007mrorwq,2016-11-16,good kid hitting spot teeth also brace,good kid hitting spot teeth also brace,Surround® Toothbrush (Pack of 4),All Beauty,stb4,specialized care co inc,specialized care co inc,859938000121,en,False,False,True,True,9/24/2021 0:00,"my kwikset 99380-001 halo wi-fi smart lock keyless entry electronic keypad deadbolt melted and burned the tips of two of my fingers on sept 23, 2021.
on the late evening of sept 22, 2021 i was in the laundry room that has a door to the garage and i thought i smelled a faint smell of something odd, like a sort of burnt toast.   i checked all around and could not find the smell and it went away.   the following day the kwikset door lock in this room alerted us that its battery was dead and needed replacing.   later on sept 23, 2021 i removed the battery pack from the lock housing and replaced all three 1.5 volt aa batteries, then reinstalled the battery pack .  i then went to verify the locks operation and the lock would illuminate but would not lock or unlock.  then i started to smell a strong smell of something burning and i could see smoke emanating from the just installed battery pack.   i tried to remove the battery pack from the lock housing by lifting up on the plastic removal tab, as i had done previously, it is at this point i burnt my finger tips on the molten plastic.   i then went to the garage and got a dental pick to pull the battery pack out.  once the battery pack was removed the battery pack stopped melting and smoking.   
my fingers were sore but ok, no lasting damage.   
i then notified kwikset about what just happened and uploaded pictures to them using their online tool.  
i asked kwikset if there were any recalls on this product and they said no and there were no know issues. they issued me a case number and said they wanted the complete assembly returned to them for analysis using the prepaid label they provided.
they told me they were sending me a identical replacement as soon as they reviewed the pictures.
i am concerned for several reasons:
- my fingers got burned.
- i do not know what would have happened if i was not home and this happened as the door to the garage is a light wood door.  i do not know if the plastic in the battery pack and cover would ignite or just melt.
- i do not know if the plastic just melted could it have melted and jammed the locking mechanism making it impossible to exit or enter via this door.
- at the time i purchased the kwikset lock that failed i purchased an identical lock, only difference is the color, and installed it in another door.",44354.0,,,,,,,,,,,,,,,,,,,,,,,
3.0,Be careful. This has aluminum zirconium which may affect your skin,"Be careful. This has aluminum zirconium (the main ingredient for antiperspirant) which may affect some people's skin differently. Which happened to me. For 3 days my armpits were extremely itchy, red, and with small irritating bumps. I don't think this is the product's fault all honestly since the problem is my skin. SO BE CAREFUL.",b01mruque2,2020-10-30,careful aluminum zirconium main ingredient antiperspirant may affect people skin differently happened day armpit extremely itchy red small irritating bump dont think product fault honestly since problem,careful aluminum zirconium main ingredient antiperspirant may affect people skin differently happened day armpit extremely itchy red small irritating bump dont think product fault honestly since problem,Dove Men+Care Antiperspirant for Men Minerals and Sage with 48-Hour Sweat and Body Odor Protection 2.7 oz (Packaging may vary),All Beauty,b01mruque2,unilever,dove men + care,079400597328,en,False,False,True,True,11/22/2020 0:00,stick deordeant manufacturing defect. sharp edges with plastic pieces protruding cut my arm pit durning application,44112.0,,,,,,,,,,,,,,,,,,,,,,,
4.0,Four Stars,Smaller heads than expected but it makes it much easier to brush his teeth. Using on a teenager.,b007mrorwq,2015-02-04,smaller head expected make much easier brush teeth using teenager,smaller head expected make much easier brush teeth using teenager,Surround® Toothbrush (Pack of 4),All Beauty,stb4,specialized care co inc,specialized care co inc,859938000121,en,False,False,True,True,9/24/2021 0:00,"my kwikset 99380-001 halo wi-fi smart lock keyless entry electronic keypad deadbolt melted and burned the tips of two of my fingers on sept 23, 2021.
on the late evening of sept 22, 2021 i was in the laundry room that has a door to the garage and i thought i smelled a faint smell of something odd, like a sort of burnt toast.   i checked all around and could not find the smell and it went away.   the following day the kwikset door lock in this room alerted us that its battery was dead and needed replacing.   later on sept 23, 2021 i removed the battery pack from the lock housing and replaced all three 1.5 volt aa batteries, then reinstalled the battery pack .  i then went to verify the locks operation and the lock would illuminate but would not lock or unlock.  then i started to smell a strong smell of something burning and i could see smoke emanating from the just installed battery pack.   i tried to remove the battery pack from the lock housing by lifting up on the plastic removal tab, as i had done previously, it is at this point i burnt my finger tips on the molten plastic.   i then went to the garage and got a dental pick to pull the battery pack out.  once the battery pack was removed the battery pack stopped melting and smoking.   
my fingers were sore but ok, no lasting damage.   
i then notified kwikset about what just happened and uploaded pictures to them using their online tool.  
i asked kwikset if there were any recalls on this product and they said no and there were no know issues. they issued me a case number and said they wanted the complete assembly returned to them for analysis using the prepaid label they provided.
they told me they were sending me a identical replacement as soon as they reviewed the pictures.
i am concerned for several reasons:
- my fingers got burned.
- i do not know what would have happened if i was not home and this happened as the door to the garage is a light wood door.  i do not know if the plastic in the battery pack and cover would ignite or just melt.
- i do not know if the plastic just melted could it have melted and jammed the locking mechanism making it impossible to exit or enter via this door.
- at the time i purchased the kwikset lock that failed i purchased an identical lock, only difference is the color, and installed it in another door.",44354.0,,,,,,,,,,,,,,,,,,,,,,,
5.0,Best invention ever,"Best invention ever!!! Brushing our child's teeth is a nightmare. He has special needs, sensory issues, and the list goes on...this makes our lives a tad easier:)<br />22q.org",b007mrorwq,2015-11-22,best invention ever brushing child teeth nightmare special need sensory issue list go onthis make life tad easierqorg,best invention ever brushing child teeth nightmare special need sensory issue list go onthis make life tad easierqorg,Surround® Toothbrush (Pack of 4),All Beauty,stb4,specialized care co inc,specialized care co inc,859938000121,en,False,False,True,True,9/24/2021 0:00,"my kwikset 99380-001 halo wi-fi smart lock keyless entry electronic keypad deadbolt melted and burned the tips of two of my fingers on sept 23, 2021.
on the late evening of sept 22, 2021 i was in the laundry room that has a door to the garage and i thought i smelled a faint smell of something odd, like a sort of burnt toast.   i checked all around and could not find the smell and it went away.   the following day the kwikset door lock in this room alerted us that its battery was dead and needed replacing.   later on sept 23, 2021 i removed the battery pack from the lock housing and replaced all three 1.5 volt aa batteries, then reinstalled the battery pack .  i then went to verify the locks operation and the lock would illuminate but would not lock or unlock.  then i started to smell a strong smell of something burning and i could see smoke emanating from the just installed battery pack.   i tried to remove the battery pack from the lock housing by lifting up on the plastic removal tab, as i had done previously, it is at this point i burnt my finger tips on the molten plastic.   i then went to the garage and got a dental pick to pull the battery pack out.  once the battery pack was removed the battery pack stopped melting and smoking.   
my fingers were sore but ok, no lasting damage.   
i then notified kwikset about what just happened and uploaded pictures to them using their online tool.  
i asked kwikset if there were any recalls on this product and they said no and there were no know issues. they issued me a case number and said they wanted the complete assembly returned to them for analysis using the prepaid label they provided.
they told me they were sending me a identical replacement as soon as they reviewed the pictures.
i am concerned for several reasons:
- my fingers got burned.
- i do not know what would have happened if i was not home and this happened as the door to the garage is a light wood door.  i do not know if the plastic in the battery pack and cover would ignite or just melt.
- i do not know if the plastic just melted could it have melted and jammed the locking mechanism making it impossible to exit or enter via this door.
- at the time i purchased the kwikset lock that failed i purchased an identical lock, only difference is the color, and installed it in another door.",44354.0,,,,,,,,,,,,,,,,,,,,,,,
3.0,I love the way it works on my teeth but doesn't ...,"On the fence about these. Originally bought for my toddlers but I didn't pay attention to the dimensions since my search was &#34;toddler toothbrush&#34; so I just assumed they would be small enough for them. Nope, they're adult size. No biggie. Just thought I'd use them myself.  I love the way it works on my teeth but doesn't clean gums or tongue. Plus the head is kinda hard with the two sides close together (obviously) but I envision bacteria and other stuff getting stuck in between. I don't think rinsing would get it completely clean. So I like but don't like.",b007mrorwq,2015-11-09,fence originally bought toddler didnt pay attention dimension since search toothbrush assumed would small enough nope theyre adult size biggie thought id use love way work teeth doesnt clean gum tongue plus head kinda hard two side close together obviously envision bacteria stuff getting stuck dont think rinsing get completely like,fence originally bought toddler didnt pay attention dimension since search toothbrush assumed would small enough nope theyre adult size biggie thought id use love way work teeth doesnt clean gum tongue plus head kinda hard two side close together obviously envision bacteria stuff getting stuck dont think rinsing get completely like,Surround® Toothbrush (Pack of 4),All Beauty,stb4,specialized care co inc,specialized care co inc,859938000121,en,False,False,True,True,9/24/2021 0:00,"my kwikset 99380-001 halo wi-fi smart lock keyless entry electronic keypad deadbolt melted and burned the tips of two of my fingers on sept 23, 2021.
on the late evening of sept 22, 2021 i was in the laundry room that has a door to the garage and i thought i smelled a faint smell of something odd, like a sort of burnt toast.   i checked all around and could not find the smell and it went away.   the following day the kwikset door lock in this room alerted us that its battery was dead and needed replacing.   later on sept 23, 2021 i removed the battery pack from the lock housing and replaced all three 1.5 volt aa batteries, then reinstalled the battery pack .  i then went to verify the locks operation and the lock would illuminate but would not lock or unlock.  then i started to smell a strong smell of something burning and i could see smoke emanating from the just installed battery pack.   i tried to remove the battery pack from the lock housing by lifting up on the plastic removal tab, as i had done previously, it is at this point i burnt my finger tips on the molten plastic.   i then went to the garage and got a dental pick to pull the battery pack out.  once the battery pack was removed the battery pack stopped melting and smoking.   
my fingers were sore but ok, no lasting damage.   
i then notified kwikset about what just happened and uploaded pictures to them using their online tool.  
i asked kwikset if there were any recalls on this product and they said no and there were no know issues. they issued me a case number and said they wanted the complete assembly returned to them for analysis using the prepaid label they provided.
they told me they were sending me a identical replacement as soon as they reviewed the pictures.
i am concerned for several reasons:
- my fingers got burned.
- i do not know what would have happened if i was not home and this happened as the door to the garage is a light wood door.  i do not know if the plastic in the battery pack and cover would ignite or just melt.
- i do not know if the plastic just melted could it have melted and jammed the locking mechanism making it impossible to exit or enter via this door.
- at the time i purchased the kwikset lock that failed i purchased an identical lock, only difference is the color, and installed it in another door.",44354.0,,,,,,,,,,,,,,,,,,,,,,,
1.0,Obviously not kid-tested,"I bought these toothbrushes to make an already difficult process easier with my toddler.  I can't understand why my toddler has to fight teeth brushing every single time, twice a day for as long as he has had teeth!  But that's another story.  These toothbrushes, in theory, are great.  They surround the tooth and make brushing a bit faster.  HOWEVER, children, and particularly toddlers, do not behave like adults (something the manufacturer did not consider).  They do not understand yet to spit out toothpaste, which is why there is a variety of toothpastes for toddlers that is safe to swallow.  They chew toothbrushes because they do not understand that it's for brushing.  As the parent, we try to help brush their teeth but toddlers can be very stubborn and we need to let them to their own devices so they can learn.<br /><br />So it is beyond me why the manufacturer did not consider this.  After just a couple of weeks, my toddler chews through the back of the toothbrush until it's falling apart.  Quite frankly, I don't want my toddler swallowing the rubbery part of the toothbrush (nor I imagine any parent would) so I have to change out the toothbrush every couple of weeks.  This makes it a very expensive toothbrush and not worth the risk in my opinion.  I've uploaded a picture to show just this.",b007mrorwq,2014-04-07,bought toothbrush make already difficult process easier toddler cant understand fight teeth brushing every single time twice day long thats another story theory great surround tooth bit faster however child particularly behave like adult something manufacturer consider yet spit toothpaste variety safe swallow chew parent try help brush stubborn need let device learnso beyond couple week back falling apart quite frankly dont want swallowing rubbery part imagine would change expensive worth risk opinion ive uploaded picture show,bought toothbrush make already difficult process easier toddler cant understand fight teeth brushing every single time twice day long thats another story theory great surround tooth bit faster however child particularly behave like adult something manufacturer consider yet spit toothpaste variety safe swallow chew parent try help brush stubborn need let device learnso beyond couple week back falling apart quite frankly dont want swallowing rubbery part imagine would change expensive worth risk opinion ive uploaded picture show,Surround® Toothbrush (Pack of 4),All Beauty,stb4,specialized care co inc,specialized care co inc,859938000121,en,False,False,True,True,9/24/2021 0:00,"my kwikset 99380-001 halo wi-fi smart lock keyless entry electronic keypad deadbolt melted and burned the tips of two of my fingers on sept 23, 2021.
on the late evening of sept 22, 2021 i was in the laundry room that has a door to the garage and i thought i smelled a faint smell of something odd, like a sort of burnt toast.   i checked all around and could not find the smell and it went away.   the following day the kwikset door lock in this room alerted us that its battery was dead and needed replacing.   later on sept 23, 2021 i removed the battery pack from the lock housing and replaced all three 1.5 volt aa batteries, then reinstalled the battery pack .  i then went to verify the locks operation and the lock would illuminate but would not lock or unlock.  then i started to smell a strong smell of something burning and i could see smoke emanating from the just installed battery pack.   i tried to remove the battery pack from the lock housing by lifting up on the plastic removal tab, as i had done previously, it is at this point i burnt my finger tips on the molten plastic.   i then went to the garage and got a dental pick to pull the battery pack out.  once the battery pack was removed the battery pack stopped melting and smoking.   
my fingers were sore but ok, no lasting damage.   
i then notified kwikset about what just happened and uploaded pictures to them using their online tool.  
i asked kwikset if there were any recalls on this product and they said no and there were no know issues. they issued me a case number and said they wanted the complete assembly returned to them for analysis using the prepaid label they provided.
they told me they were sending me a identical replacement as soon as they reviewed the pictures.
i am concerned for several reasons:
- my fingers got burned.
- i do not know what would have happened if i was not home and this happened as the door to the garage is a light wood door.  i do not know if the plastic in the battery pack and cover would ignite or just melt.
- i do not know if the plastic just melted could it have melted and jammed the locking mechanism making it impossible to exit or enter via this door.
- at the time i purchased the kwikset lock that failed i purchased an identical lock, only difference is the color, and installed it in another door.",44354.0,,,,,,,,,,,,,,,,,,,,,,,
4.0,Does the Job,"I Like them I just wish they made some a tiny bit bigger, or electronic or some deeper bristles for better coverage in between the teeth.",b007mrorwq,2015-02-13,like wish made tiny bit bigger electronic deeper bristle better coverage teeth,like wish made tiny bit bigger electronic deeper bristle better coverage teeth,Surround® Toothbrush (Pack of 4),All Beauty,stb4,specialized care co inc,specialized care co inc,859938000121,en,False,False,True,True,9/24/2021 0:00,"my kwikset 99380-001 halo wi-fi smart lock keyless entry electronic keypad deadbolt melted and burned the tips of two of my fingers on sept 23, 2021.
on the late evening of sept 22, 2021 i was in the laundry room that has a door to the garage and i thought i smelled a faint smell of something odd, like a sort of burnt toast.   i checked all around and could not find the smell and it went away.   the following day the kwikset door lock in this room alerted us that its battery was dead and needed replacing.   later on sept 23, 2021 i removed the battery pack from the lock housing and replaced all three 1.5 volt aa batteries, then reinstalled the battery pack .  i then went to verify the locks operation and the lock would illuminate but would not lock or unlock.  then i started to smell a strong smell of something burning and i could see smoke emanating from the just installed battery pack.   i tried to remove the battery pack from the lock housing by lifting up on the plastic removal tab, as i had done previously, it is at this point i burnt my finger tips on the molten plastic.   i then went to the garage and got a dental pick to pull the battery pack out.  once the battery pack was removed the battery pack stopped melting and smoking.   
my fingers were sore but ok, no lasting damage.   
i then notified kwikset about what just happened and uploaded pictures to them using their online tool.  
i asked kwikset if there were any recalls on this product and they said no and there were no know issues. they issued me a case number and said they wanted the complete assembly returned to them for analysis using the prepaid label they provided.
they told me they were sending me a identical replacement as soon as they reviewed the pictures.
i am concerned for several reasons:
- my fingers got burned.
- i do not know what would have happened if i was not home and this happened as the door to the garage is a light wood door.  i do not know if the plastic in the battery pack and cover would ignite or just melt.
- i do not know if the plastic just melted could it have melted and jammed the locking mechanism making it impossible to exit or enter via this door.
- at the time i purchased the kwikset lock that failed i purchased an identical lock, only difference is the color, and installed it in another door.",44354.0,,,,,,,,,,,,,,,,,,,,,,,
1.0,"Floss in the heads break easily, buyer beware","It took 4 heads to clean my mouth 1 time.  The floss kept breaking out of the head and had to be replaced.  I will not buy again.  Too bad, I do like the ergo handle.",b07f8svr4j,2019-08-04,took head clean mouth time floss kept breaking replaced buy bad like ergo handle,took head clean mouth time floss kept breaking replaced buy bad like ergo handle,"T.Smile 3rd Generation Dental Flosser 1 Handle + 50 Soft Silky Ribbon Floss Heads + 50 Extra Strength Floss Heads, Evolutionary Clean, Pack of 1",All Beauty,none,"liangbu science and technology co.,ltd.",t.smile,713440925009713440925078,en,False,False,True,True,3/18/2015 0:00,mold build up in washer tub area and front door rubber seal. ongoing since purchasing item.,39605.0,,,,,,,,,,,,,,,,,,,,,,,
5.0,Awesome toothbrushes!,I love these!!  My kids never seem to get all the surfaces of their teeth with regular toothbrushes and we've always found multiple new cavities at every dental visit.  These make it so much easier for them and I was pleasantly surprised to find they had no new cavities at their most recent dentist visit.  These are seriously awesome.,b007mrorwq,2016-01-06,love kid never seem get surface teeth regular toothbrush weve always found multiple new cavity every dental visit make much easier pleasantly surprised find recent dentist seriously awesome,love kid never seem get surface teeth regular toothbrush weve always found multiple new cavity every dental visit make much easier pleasantly surprised find recent dentist seriously awesome,Surround® Toothbrush (Pack of 4),All Beauty,stb4,specialized care co inc,specialized care co inc,859938000121,en,False,False,True,True,9/24/2021 0:00,"my kwikset 99380-001 halo wi-fi smart lock keyless entry electronic keypad deadbolt melted and burned the tips of two of my fingers on sept 23, 2021.
on the late evening of sept 22, 2021 i was in the laundry room that has a door to the garage and i thought i smelled a faint smell of something odd, like a sort of burnt toast.   i checked all around and could not find the smell and it went away.   the following day the kwikset door lock in this room alerted us that its battery was dead and needed replacing.   later on sept 23, 2021 i removed the battery pack from the lock housing and replaced all three 1.5 volt aa batteries, then reinstalled the battery pack .  i then went to verify the locks operation and the lock would illuminate but would not lock or unlock.  then i started to smell a strong smell of something burning and i could see smoke emanating from the just installed battery pack.   i tried to remove the battery pack from the lock housing by lifting up on the plastic removal tab, as i had done previously, it is at this point i burnt my finger tips on the molten plastic.   i then went to the garage and got a dental pick to pull the battery pack out.  once the battery pack was removed the battery pack stopped melting and smoking.   
my fingers were sore but ok, no lasting damage.   
i then notified kwikset about what just happened and uploaded pictures to them using their online tool.  
i asked kwikset if there were any recalls on this product and they said no and there were no know issues. they issued me a case number and said they wanted the complete assembly returned to them for analysis using the prepaid label they provided.
they told me they were sending me a identical replacement as soon as they reviewed the pictures.
i am concerned for several reasons:
- my fingers got burned.
- i do not know what would have happened if i was not home and this happened as the door to the garage is a light wood door.  i do not know if the plastic in the battery pack and cover would ignite or just melt.
- i do not know if the plastic just melted could it have melted and jammed the locking mechanism making it impossible to exit or enter via this door.
- at the time i purchased the kwikset lock that failed i purchased an identical lock, only difference is the color, and installed it in another door.",44354.0,,,,,,,,,,,,,,,,,,,,,,,
5.0,Great cleaning for teeth.,We love these toothbrushes. The do the job well. Clean all around teeth.,b007mrorwq,2016-02-22,love toothbrush job well clean around teeth,love toothbrush job well clean around teeth,Surround® Toothbrush (Pack of 4),All Beauty,stb4,specialized care co inc,specialized care co inc,859938000121,en,False,False,True,True,9/24/2021 0:00,"my kwikset 99380-001 halo wi-fi smart lock keyless entry electronic keypad deadbolt melted and burned the tips of two of my fingers on sept 23, 2021.
on the late evening of sept 22, 2021 i was in the laundry room that has a door to the garage and i thought i smelled a faint smell of something odd, like a sort of burnt toast.   i checked all around and could not find the smell and it went away.   the following day the kwikset door lock in this room alerted us that its battery was dead and needed replacing.   later on sept 23, 2021 i removed the battery pack from the lock housing and replaced all three 1.5 volt aa batteries, then reinstalled the battery pack .  i then went to verify the locks operation and the lock would illuminate but would not lock or unlock.  then i started to smell a strong smell of something burning and i could see smoke emanating from the just installed battery pack.   i tried to remove the battery pack from the lock housing by lifting up on the plastic removal tab, as i had done previously, it is at this point i burnt my finger tips on the molten plastic.   i then went to the garage and got a dental pick to pull the battery pack out.  once the battery pack was removed the battery pack stopped melting and smoking.   
my fingers were sore but ok, no lasting damage.   
i then notified kwikset about what just happened and uploaded pictures to them using their online tool.  
i asked kwikset if there were any recalls on this product and they said no and there were no know issues. they issued me a case number and said they wanted the complete assembly returned to them for analysis using the prepaid label they provided.
they told me they were sending me a identical replacement as soon as they reviewed the pictures.
i am concerned for several reasons:
- my fingers got burned.
- i do not know what would have happened if i was not home and this happened as the door to the garage is a light wood door.  i do not know if the plastic in the battery pack and cover would ignite or just melt.
- i do not know if the plastic just melted could it have melted and jammed the locking mechanism making it impossible to exit or enter via this door.
- at the time i purchased the kwikset lock that failed i purchased an identical lock, only difference is the color, and installed it in another door.",44354.0,,,,,,,,,,,,,,,,,,,,,,,
1.0,Terrible,"The silky soft ribbon flossers all break way too easily. I used 4 just to get through my mouth one time. The extra strength flossers didn't break, but are too large to fit between my teeth. I previously used the Reach flossers and might occasionally have one break, but never 4 in a row.",b07f8svr4j,2020-12-07,silky soft ribbon flossers break way easily used get mouth one time extra strength didnt large fit teeth previously reach might occasionally never row,silky soft ribbon flossers break way easily used get mouth one time extra strength didnt large fit teeth previously reach might occasionally never row,"T.Smile 3rd Generation Dental Flosser 1 Handle + 50 Soft Silky Ribbon Floss Heads + 50 Extra Strength Floss Heads, Evolutionary Clean, Pack of 1",All Beauty,none,"liangbu science and technology co.,ltd.",t.smile,713440925009713440925078,en,False,False,True,True,3/18/2015 0:00,mold build up in washer tub area and front door rubber seal. ongoing since purchasing item.,39605.0,,,,,,,,,,,,,,,,,,,,,,,
2.0,Good idea but not so simple,"On one side it’s look like great product but the problem is there no leaver to work with, it got stocked between the teeth",b07f8svr4j,2021-02-08,one side look like great product problem leaver work got stocked teeth,one side look like great product problem leaver work got stocked teeth,"T.Smile 3rd Generation Dental Flosser 1 Handle + 50 Soft Silky Ribbon Floss Heads + 50 Extra Strength Floss Heads, Evolutionary Clean, Pack of 1",All Beauty,none,"liangbu science and technology co.,ltd.",t.smile,713440925009713440925078,en,False,False,True,True,3/18/2015 0:00,mold build up in washer tub area and front door rubber seal. ongoing since purchasing item.,39605.0,,,,,,,,,,,,,,,,,,,,,,,
5.0,Surround Toothbrush,"These tooth brushes are really awesome. I have a special needs son and it makes it so easy to brush his teeth. The price was good as well, ordering in bulk.",b007mrorwq,2014-06-02,tooth brush really awesome special need son make easy teeth price good well ordering bulk,tooth brush really awesome special need son make easy teeth price good well ordering bulk,Surround® Toothbrush (Pack of 4),All Beauty,stb4,specialized care co inc,specialized care co inc,859938000121,en,False,False,True,True,9/24/2021 0:00,"my kwikset 99380-001 halo wi-fi smart lock keyless entry electronic keypad deadbolt melted and burned the tips of two of my fingers on sept 23, 2021.
on the late evening of sept 22, 2021 i was in the laundry room that has a door to the garage and i thought i smelled a faint smell of something odd, like a sort of burnt toast.   i checked all around and could not find the smell and it went away.   the following day the kwikset door lock in this room alerted us that its battery was dead and needed replacing.   later on sept 23, 2021 i removed the battery pack from the lock housing and replaced all three 1.5 volt aa batteries, then reinstalled the battery pack .  i then went to verify the locks operation and the lock would illuminate but would not lock or unlock.  then i started to smell a strong smell of something burning and i could see smoke emanating from the just installed battery pack.   i tried to remove the battery pack from the lock housing by lifting up on the plastic removal tab, as i had done previously, it is at this point i burnt my finger tips on the molten plastic.   i then went to the garage and got a dental pick to pull the battery pack out.  once the battery pack was removed the battery pack stopped melting and smoking.   
my fingers were sore but ok, no lasting damage.   
i then notified kwikset about what just happened and uploaded pictures to them using their online tool.  
i asked kwikset if there were any recalls on this product and they said no and there were no know issues. they issued me a case number and said they wanted the complete assembly returned to them for analysis using the prepaid label they provided.
they told me they were sending me a identical replacement as soon as they reviewed the pictures.
i am concerned for several reasons:
- my fingers got burned.
- i do not know what would have happened if i was not home and this happened as the door to the garage is a light wood door.  i do not know if the plastic in the battery pack and cover would ignite or just melt.
- i do not know if the plastic just melted could it have melted and jammed the locking mechanism making it impossible to exit or enter via this door.
- at the time i purchased the kwikset lock that failed i purchased an identical lock, only difference is the color, and installed it in another door.",44354.0,,,,,,,,,,,,,,,,,,,,,,,
5.0,Fantastic for special needs folks!,"Love these toothbrushes! Our kids both have trouble with fine motor tasks, as well as with having the patience to last through an entire thorough brushing. These brushes allow them to have more independence, take less time to brush, and allow them to be more thorough. Really happy with this find",b007mrorwq,2016-01-16,love toothbrush kid trouble fine motor task well patience last entire thorough brushing brush allow independence take less time really happy find,love toothbrush kid trouble fine motor task well patience last entire thorough brushing brush allow independence take less time really happy find,Surround® Toothbrush (Pack of 4),All Beauty,stb4,specialized care co inc,specialized care co inc,859938000121,en,False,False,True,True,9/24/2021 0:00,"my kwikset 99380-001 halo wi-fi smart lock keyless entry electronic keypad deadbolt melted and burned the tips of two of my fingers on sept 23, 2021.
on the late evening of sept 22, 2021 i was in the laundry room that has a door to the garage and i thought i smelled a faint smell of something odd, like a sort of burnt toast.   i checked all around and could not find the smell and it went away.   the following day the kwikset door lock in this room alerted us that its battery was dead and needed replacing.   later on sept 23, 2021 i removed the battery pack from the lock housing and replaced all three 1.5 volt aa batteries, then reinstalled the battery pack .  i then went to verify the locks operation and the lock would illuminate but would not lock or unlock.  then i started to smell a strong smell of something burning and i could see smoke emanating from the just installed battery pack.   i tried to remove the battery pack from the lock housing by lifting up on the plastic removal tab, as i had done previously, it is at this point i burnt my finger tips on the molten plastic.   i then went to the garage and got a dental pick to pull the battery pack out.  once the battery pack was removed the battery pack stopped melting and smoking.   
my fingers were sore but ok, no lasting damage.   
i then notified kwikset about what just happened and uploaded pictures to them using their online tool.  
i asked kwikset if there were any recalls on this product and they said no and there were no know issues. they issued me a case number and said they wanted the complete assembly returned to them for analysis using the prepaid label they provided.
they told me they were sending me a identical replacement as soon as they reviewed the pictures.
i am concerned for several reasons:
- my fingers got burned.
- i do not know what would have happened if i was not home and this happened as the door to the garage is a light wood door.  i do not know if the plastic in the battery pack and cover would ignite or just melt.
- i do not know if the plastic just melted could it have melted and jammed the locking mechanism making it impossible to exit or enter via this door.
- at the time i purchased the kwikset lock that failed i purchased an identical lock, only difference is the color, and installed it in another door.",44354.0,,,,,,,,,,,,,,,,,,,,,,,
5.0,"Clean, fresh, non-irritating","Nice, light, clean and fresh scent. Doesn't irritate my son or husband's sensitive skin.",b01mruque2,2020-03-03,nice light clean fresh scent doesnt irritate son husband sensitive skin,nice light clean fresh scent doesnt irritate son husband sensitive skin,Dove Men+Care Antiperspirant for Men Minerals and Sage with 48-Hour Sweat and Body Odor Protection 2.7 oz (Packaging may vary),All Beauty,b01mruque2,unilever,dove men + care,079400597328,en,False,False,True,True,11/22/2020 0:00,stick deordeant manufacturing defect. sharp edges with plastic pieces protruding cut my arm pit durning application,44112.0,,,,,,,,,,,,,,,,,,,,,,,
4.0,Four Stars,Just the thing for a reluctant tooth brusher.,b007mrorwq,2014-11-08,thing reluctant tooth brusher,thing reluctant tooth brusher,Surround® Toothbrush (Pack of 4),All Beauty,stb4,specialized care co inc,specialized care co inc,859938000121,en,False,False,True,True,9/24/2021 0:00,"my kwikset 99380-001 halo wi-fi smart lock keyless entry electronic keypad deadbolt melted and burned the tips of two of my fingers on sept 23, 2021.
on the late evening of sept 22, 2021 i was in the laundry room that has a door to the garage and i thought i smelled a faint smell of something odd, like a sort of burnt toast.   i checked all around and could not find the smell and it went away.   the following day the kwikset door lock in this room alerted us that its battery was dead and needed replacing.   later on sept 23, 2021 i removed the battery pack from the lock housing and replaced all three 1.5 volt aa batteries, then reinstalled the battery pack .  i then went to verify the locks operation and the lock would illuminate but would not lock or unlock.  then i started to smell a strong smell of something burning and i could see smoke emanating from the just installed battery pack.   i tried to remove the battery pack from the lock housing by lifting up on the plastic removal tab, as i had done previously, it is at this point i burnt my finger tips on the molten plastic.   i then went to the garage and got a dental pick to pull the battery pack out.  once the battery pack was removed the battery pack stopped melting and smoking.   
my fingers were sore but ok, no lasting damage.   
i then notified kwikset about what just happened and uploaded pictures to them using their online tool.  
i asked kwikset if there were any recalls on this product and they said no and there were no know issues. they issued me a case number and said they wanted the complete assembly returned to them for analysis using the prepaid label they provided.
they told me they were sending me a identical replacement as soon as they reviewed the pictures.
i am concerned for several reasons:
- my fingers got burned.
- i do not know what would have happened if i was not home and this happened as the door to the garage is a light wood door.  i do not know if the plastic in the battery pack and cover would ignite or just melt.
- i do not know if the plastic just melted could it have melted and jammed the locking mechanism making it impossible to exit or enter via this door.
- at the time i purchased the kwikset lock that failed i purchased an identical lock, only difference is the color, and installed it in another door.",44354.0,,,,,,,,,,,,,,,,,,,,,,,
4.0,"Awesome toothbrush, definitely a wonderful","Awesome toothbrush,  definitely a wonderful tool",b007mrorwq,2016-12-12,awesome toothbrush definitely wonderful tool,awesome toothbrush definitely wonderful tool,Surround® Toothbrush (Pack of 4),All Beauty,stb4,specialized care co inc,specialized care co inc,859938000121,en,False,False,True,True,9/24/2021 0:00,"my kwikset 99380-001 halo wi-fi smart lock keyless entry electronic keypad deadbolt melted and burned the tips of two of my fingers on sept 23, 2021.
on the late evening of sept 22, 2021 i was in the laundry room that has a door to the garage and i thought i smelled a faint smell of something odd, like a sort of burnt toast.   i checked all around and could not find the smell and it went away.   the following day the kwikset door lock in this room alerted us that its battery was dead and needed replacing.   later on sept 23, 2021 i removed the battery pack from the lock housing and replaced all three 1.5 volt aa batteries, then reinstalled the battery pack .  i then went to verify the locks operation and the lock would illuminate but would not lock or unlock.  then i started to smell a strong smell of something burning and i could see smoke emanating from the just installed battery pack.   i tried to remove the battery pack from the lock housing by lifting up on the plastic removal tab, as i had done previously, it is at this point i burnt my finger tips on the molten plastic.   i then went to the garage and got a dental pick to pull the battery pack out.  once the battery pack was removed the battery pack stopped melting and smoking.   
my fingers were sore but ok, no lasting damage.   
i then notified kwikset about what just happened and uploaded pictures to them using their online tool.  
i asked kwikset if there were any recalls on this product and they said no and there were no know issues. they issued me a case number and said they wanted the complete assembly returned to them for analysis using the prepaid label they provided.
they told me they were sending me a identical replacement as soon as they reviewed the pictures.
i am concerned for several reasons:
- my fingers got burned.
- i do not know what would have happened if i was not home and this happened as the door to the garage is a light wood door.  i do not know if the plastic in the battery pack and cover would ignite or just melt.
- i do not know if the plastic just melted could it have melted and jammed the locking mechanism making it impossible to exit or enter via this door.
- at the time i purchased the kwikset lock that failed i purchased an identical lock, only difference is the color, and installed it in another door.",44354.0,,,,,,,,,,,,,,,,,,,,,,,
1.0,This has aluminum.,I bought this specifically because in the photo it says formula without aluminum. Not true. It says it on the back.,b01mruque2,2021-03-17,bought specifically photo say formula without aluminum true back,bought specifically photo say formula without aluminum true back,Dove Men+Care Antiperspirant for Men Minerals and Sage with 48-Hour Sweat and Body Odor Protection 2.7 oz (Packaging may vary),All Beauty,b01mruque2,unilever,dove men + care,079400597328,en,False,False,True,True,11/22/2020 0:00,stick deordeant manufacturing defect. sharp edges with plastic pieces protruding cut my arm pit durning application,44112.0,,,,,,,,,,,,,,,,,,,,,,,
5.0,A nice scent,The scent isn't over powering provides great protection.,b01mruque2,2020-12-17,scent isnt powering provides great protection,scent isnt powering provides great protection,Dove Men+Care Antiperspirant for Men Minerals and Sage with 48-Hour Sweat and Body Odor Protection 2.7 oz (Packaging may vary),All Beauty,b01mruque2,unilever,dove men + care,079400597328,en,False,False,True,True,11/22/2020 0:00,stick deordeant manufacturing defect. sharp edges with plastic pieces protruding cut my arm pit durning application,44112.0,,,,,,,,,,,,,,,,,,,,,,,
2.0,Not the right product,Not the product shown in the image. It stated it was deodorant and I received antiperspirant.,b01mruque2,2020-09-02,product shown image stated deodorant received antiperspirant,product shown image stated deodorant received antiperspirant,Dove Men+Care Antiperspirant for Men Minerals and Sage with 48-Hour Sweat and Body Odor Protection 2.7 oz (Packaging may vary),All Beauty,b01mruque2,unilever,dove men + care,079400597328,en,False,False,True,True,11/22/2020 0:00,stick deordeant manufacturing defect. sharp edges with plastic pieces protruding cut my arm pit durning application,44112.0,,,,,,,,,,,,,,,,,,,,,,,
5.0,Five Stars,"Wonderful, Wonderful!! I have a special needs daughter; these brushes clean great!!",b007mrorwq,2018-04-03,wonderful special need daughter brush clean great,wonderful special need daughter brush clean great,Surround® Toothbrush (Pack of 4),All Beauty,stb4,specialized care co inc,specialized care co inc,859938000121,en,False,False,True,True,9/24/2021 0:00,"my kwikset 99380-001 halo wi-fi smart lock keyless entry electronic keypad deadbolt melted and burned the tips of two of my fingers on sept 23, 2021.
on the late evening of sept 22, 2021 i was in the laundry room that has a door to the garage and i thought i smelled a faint smell of something odd, like a sort of burnt toast.   i checked all around and could not find the smell and it went away.   the following day the kwikset door lock in this room alerted us that its battery was dead and needed replacing.   later on sept 23, 2021 i removed the battery pack from the lock housing and replaced all three 1.5 volt aa batteries, then reinstalled the battery pack .  i then went to verify the locks operation and the lock would illuminate but would not lock or unlock.  then i started to smell a strong smell of something burning and i could see smoke emanating from the just installed battery pack.   i tried to remove the battery pack from the lock housing by lifting up on the plastic removal tab, as i had done previously, it is at this point i burnt my finger tips on the molten plastic.   i then went to the garage and got a dental pick to pull the battery pack out.  once the battery pack was removed the battery pack stopped melting and smoking.   
my fingers were sore but ok, no lasting damage.   
i then notified kwikset about what just happened and uploaded pictures to them using their online tool.  
i asked kwikset if there were any recalls on this product and they said no and there were no know issues. they issued me a case number and said they wanted the complete assembly returned to them for analysis using the prepaid label they provided.
they told me they were sending me a identical replacement as soon as they reviewed the pictures.
i am concerned for several reasons:
- my fingers got burned.
- i do not know what would have happened if i was not home and this happened as the door to the garage is a light wood door.  i do not know if the plastic in the battery pack and cover would ignite or just melt.
- i do not know if the plastic just melted could it have melted and jammed the locking mechanism making it impossible to exit or enter via this door.
- at the time i purchased the kwikset lock that failed i purchased an identical lock, only difference is the color, and installed it in another door.",44354.0,,,,,,,,,,,,,,,,,,,,,,,
5.0,Very few ppl will need these,Our grandson has 3 sets of teeth and needed these toothbrushes to care for his teeth because of they way each set came in one after the other,b007mrorwq,2020-05-29,grandson set teeth needed toothbrush care way came one,grandson set teeth needed toothbrush care way came one,Surround® Toothbrush (Pack of 4),All Beauty,stb4,specialized care co inc,specialized care co inc,859938000121,en,False,False,True,True,9/24/2021 0:00,"my kwikset 99380-001 halo wi-fi smart lock keyless entry electronic keypad deadbolt melted and burned the tips of two of my fingers on sept 23, 2021.
on the late evening of sept 22, 2021 i was in the laundry room that has a door to the garage and i thought i smelled a faint smell of something odd, like a sort of burnt toast.   i checked all around and could not find the smell and it went away.   the following day the kwikset door lock in this room alerted us that its battery was dead and needed replacing.   later on sept 23, 2021 i removed the battery pack from the lock housing and replaced all three 1.5 volt aa batteries, then reinstalled the battery pack .  i then went to verify the locks operation and the lock would illuminate but would not lock or unlock.  then i started to smell a strong smell of something burning and i could see smoke emanating from the just installed battery pack.   i tried to remove the battery pack from the lock housing by lifting up on the plastic removal tab, as i had done previously, it is at this point i burnt my finger tips on the molten plastic.   i then went to the garage and got a dental pick to pull the battery pack out.  once the battery pack was removed the battery pack stopped melting and smoking.   
my fingers were sore but ok, no lasting damage.   
i then notified kwikset about what just happened and uploaded pictures to them using their online tool.  
i asked kwikset if there were any recalls on this product and they said no and there were no know issues. they issued me a case number and said they wanted the complete assembly returned to them for analysis using the prepaid label they provided.
they told me they were sending me a identical replacement as soon as they reviewed the pictures.
i am concerned for several reasons:
- my fingers got burned.
- i do not know what would have happened if i was not home and this happened as the door to the garage is a light wood door.  i do not know if the plastic in the battery pack and cover would ignite or just melt.
- i do not know if the plastic just melted could it have melted and jammed the locking mechanism making it impossible to exit or enter via this door.
- at the time i purchased the kwikset lock that failed i purchased an identical lock, only difference is the color, and installed it in another door.",44354.0,,,,,,,,,,,,,,,,,,,,,,,
5.0,Son loves this,My son is Autistic and loves this toothbrush,b007mrorwq,2018-11-10,son autistic love toothbrush,son autistic love toothbrush,Surround® Toothbrush (Pack of 4),All Beauty,stb4,specialized care co inc,specialized care co inc,859938000121,en,False,False,True,True,9/24/2021 0:00,"my kwikset 99380-001 halo wi-fi smart lock keyless entry electronic keypad deadbolt melted and burned the tips of two of my fingers on sept 23, 2021.
on the late evening of sept 22, 2021 i was in the laundry room that has a door to the garage and i thought i smelled a faint smell of something odd, like a sort of burnt toast.   i checked all around and could not find the smell and it went away.   the following day the kwikset door lock in this room alerted us that its battery was dead and needed replacing.   later on sept 23, 2021 i removed the battery pack from the lock housing and replaced all three 1.5 volt aa batteries, then reinstalled the battery pack .  i then went to verify the locks operation and the lock would illuminate but would not lock or unlock.  then i started to smell a strong smell of something burning and i could see smoke emanating from the just installed battery pack.   i tried to remove the battery pack from the lock housing by lifting up on the plastic removal tab, as i had done previously, it is at this point i burnt my finger tips on the molten plastic.   i then went to the garage and got a dental pick to pull the battery pack out.  once the battery pack was removed the battery pack stopped melting and smoking.   
my fingers were sore but ok, no lasting damage.   
i then notified kwikset about what just happened and uploaded pictures to them using their online tool.  
i asked kwikset if there were any recalls on this product and they said no and there were no know issues. they issued me a case number and said they wanted the complete assembly returned to them for analysis using the prepaid label they provided.
they told me they were sending me a identical replacement as soon as they reviewed the pictures.
i am concerned for several reasons:
- my fingers got burned.
- i do not know what would have happened if i was not home and this happened as the door to the garage is a light wood door.  i do not know if the plastic in the battery pack and cover would ignite or just melt.
- i do not know if the plastic just melted could it have melted and jammed the locking mechanism making it impossible to exit or enter via this door.
- at the time i purchased the kwikset lock that failed i purchased an identical lock, only difference is the color, and installed it in another door.",44354.0,,,,,,,,,,,,,,,,,,,,,,,
5.0,Long-lasting for sensitive skin,"My 13 year old son can only use this deodorant so far. He has very sensitive skin, so other deodorants have made him break out. Luckily, it lasts as well. I make him shower every day, so I know it lasts at least 24 hours, even when he gets sweaty. His only complaint is that it feels “slippery”; I don’t know if this product comes in a form that has a more “powdery” or dry feeling?",b01mruque2,2021-05-25,year old son use deodorant far sensitive skin made break luckily last well make shower every day know least hour even get sweaty complaint feel slippery dont product come form powdery dry feeling,year old son use deodorant far sensitive skin made break luckily last well make shower every day know least hour even get sweaty complaint feel slippery dont product come form powdery dry feeling,Dove Men+Care Antiperspirant for Men Minerals and Sage with 48-Hour Sweat and Body Odor Protection 2.7 oz (Packaging may vary),All Beauty,b01mruque2,unilever,dove men + care,079400597328,en,False,False,True,True,11/22/2020 0:00,stick deordeant manufacturing defect. sharp edges with plastic pieces protruding cut my arm pit durning application,44112.0,,,,,,,,,,,,,,,,,,,,,,,
1.0,One Star,The bristles are too hard for an infants mouth.,b007mrorwq,2015-03-15,bristle hard infant mouth,bristle hard infant mouth,Surround® Toothbrush (Pack of 4),All Beauty,stb4,specialized care co inc,specialized care co inc,859938000121,en,False,False,True,True,9/24/2021 0:00,"my kwikset 99380-001 halo wi-fi smart lock keyless entry electronic keypad deadbolt melted and burned the tips of two of my fingers on sept 23, 2021.
on the late evening of sept 22, 2021 i was in the laundry room that has a door to the garage and i thought i smelled a faint smell of something odd, like a sort of burnt toast.   i checked all around and could not find the smell and it went away.   the following day the kwikset door lock in this room alerted us that its battery was dead and needed replacing.   later on sept 23, 2021 i removed the battery pack from the lock housing and replaced all three 1.5 volt aa batteries, then reinstalled the battery pack .  i then went to verify the locks operation and the lock would illuminate but would not lock or unlock.  then i started to smell a strong smell of something burning and i could see smoke emanating from the just installed battery pack.   i tried to remove the battery pack from the lock housing by lifting up on the plastic removal tab, as i had done previously, it is at this point i burnt my finger tips on the molten plastic.   i then went to the garage and got a dental pick to pull the battery pack out.  once the battery pack was removed the battery pack stopped melting and smoking.   
my fingers were sore but ok, no lasting damage.   
i then notified kwikset about what just happened and uploaded pictures to them using their online tool.  
i asked kwikset if there were any recalls on this product and they said no and there were no know issues. they issued me a case number and said they wanted the complete assembly returned to them for analysis using the prepaid label they provided.
they told me they were sending me a identical replacement as soon as they reviewed the pictures.
i am concerned for several reasons:
- my fingers got burned.
- i do not know what would have happened if i was not home and this happened as the door to the garage is a light wood door.  i do not know if the plastic in the battery pack and cover would ignite or just melt.
- i do not know if the plastic just melted could it have melted and jammed the locking mechanism making it impossible to exit or enter via this door.
- at the time i purchased the kwikset lock that failed i purchased an identical lock, only difference is the color, and installed it in another door.",44354.0,,,,,,,,,,,,,,,,,,,,,,,
3.0,Okay~ Mainly for Kids,"I'm fanatic about my son's dental hygiene because he is special needs & I'd hate for him to have toothaches or problems. My son is 7 & these do what they claim to do. However, the bristles are a mite too short & it makes me wonder if it reaches far enough. No gums stimulation, that's for sure. I expect that he'd outgrow them once his baby teeth are gone. These are sized mainly for children & still yet again I'd say, the bristles are too short for the sides.<br /><br />Updated: Amazon sent me the wrong product. They sent me the toddler ones. For kids who still have their milk teeth, this brush was still not adequate because the bristles did not seem to reach near the gums. I'll place a review there too.",b007mrorwq,2014-05-05,im fanatic son dental hygiene special need id hate toothache problem claim however bristle mite short make wonder reach far enough gum stimulation thats sure expect hed outgrow baby teeth gone sized mainly child still yet say sidesupdated amazon sent wrong product toddler one kid milk brush adequate seem near ill place review,im fanatic son dental hygiene special need id hate toothache problem claim however bristle mite short make wonder reach far enough gum stimulation thats sure expect hed outgrow baby teeth gone sized mainly child still yet say sidesupdated amazon sent wrong product toddler one kid milk brush adequate seem near ill place review,Surround® Toothbrush (Pack of 4),All Beauty,stb4,specialized care co inc,specialized care co inc,859938000121,en,False,False,True,True,9/24/2021 0:00,"my kwikset 99380-001 halo wi-fi smart lock keyless entry electronic keypad deadbolt melted and burned the tips of two of my fingers on sept 23, 2021.
on the late evening of sept 22, 2021 i was in the laundry room that has a door to the garage and i thought i smelled a faint smell of something odd, like a sort of burnt toast.   i checked all around and could not find the smell and it went away.   the following day the kwikset door lock in this room alerted us that its battery was dead and needed replacing.   later on sept 23, 2021 i removed the battery pack from the lock housing and replaced all three 1.5 volt aa batteries, then reinstalled the battery pack .  i then went to verify the locks operation and the lock would illuminate but would not lock or unlock.  then i started to smell a strong smell of something burning and i could see smoke emanating from the just installed battery pack.   i tried to remove the battery pack from the lock housing by lifting up on the plastic removal tab, as i had done previously, it is at this point i burnt my finger tips on the molten plastic.   i then went to the garage and got a dental pick to pull the battery pack out.  once the battery pack was removed the battery pack stopped melting and smoking.   
my fingers were sore but ok, no lasting damage.   
i then notified kwikset about what just happened and uploaded pictures to them using their online tool.  
i asked kwikset if there were any recalls on this product and they said no and there were no know issues. they issued me a case number and said they wanted the complete assembly returned to them for analysis using the prepaid label they provided.
they told me they were sending me a identical replacement as soon as they reviewed the pictures.
i am concerned for several reasons:
- my fingers got burned.
- i do not know what would have happened if i was not home and this happened as the door to the garage is a light wood door.  i do not know if the plastic in the battery pack and cover would ignite or just melt.
- i do not know if the plastic just melted could it have melted and jammed the locking mechanism making it impossible to exit or enter via this door.
- at the time i purchased the kwikset lock that failed i purchased an identical lock, only difference is the color, and installed it in another door.",44354.0,,,,,,,,,,,,,,,,,,,,,,,
5.0,It was prefect,Nothing,b01mruque2,2020-10-09,nothing,nothing,Dove Men+Care Antiperspirant for Men Minerals and Sage with 48-Hour Sweat and Body Odor Protection 2.7 oz (Packaging may vary),All Beauty,b01mruque2,unilever,dove men + care,079400597328,en,False,False,True,True,11/22/2020 0:00,stick deordeant manufacturing defect. sharp edges with plastic pieces protruding cut my arm pit durning application,44112.0,,,,,,,,,,,,,,,,,,,,,,,
5.0,Great Product!,Works great. My 12 year old son has Autism and it's always a battle to brush his teeth.  These make it much easier for him to get all his teeth brushed in a less invasive manner. 👍😀,b007mrorwq,2016-01-29,work great year old son autism always battle brush teeth make much easier get brushed less invasive manner,work great year old son autism always battle brush teeth make much easier get brushed less invasive manner,Surround® Toothbrush (Pack of 4),All Beauty,stb4,specialized care co inc,specialized care co inc,859938000121,en,False,False,True,True,9/24/2021 0:00,"my kwikset 99380-001 halo wi-fi smart lock keyless entry electronic keypad deadbolt melted and burned the tips of two of my fingers on sept 23, 2021.
on the late evening of sept 22, 2021 i was in the laundry room that has a door to the garage and i thought i smelled a faint smell of something odd, like a sort of burnt toast.   i checked all around and could not find the smell and it went away.   the following day the kwikset door lock in this room alerted us that its battery was dead and needed replacing.   later on sept 23, 2021 i removed the battery pack from the lock housing and replaced all three 1.5 volt aa batteries, then reinstalled the battery pack .  i then went to verify the locks operation and the lock would illuminate but would not lock or unlock.  then i started to smell a strong smell of something burning and i could see smoke emanating from the just installed battery pack.   i tried to remove the battery pack from the lock housing by lifting up on the plastic removal tab, as i had done previously, it is at this point i burnt my finger tips on the molten plastic.   i then went to the garage and got a dental pick to pull the battery pack out.  once the battery pack was removed the battery pack stopped melting and smoking.   
my fingers were sore but ok, no lasting damage.   
i then notified kwikset about what just happened and uploaded pictures to them using their online tool.  
i asked kwikset if there were any recalls on this product and they said no and there were no know issues. they issued me a case number and said they wanted the complete assembly returned to them for analysis using the prepaid label they provided.
they told me they were sending me a identical replacement as soon as they reviewed the pictures.
i am concerned for several reasons:
- my fingers got burned.
- i do not know what would have happened if i was not home and this happened as the door to the garage is a light wood door.  i do not know if the plastic in the battery pack and cover would ignite or just melt.
- i do not know if the plastic just melted could it have melted and jammed the locking mechanism making it impossible to exit or enter via this door.
- at the time i purchased the kwikset lock that failed i purchased an identical lock, only difference is the color, and installed it in another door.",44354.0,,,,,,,,,,,,,,,,,,,,,,,
5.0,Great for typical kids and special needs children!!!,We got this toothbrush from our pediatric dentist for our special needs daughter and loved it. Our daughter is sensitive to the electric brushes and we struggled getting all her teeth with a typical toothbrush. This brush is a dream! I ordered a pack of them to get in all our kids stockings for Christmas and they all love this brush and I swear are getting their teeth cleaner than ever before! Great product!!!,b007mrorwq,2016-02-02,got toothbrush pediatric dentist special need daughter loved sensitive electric brush struggled getting teeth typical dream ordered pack get kid stocking christmas love swear cleaner ever great product,got toothbrush pediatric dentist special need daughter loved sensitive electric brush struggled getting teeth typical dream ordered pack get kid stocking christmas love swear cleaner ever great product,Surround® Toothbrush (Pack of 4),All Beauty,stb4,specialized care co inc,specialized care co inc,859938000121,en,False,False,True,True,9/24/2021 0:00,"my kwikset 99380-001 halo wi-fi smart lock keyless entry electronic keypad deadbolt melted and burned the tips of two of my fingers on sept 23, 2021.
on the late evening of sept 22, 2021 i was in the laundry room that has a door to the garage and i thought i smelled a faint smell of something odd, like a sort of burnt toast.   i checked all around and could not find the smell and it went away.   the following day the kwikset door lock in this room alerted us that its battery was dead and needed replacing.   later on sept 23, 2021 i removed the battery pack from the lock housing and replaced all three 1.5 volt aa batteries, then reinstalled the battery pack .  i then went to verify the locks operation and the lock would illuminate but would not lock or unlock.  then i started to smell a strong smell of something burning and i could see smoke emanating from the just installed battery pack.   i tried to remove the battery pack from the lock housing by lifting up on the plastic removal tab, as i had done previously, it is at this point i burnt my finger tips on the molten plastic.   i then went to the garage and got a dental pick to pull the battery pack out.  once the battery pack was removed the battery pack stopped melting and smoking.   
my fingers were sore but ok, no lasting damage.   
i then notified kwikset about what just happened and uploaded pictures to them using their online tool.  
i asked kwikset if there were any recalls on this product and they said no and there were no know issues. they issued me a case number and said they wanted the complete assembly returned to them for analysis using the prepaid label they provided.
they told me they were sending me a identical replacement as soon as they reviewed the pictures.
i am concerned for several reasons:
- my fingers got burned.
- i do not know what would have happened if i was not home and this happened as the door to the garage is a light wood door.  i do not know if the plastic in the battery pack and cover would ignite or just melt.
- i do not know if the plastic just melted could it have melted and jammed the locking mechanism making it impossible to exit or enter via this door.
- at the time i purchased the kwikset lock that failed i purchased an identical lock, only difference is the color, and installed it in another door.",44354.0,,,,,,,,,,,,,,,,,,,,,,,
4.0,requires some strength and dexterity,"I thought this would be good for my son with autism and cut his time brushing.  My 8yo Aspie loves it.  However, my older boy with more fine motor issues has more trouble using it.  We went back to a regular toothbrush for him.",b007mrorwq,2014-03-07,thought would good son autism cut time brushing yo aspie love however older boy fine motor issue trouble using went back regular toothbrush,thought would good son autism cut time brushing yo aspie love however older boy fine motor issue trouble using went back regular toothbrush,Surround® Toothbrush (Pack of 4),All Beauty,stb4,specialized care co inc,specialized care co inc,859938000121,en,False,False,True,True,9/24/2021 0:00,"my kwikset 99380-001 halo wi-fi smart lock keyless entry electronic keypad deadbolt melted and burned the tips of two of my fingers on sept 23, 2021.
on the late evening of sept 22, 2021 i was in the laundry room that has a door to the garage and i thought i smelled a faint smell of something odd, like a sort of burnt toast.   i checked all around and could not find the smell and it went away.   the following day the kwikset door lock in this room alerted us that its battery was dead and needed replacing.   later on sept 23, 2021 i removed the battery pack from the lock housing and replaced all three 1.5 volt aa batteries, then reinstalled the battery pack .  i then went to verify the locks operation and the lock would illuminate but would not lock or unlock.  then i started to smell a strong smell of something burning and i could see smoke emanating from the just installed battery pack.   i tried to remove the battery pack from the lock housing by lifting up on the plastic removal tab, as i had done previously, it is at this point i burnt my finger tips on the molten plastic.   i then went to the garage and got a dental pick to pull the battery pack out.  once the battery pack was removed the battery pack stopped melting and smoking.   
my fingers were sore but ok, no lasting damage.   
i then notified kwikset about what just happened and uploaded pictures to them using their online tool.  
i asked kwikset if there were any recalls on this product and they said no and there were no know issues. they issued me a case number and said they wanted the complete assembly returned to them for analysis using the prepaid label they provided.
they told me they were sending me a identical replacement as soon as they reviewed the pictures.
i am concerned for several reasons:
- my fingers got burned.
- i do not know what would have happened if i was not home and this happened as the door to the garage is a light wood door.  i do not know if the plastic in the battery pack and cover would ignite or just melt.
- i do not know if the plastic just melted could it have melted and jammed the locking mechanism making it impossible to exit or enter via this door.
- at the time i purchased the kwikset lock that failed i purchased an identical lock, only difference is the color, and installed it in another door.",44354.0,,,,,,,,,,,,,,,,,,,,,,,
3.0,"Great color, but...","Awesome color, got tons of compliments and goes on well BUT stains incredibly. Got it all over my toes and my hand when I took it off, took a good three times to get most of the residue off.",b00cq0d3vk,2014-06-26,awesome color got ton compliment go well stain incredibly toe hand took good three time get residue,awesome color got ton compliment go well stain incredibly toe hand took good three time get residue,"Sinful Colors Nail Polish, Ocean Side 962",All Beauty,094500000134,revlon,sinful nail,094500000134787734386265,en,False,False,True,True,6/19/2023 0:00,"while using my weber spirit ii s-310 lp ss, propane grill, model number: 45000001, i heard a hissing noise several minutes after starting the grill.  i immediately reached down to turn off the propane at the cylinder and the leaking propane ignited burning my arm.  the fire department was called and turned off the gas and extinguished the grill.  the fire department inspected the propane tank and found no leaks.  this occurred march 25, 2023.  i had been using this grill for several months with this tank.  the connection from the propane tank to the grill was inspected at connection with soapy water.  the hose was replaced through weber in 2021 when i discovered the hose was leaking at the regulator.  i contacted weber in 2021 and the hose was replaced in 2021.  i had used the grill in excess of 5 times since connecting the propane tank to the grill.  i contacted weber and provided pictures, the serial number, and the report from the fire department.  the offered to replace the hose again.  i feel the grill is not safe to use.  it appears to me that other parts of the grill were affected by the flame and heat.  i am not comfortable using this grill with only replacing the hose.",,,,,,,,,,,,,,,,,,,,,,,,
5.0,AWESOME,These are soft to medium in feel. I LOVE them for my four children. Two of mine are sensory disorder and one of mine is 2 and the other just joined in for the ease of brushing this toothbrush offers! This makes me feel better about not missing sides and it takes down brushing time as well as everything is being brushed at once! Great size for kids! Got on to order a second set and they are no longer available!!! :(,b007mrorwq,2016-02-19,soft medium feel love four child two mine sensory disorder one joined ease brushing toothbrush offer make better missing side take time well everything brushed great size kid got order second set longer available,soft medium feel love four child two mine sensory disorder one joined ease brushing toothbrush offer make better missing side take time well everything brushed great size kid got order second set longer available,Surround® Toothbrush (Pack of 4),All Beauty,stb4,specialized care co inc,specialized care co inc,859938000121,en,False,False,True,True,9/24/2021 0:00,"my kwikset 99380-001 halo wi-fi smart lock keyless entry electronic keypad deadbolt melted and burned the tips of two of my fingers on sept 23, 2021.
on the late evening of sept 22, 2021 i was in the laundry room that has a door to the garage and i thought i smelled a faint smell of something odd, like a sort of burnt toast.   i checked all around and could not find the smell and it went away.   the following day the kwikset door lock in this room alerted us that its battery was dead and needed replacing.   later on sept 23, 2021 i removed the battery pack from the lock housing and replaced all three 1.5 volt aa batteries, then reinstalled the battery pack .  i then went to verify the locks operation and the lock would illuminate but would not lock or unlock.  then i started to smell a strong smell of something burning and i could see smoke emanating from the just installed battery pack.   i tried to remove the battery pack from the lock housing by lifting up on the plastic removal tab, as i had done previously, it is at this point i burnt my finger tips on the molten plastic.   i then went to the garage and got a dental pick to pull the battery pack out.  once the battery pack was removed the battery pack stopped melting and smoking.   
my fingers were sore but ok, no lasting damage.   
i then notified kwikset about what just happened and uploaded pictures to them using their online tool.  
i asked kwikset if there were any recalls on this product and they said no and there were no know issues. they issued me a case number and said they wanted the complete assembly returned to them for analysis using the prepaid label they provided.
they told me they were sending me a identical replacement as soon as they reviewed the pictures.
i am concerned for several reasons:
- my fingers got burned.
- i do not know what would have happened if i was not home and this happened as the door to the garage is a light wood door.  i do not know if the plastic in the battery pack and cover would ignite or just melt.
- i do not know if the plastic just melted could it have melted and jammed the locking mechanism making it impossible to exit or enter via this door.
- at the time i purchased the kwikset lock that failed i purchased an identical lock, only difference is the color, and installed it in another door.",44354.0,,,,,,,,,,,,,,,,,,,,,,,
4.0,Four Stars,Great for cleaning both sides of the teeth quickly. Easy for my son to use. Very helpful.,b007mrorwq,2016-05-19,great cleaning side teeth quickly easy son use helpful,great cleaning side teeth quickly easy son use helpful,Surround® Toothbrush (Pack of 4),All Beauty,stb4,specialized care co inc,specialized care co inc,859938000121,en,False,False,True,True,9/24/2021 0:00,"my kwikset 99380-001 halo wi-fi smart lock keyless entry electronic keypad deadbolt melted and burned the tips of two of my fingers on sept 23, 2021.
on the late evening of sept 22, 2021 i was in the laundry room that has a door to the garage and i thought i smelled a faint smell of something odd, like a sort of burnt toast.   i checked all around and could not find the smell and it went away.   the following day the kwikset door lock in this room alerted us that its battery was dead and needed replacing.   later on sept 23, 2021 i removed the battery pack from the lock housing and replaced all three 1.5 volt aa batteries, then reinstalled the battery pack .  i then went to verify the locks operation and the lock would illuminate but would not lock or unlock.  then i started to smell a strong smell of something burning and i could see smoke emanating from the just installed battery pack.   i tried to remove the battery pack from the lock housing by lifting up on the plastic removal tab, as i had done previously, it is at this point i burnt my finger tips on the molten plastic.   i then went to the garage and got a dental pick to pull the battery pack out.  once the battery pack was removed the battery pack stopped melting and smoking.   
my fingers were sore but ok, no lasting damage.   
i then notified kwikset about what just happened and uploaded pictures to them using their online tool.  
i asked kwikset if there were any recalls on this product and they said no and there were no know issues. they issued me a case number and said they wanted the complete assembly returned to them for analysis using the prepaid label they provided.
they told me they were sending me a identical replacement as soon as they reviewed the pictures.
i am concerned for several reasons:
- my fingers got burned.
- i do not know what would have happened if i was not home and this happened as the door to the garage is a light wood door.  i do not know if the plastic in the battery pack and cover would ignite or just melt.
- i do not know if the plastic just melted could it have melted and jammed the locking mechanism making it impossible to exit or enter via this door.
- at the time i purchased the kwikset lock that failed i purchased an identical lock, only difference is the color, and installed it in another door.",44354.0,,,,,,,,,,,,,,,,,,,,,,,
5.0,"Great wig, affordable price!",[[VIDEOID:2679c1b0377cb55b776b3d16c18422e2]] This hair is wonderful! Very soft and thick! Ordered an 18 inch and it’s more like a 20 inch! The seller went above and beyond to make sure I was satisfied. It came bleached and preplucked but I customized it a little more to my liking. I got a lot of compliments on the wig on my first time wearing it! Worth the purchase!,b0759hlwdt,2018-09-27,videoidcbcbbbdce hair wonderful soft thick ordered inch like seller went beyond make sure satisfied came bleached preplucked customized little liking got lot compliment wig first time wearing worth purchase,videoidcbcbbbdce hair wonderful soft thick ordered inch like seller went beyond make sure satisfied came bleached preplucked customized little liking got lot compliment wig first time wearing worth purchase,human hair wig 5,All Beauty,wig2free18,none,elisheva,732130429054,en,False,False,True,True,6/11/2015 0:00,i have 4 of the 18v ryobi lithium-ion batteries that are similar to batteries that were recalled in 2013 and all 4 have melted due to excessive heat during use where the terminals connect into the equipment. ,41810.0,,,,,,,,,,,,,,,,,,,,,,,
5.0,Solid antiperspirant at a good price,Does what it's supposed to do at a great price. Good percentage of aluminum zirconium not the highest concentration but good enough for the price. And more than enough for the average person.,b01mruque2,2020-11-01,supposed great price good percentage aluminum zirconium highest concentration enough average person,supposed great price good percentage aluminum zirconium highest concentration enough average person,Dove Men+Care Antiperspirant for Men Minerals and Sage with 48-Hour Sweat and Body Odor Protection 2.7 oz (Packaging may vary),All Beauty,b01mruque2,unilever,dove men + care,079400597328,en,False,False,True,True,11/22/2020 0:00,stick deordeant manufacturing defect. sharp edges with plastic pieces protruding cut my arm pit durning application,44112.0,,,,,,,,,,,,,,,,,,,,,,,
5.0,Five Stars,Nice product. My disabled adult son uses them and seem to be helpful.,b007mrorwq,2016-04-21,nice product disabled adult son us seem helpful,nice product disabled adult son us seem helpful,Surround® Toothbrush (Pack of 4),All Beauty,stb4,specialized care co inc,specialized care co inc,859938000121,en,False,False,True,True,9/24/2021 0:00,"my kwikset 99380-001 halo wi-fi smart lock keyless entry electronic keypad deadbolt melted and burned the tips of two of my fingers on sept 23, 2021.
on the late evening of sept 22, 2021 i was in the laundry room that has a door to the garage and i thought i smelled a faint smell of something odd, like a sort of burnt toast.   i checked all around and could not find the smell and it went away.   the following day the kwikset door lock in this room alerted us that its battery was dead and needed replacing.   later on sept 23, 2021 i removed the battery pack from the lock housing and replaced all three 1.5 volt aa batteries, then reinstalled the battery pack .  i then went to verify the locks operation and the lock would illuminate but would not lock or unlock.  then i started to smell a strong smell of something burning and i could see smoke emanating from the just installed battery pack.   i tried to remove the battery pack from the lock housing by lifting up on the plastic removal tab, as i had done previously, it is at this point i burnt my finger tips on the molten plastic.   i then went to the garage and got a dental pick to pull the battery pack out.  once the battery pack was removed the battery pack stopped melting and smoking.   
my fingers were sore but ok, no lasting damage.   
i then notified kwikset about what just happened and uploaded pictures to them using their online tool.  
i asked kwikset if there were any recalls on this product and they said no and there were no know issues. they issued me a case number and said they wanted the complete assembly returned to them for analysis using the prepaid label they provided.
they told me they were sending me a identical replacement as soon as they reviewed the pictures.
i am concerned for several reasons:
- my fingers got burned.
- i do not know what would have happened if i was not home and this happened as the door to the garage is a light wood door.  i do not know if the plastic in the battery pack and cover would ignite or just melt.
- i do not know if the plastic just melted could it have melted and jammed the locking mechanism making it impossible to exit or enter via this door.
- at the time i purchased the kwikset lock that failed i purchased an identical lock, only difference is the color, and installed it in another door.",44354.0,,,,,,,,,,,,,,,,,,,,,,,
5.0,Works great,"It’s better than the Listerine flossers, and cheaper!",b07f8svr4j,2021-06-20,better listerine flossers cheaper,better listerine flossers cheaper,"T.Smile 3rd Generation Dental Flosser 1 Handle + 50 Soft Silky Ribbon Floss Heads + 50 Extra Strength Floss Heads, Evolutionary Clean, Pack of 1",All Beauty,none,"liangbu science and technology co.,ltd.",t.smile,713440925009713440925078,en,False,False,True,True,3/18/2015 0:00,mold build up in washer tub area and front door rubber seal. ongoing since purchasing item.,39605.0,,,,,,,,,,,,,,,,,,,,,,,
5.0,Simple but revolutionary!,I am an occupational therapist and a mom. This tooth brush is revolutionary! I have taught youngsters that have struggled for years to brush their teeth with this toothbrush! Their parents are euphoric!,b007mrorwq,2016-05-26,occupational therapist mom tooth brush revolutionary taught youngster struggled year teeth toothbrush parent euphoric,occupational therapist mom tooth brush revolutionary taught youngster struggled year teeth toothbrush parent euphoric,Surround® Toothbrush (Pack of 4),All Beauty,stb4,specialized care co inc,specialized care co inc,859938000121,en,False,False,True,True,9/24/2021 0:00,"my kwikset 99380-001 halo wi-fi smart lock keyless entry electronic keypad deadbolt melted and burned the tips of two of my fingers on sept 23, 2021.
on the late evening of sept 22, 2021 i was in the laundry room that has a door to the garage and i thought i smelled a faint smell of something odd, like a sort of burnt toast.   i checked all around and could not find the smell and it went away.   the following day the kwikset door lock in this room alerted us that its battery was dead and needed replacing.   later on sept 23, 2021 i removed the battery pack from the lock housing and replaced all three 1.5 volt aa batteries, then reinstalled the battery pack .  i then went to verify the locks operation and the lock would illuminate but would not lock or unlock.  then i started to smell a strong smell of something burning and i could see smoke emanating from the just installed battery pack.   i tried to remove the battery pack from the lock housing by lifting up on the plastic removal tab, as i had done previously, it is at this point i burnt my finger tips on the molten plastic.   i then went to the garage and got a dental pick to pull the battery pack out.  once the battery pack was removed the battery pack stopped melting and smoking.   
my fingers were sore but ok, no lasting damage.   
i then notified kwikset about what just happened and uploaded pictures to them using their online tool.  
i asked kwikset if there were any recalls on this product and they said no and there were no know issues. they issued me a case number and said they wanted the complete assembly returned to them for analysis using the prepaid label they provided.
they told me they were sending me a identical replacement as soon as they reviewed the pictures.
i am concerned for several reasons:
- my fingers got burned.
- i do not know what would have happened if i was not home and this happened as the door to the garage is a light wood door.  i do not know if the plastic in the battery pack and cover would ignite or just melt.
- i do not know if the plastic just melted could it have melted and jammed the locking mechanism making it impossible to exit or enter via this door.
- at the time i purchased the kwikset lock that failed i purchased an identical lock, only difference is the color, and installed it in another door.",44354.0,,,,,,,,,,,,,,,,,,,,,,,
1.0,Soft flosses all break immediately,Every single soft floss broke on the second tooth. Took 7 soft flosses to get one full floss done. Totally useless. The strong flosses are thin but stronger. Too much of a hassle to  return it.,b07f8svr4j,2019-10-26,every single soft floss broke second tooth took get one full done totally useless strong thin stronger much hassle return,every single soft floss broke second tooth took get one full done totally useless strong thin stronger much hassle return,"T.Smile 3rd Generation Dental Flosser 1 Handle + 50 Soft Silky Ribbon Floss Heads + 50 Extra Strength Floss Heads, Evolutionary Clean, Pack of 1",All Beauty,none,"liangbu science and technology co.,ltd.",t.smile,713440925009713440925078,en,False,False,True,True,3/18/2015 0:00,mold build up in washer tub area and front door rubber seal. ongoing since purchasing item.,39605.0,,,,,,,,,,,,,,,,,,,,,,,
