rating,text,parent_asin,review_timestamp,title,item_model_number,involved_in_incident,sentiment_score_raw,sentiment_score,incident_description_safety_terms,text_safety_terms,involved_in_recall,recall_summary
5.0,i bought this about 3-4 years ago to replace the old one that died. it's still installed in the car to this day. gave no problem at all and has worked like a charm!,b07xdxg45h,2023-08-23,TUPARTS Starter Fit for HONDA for Accord 08 09 10 11 12 2.4L 2354CC l4 Gas 31200-R41-L01 SM73002,adjustable,False,0.4854,0.4854,[],[],True,"april 17, 1995 release # 95-102 washington, dc - cpsc, the kmart corporation of troy, mich., is recalling 148,990 desk chairs. the chair's seat post may unexpectedly separate from the pedestal base, causing someone sitting in the chair to fall.consumers can identify the recalled chairs by kmart product code 21-86-61, item code 010218661114, printed on the outside of the retail carton. the chairs do not have an item number printed on them. the chair, which kmart sold nationwide from july 1993 to march 1995 for $29.99, was packaged unassembled in a cardboard box labeled in part ""basic designs adjustable office chair *** made in taiwan"". the gray upholstered rotary desk chair has a non-tilt seat and fixed back. the seat is attached to a five-prong metal pedestal base by a one-inch wide steel rod. there are two wheel casters on each prong of the pedestal base. the kmart corporation reported this hazard to cpsc after receiving seven reports of the seat unexpectedly detaching from the pedestal base.consumers who own these chairs should stop using them immediately and return the chairs to any k-mart store for a refund. replacement chairs will be available after may 15, 1995. consumers who need more information about this recall should contact any kmart store"
5.0,"i'm chintzy with my 5-star ratings, but this dessicator deserves one. a lot of chemical glassware carries an implicit &#34;chemistry grade&#34; price bump, but this is a great piece, very robust (didn't chip on some moderate banging about, didn't crack on use in an oven heat and a quick removal to room temp). it *could* be improved upon with a vacuum barb, but if you don't need one, why pay for it? lip surfaces are very flat, lightly etched, and don't warp in oven temperatures. no problems with seal-lock either. best piece of glassware i've bought it quite a while.",b00657xikg,2018-04-05,"American Educational Glass Desiccator with Porcelain Plate, 200mm ID",7200001,False,0.9733,0.9733,[],"['fracture', 'crack']",True,"this recall involves the beefmaster explorer outdoor gas grill model number 720-0001. the tabletop grill is made of stainless steel and is used with a disposable propane cylinder, which is purchased separately. each grill has one main burner and a cooking grid that sits over the burner. model numbers are located on the back panel of the grill. the brand name ""nexgrill"" is on a plate on the grill lid."
2.0,product damaged. look like it had been used for something and then put in the box. because the box was not damaged.,b002jgrqx2,2021-10-04,"Harper Nylon Hand Truck - 21""Wx48""H",pgcsk19blk,False,0.2514,0.2514,[],[],True,"this recall involves harper trucks hand trucks with model numbers and type of wheels listed below. ""harper truck"" and the model number can be found on an adhesive sticker on the hand truck frame's cross member. hand trucks with two-piece, grey metal wheels are not included in this recall. model number type of handle type of wheel k52k16 p handle 1-piece, composite jedtk1935p dual hand/platform truck (convertible) 3-piece, four bolt, metal/chrome plated 51tk19 dual handles 3-piece, four bolt, metal/chrome plated bktak19 p handle 3-piece, four bolt, metal/chrome plated pgcsk19blk dual hand 3-piece, four bolt, metal/chrome plated"
4.0,"looks like we are going to continue to need masks for a while.  this review is for a box of 50 disposable masks.<br /><br />they come packaged into 5 plastic bags of 10 masks in each box, so easy to pull out 10 to stick in your car or near the door of your house to grab when you leave.  they are the ear model, so two bands that go behind your ear, folds to make it larger to cover your face, and a wire in the nose.  i usually use a cloth mask, but have heard that these disposable, especially with a cloth mask over to hold it tightly to your face, provide a good amount of protection.  when i know i will be in contact with someone who is infected, i will use a full n-95, but for trips to the store, these are perfect.<br /><br />so far the first 10 are fine.  none of the straps came loose, they all folded our right, they didn't break when putting them on or taking them off.  many of the early masks, as companies were getting into producing them, seemed to have issues with the loops coming loose or not opening as they should.  these do not seem to have any issues like those, appear to be good quality and a fair price.",b0bg56lkgj,2022-01-11,"50pcs Kids Disposable Face Masks, 3 Ply Kids Masks Disposable Colorful Cute Face masks for Children, Girls & Boys",disposable,False,0.8369,0.8369,[],"['loose', 'breakage', 'fracture', 'break', 'crack']",True,"cigarette lighters recalled by halpern import news from cpsc u.s. consumer product safety commission office of information and public affairs washington, dc 20207 for immediate release september 28, 2000 release # 00-189 halpern recall hotline: (800) 624-5280 cpsc consumer hotline: (800) 638-2772 cpsc media contact: ken giles, (301) 504-7052 cpsc, halpern import co. announce recall of cigarette lighters washington, d.c. - in cooperation with the u.s. consumer product safety commission (cpsc), halpern import co. inc., of atlanta, ga., is recalling about 350,000 disposable cigarette lighters. these lighters can burn with a high flame and can fail to extinguish, presenting fire and burn hazards. cpsc and halpern import co. have received one report of a woman who received second degree burns on her chest when the lighter failed to extinguish and ignited her clothing. the disposable cigarette lighters being recalled are oval-tube- shaped. ""turbo 2000"" is printed on the body of the lighter. the lighters have a green, red, blue, black or yellow body and a metal top. a label on the lighter reads ""child-resistant disposable lighter,"" ""keep out of reach of children,"" and ""made in china."" upc number 0 80692 05010 1 is printed on the back of the lighters. tobacco and thrift stores nationwide sold these lighters from june 1999 through may 2000 for about $1. consumers immediately should stop using these lighters and return them to the store where purchased for a refund. for more information, consumers should call halpern import co. at (800) 624-5280 between 9 a.m. and 5 p.m. et monday through friday."
4.0,these masks are light and comfortable. the thin ear straps are not so strong elastic as to bother me by being too tight. the thin straps are a better choice for me because i also wear hearing aids in both ears.<br /><br />i recommend these masks,b0bg56lkgj,2021-12-22,"50pcs Kids Disposable Face Masks, 3 Ply Kids Masks Disposable Colorful Cute Face masks for Children, Girls & Boys",disposable,False,0.4407,0.4407,[],"['loose', 'weak', 'fragile', 'flimsy']",True,"cigarette lighters recalled by halpern import news from cpsc u.s. consumer product safety commission office of information and public affairs washington, dc 20207 for immediate release september 28, 2000 release # 00-189 halpern recall hotline: (800) 624-5280 cpsc consumer hotline: (800) 638-2772 cpsc media contact: ken giles, (301) 504-7052 cpsc, halpern import co. announce recall of cigarette lighters washington, d.c. - in cooperation with the u.s. consumer product safety commission (cpsc), halpern import co. inc., of atlanta, ga., is recalling about 350,000 disposable cigarette lighters. these lighters can burn with a high flame and can fail to extinguish, presenting fire and burn hazards. cpsc and halpern import co. have received one report of a woman who received second degree burns on her chest when the lighter failed to extinguish and ignited her clothing. the disposable cigarette lighters being recalled are oval-tube- shaped. ""turbo 2000"" is printed on the body of the lighter. the lighters have a green, red, blue, black or yellow body and a metal top. a label on the lighter reads ""child-resistant disposable lighter,"" ""keep out of reach of children,"" and ""made in china."" upc number 0 80692 05010 1 is printed on the back of the lighters. tobacco and thrift stores nationwide sold these lighters from june 1999 through may 2000 for about $1. consumers immediately should stop using these lighters and return them to the store where purchased for a refund. for more information, consumers should call halpern import co. at (800) 624-5280 between 9 a.m. and 5 p.m. et monday through friday."
4.0,"it's priced appropriately for what it is - an inexpensive, chinese-made lab desiccator.  the glass is thin and comes with the obligatory chips around the rim.",b00657xikg,2016-11-28,"American Educational Glass Desiccator with Porcelain Plate, 200mm ID",7200001,False,0.0,0.0,[],"['fragile', 'flimsy']",True,"this recall involves the beefmaster explorer outdoor gas grill model number 720-0001. the tabletop grill is made of stainless steel and is used with a disposable propane cylinder, which is purchased separately. each grill has one main burner and a cooking grid that sits over the burner. model numbers are located on the back panel of the grill. the brand name ""nexgrill"" is on a plate on the grill lid."
3.0,better right one now have to install it thxs,b086p7b8ly,2020-07-29,LSAILON 17841 Starter Replacement for 2003-2008 for Pontiac Vibe 2003-2008 for Toyota Corolla 2003-2008 for Toyota Matrix,adjustable,False,0.4404,0.4404,[],[],True,"april 17, 1995 release # 95-102 washington, dc - cpsc, the kmart corporation of troy, mich., is recalling 148,990 desk chairs. the chair's seat post may unexpectedly separate from the pedestal base, causing someone sitting in the chair to fall.consumers can identify the recalled chairs by kmart product code 21-86-61, item code 010218661114, printed on the outside of the retail carton. the chairs do not have an item number printed on them. the chair, which kmart sold nationwide from july 1993 to march 1995 for $29.99, was packaged unassembled in a cardboard box labeled in part ""basic designs adjustable office chair *** made in taiwan"". the gray upholstered rotary desk chair has a non-tilt seat and fixed back. the seat is attached to a five-prong metal pedestal base by a one-inch wide steel rod. there are two wheel casters on each prong of the pedestal base. the kmart corporation reported this hazard to cpsc after receiving seven reports of the seat unexpectedly detaching from the pedestal base.consumers who own these chairs should stop using them immediately and return the chairs to any k-mart store for a refund. replacement chairs will be available after may 15, 1995. consumers who need more information about this recall should contact any kmart store"
5.0,"like many with my motor, the top broke on the dipstick. oem from dealer was a week out and double the price.<br />this was the perfect match.",b086rjl6kz,2021-12-03,"OCPTY Transmission Oil Level Dipstick For Chrysler 300 5.7L V8 2005-2008 26.57"" Dipstick Gaug",adjustable,False,0.6369,0.6369,[],[],True,"april 17, 1995 release # 95-102 washington, dc - cpsc, the kmart corporation of troy, mich., is recalling 148,990 desk chairs. the chair's seat post may unexpectedly separate from the pedestal base, causing someone sitting in the chair to fall.consumers can identify the recalled chairs by kmart product code 21-86-61, item code 010218661114, printed on the outside of the retail carton. the chairs do not have an item number printed on them. the chair, which kmart sold nationwide from july 1993 to march 1995 for $29.99, was packaged unassembled in a cardboard box labeled in part ""basic designs adjustable office chair *** made in taiwan"". the gray upholstered rotary desk chair has a non-tilt seat and fixed back. the seat is attached to a five-prong metal pedestal base by a one-inch wide steel rod. there are two wheel casters on each prong of the pedestal base. the kmart corporation reported this hazard to cpsc after receiving seven reports of the seat unexpectedly detaching from the pedestal base.consumers who own these chairs should stop using them immediately and return the chairs to any k-mart store for a refund. replacement chairs will be available after may 15, 1995. consumers who need more information about this recall should contact any kmart store"
1.0,mask ear strings are just glued & not strong. which is easy broken when wearing.,b0bg56lkgj,2022-03-13,"50pcs Kids Disposable Face Masks, 3 Ply Kids Masks Disposable Colorful Cute Face masks for Children, Girls & Boys",disposable,False,-0.4408,-0.4408,[],['loose'],True,"cigarette lighters recalled by halpern import news from cpsc u.s. consumer product safety commission office of information and public affairs washington, dc 20207 for immediate release september 28, 2000 release # 00-189 halpern recall hotline: (800) 624-5280 cpsc consumer hotline: (800) 638-2772 cpsc media contact: ken giles, (301) 504-7052 cpsc, halpern import co. announce recall of cigarette lighters washington, d.c. - in cooperation with the u.s. consumer product safety commission (cpsc), halpern import co. inc., of atlanta, ga., is recalling about 350,000 disposable cigarette lighters. these lighters can burn with a high flame and can fail to extinguish, presenting fire and burn hazards. cpsc and halpern import co. have received one report of a woman who received second degree burns on her chest when the lighter failed to extinguish and ignited her clothing. the disposable cigarette lighters being recalled are oval-tube- shaped. ""turbo 2000"" is printed on the body of the lighter. the lighters have a green, red, blue, black or yellow body and a metal top. a label on the lighter reads ""child-resistant disposable lighter,"" ""keep out of reach of children,"" and ""made in china."" upc number 0 80692 05010 1 is printed on the back of the lighters. tobacco and thrift stores nationwide sold these lighters from june 1999 through may 2000 for about $1. consumers immediately should stop using these lighters and return them to the store where purchased for a refund. for more information, consumers should call halpern import co. at (800) 624-5280 between 9 a.m. and 5 p.m. et monday through friday."
5.0,they worked on my amp that used the small flat inlets connections. common with most kicker amps. i used in cxa400.1.,b07wjm4zgv,2021-06-19,2 Pairs Copper Gold Plated 0 Gauge Spade Terminal Crimp Connectors Adapters Crimp Barrier Spades for Speaker Wire Cable Terminal Plug - 0GA (Red and Black),adjustable,False,0.0,0.0,[],[],True,"april 17, 1995 release # 95-102 washington, dc - cpsc, the kmart corporation of troy, mich., is recalling 148,990 desk chairs. the chair's seat post may unexpectedly separate from the pedestal base, causing someone sitting in the chair to fall.consumers can identify the recalled chairs by kmart product code 21-86-61, item code 010218661114, printed on the outside of the retail carton. the chairs do not have an item number printed on them. the chair, which kmart sold nationwide from july 1993 to march 1995 for $29.99, was packaged unassembled in a cardboard box labeled in part ""basic designs adjustable office chair *** made in taiwan"". the gray upholstered rotary desk chair has a non-tilt seat and fixed back. the seat is attached to a five-prong metal pedestal base by a one-inch wide steel rod. there are two wheel casters on each prong of the pedestal base. the kmart corporation reported this hazard to cpsc after receiving seven reports of the seat unexpectedly detaching from the pedestal base.consumers who own these chairs should stop using them immediately and return the chairs to any k-mart store for a refund. replacement chairs will be available after may 15, 1995. consumers who need more information about this recall should contact any kmart store"
4.0,"these are very adequate for single use everyday mask, as well as for compliance purposes at work or school, etc. reasonably priced. ok protection, but of course not like n95 masks. use-it, toss-it. i use these for grocery shopping, drug store, public transportation.",b0bg56lkgj,2022-08-19,"50pcs Kids Disposable Face Masks, 3 Ply Kids Masks Disposable Colorful Cute Face masks for Children, Girls & Boys",disposable,False,0.021,0.021,[],[],True,"cigarette lighters recalled by halpern import news from cpsc u.s. consumer product safety commission office of information and public affairs washington, dc 20207 for immediate release september 28, 2000 release # 00-189 halpern recall hotline: (800) 624-5280 cpsc consumer hotline: (800) 638-2772 cpsc media contact: ken giles, (301) 504-7052 cpsc, halpern import co. announce recall of cigarette lighters washington, d.c. - in cooperation with the u.s. consumer product safety commission (cpsc), halpern import co. inc., of atlanta, ga., is recalling about 350,000 disposable cigarette lighters. these lighters can burn with a high flame and can fail to extinguish, presenting fire and burn hazards. cpsc and halpern import co. have received one report of a woman who received second degree burns on her chest when the lighter failed to extinguish and ignited her clothing. the disposable cigarette lighters being recalled are oval-tube- shaped. ""turbo 2000"" is printed on the body of the lighter. the lighters have a green, red, blue, black or yellow body and a metal top. a label on the lighter reads ""child-resistant disposable lighter,"" ""keep out of reach of children,"" and ""made in china."" upc number 0 80692 05010 1 is printed on the back of the lighters. tobacco and thrift stores nationwide sold these lighters from june 1999 through may 2000 for about $1. consumers immediately should stop using these lighters and return them to the store where purchased for a refund. for more information, consumers should call halpern import co. at (800) 624-5280 between 9 a.m. and 5 p.m. et monday through friday."
4.0,they are good for the price and amount but they are quite thin i just double it. (can be used as a filter for a cloth mask),b0bg56lkgj,2022-10-03,"50pcs Kids Disposable Face Masks, 3 Ply Kids Masks Disposable Colorful Cute Face masks for Children, Girls & Boys",disposable,False,0.2382,0.2382,[],"['fragile', 'flimsy']",True,"cigarette lighters recalled by halpern import news from cpsc u.s. consumer product safety commission office of information and public affairs washington, dc 20207 for immediate release september 28, 2000 release # 00-189 halpern recall hotline: (800) 624-5280 cpsc consumer hotline: (800) 638-2772 cpsc media contact: ken giles, (301) 504-7052 cpsc, halpern import co. announce recall of cigarette lighters washington, d.c. - in cooperation with the u.s. consumer product safety commission (cpsc), halpern import co. inc., of atlanta, ga., is recalling about 350,000 disposable cigarette lighters. these lighters can burn with a high flame and can fail to extinguish, presenting fire and burn hazards. cpsc and halpern import co. have received one report of a woman who received second degree burns on her chest when the lighter failed to extinguish and ignited her clothing. the disposable cigarette lighters being recalled are oval-tube- shaped. ""turbo 2000"" is printed on the body of the lighter. the lighters have a green, red, blue, black or yellow body and a metal top. a label on the lighter reads ""child-resistant disposable lighter,"" ""keep out of reach of children,"" and ""made in china."" upc number 0 80692 05010 1 is printed on the back of the lighters. tobacco and thrift stores nationwide sold these lighters from june 1999 through may 2000 for about $1. consumers immediately should stop using these lighters and return them to the store where purchased for a refund. for more information, consumers should call halpern import co. at (800) 624-5280 between 9 a.m. and 5 p.m. et monday through friday."
4.0,they do the job.  the red and black covers could be a heat treatment instead of flex fit.  minor complaint. i recommend them for most installs,b07whfpgdf,2023-03-28,5 Pairs Copper Gold Plated 8 Gauge Strip Spade Terminal Spade Fork Adapters Connectors Plugs Crimp Barrier Spades for Speaker Wire Cable Terminal Plug - 8GA (Red and Black),adjustable,False,0.4215,0.4215,[],['fatal'],True,"april 17, 1995 release # 95-102 washington, dc - cpsc, the kmart corporation of troy, mich., is recalling 148,990 desk chairs. the chair's seat post may unexpectedly separate from the pedestal base, causing someone sitting in the chair to fall.consumers can identify the recalled chairs by kmart product code 21-86-61, item code 010218661114, printed on the outside of the retail carton. the chairs do not have an item number printed on them. the chair, which kmart sold nationwide from july 1993 to march 1995 for $29.99, was packaged unassembled in a cardboard box labeled in part ""basic designs adjustable office chair *** made in taiwan"". the gray upholstered rotary desk chair has a non-tilt seat and fixed back. the seat is attached to a five-prong metal pedestal base by a one-inch wide steel rod. there are two wheel casters on each prong of the pedestal base. the kmart corporation reported this hazard to cpsc after receiving seven reports of the seat unexpectedly detaching from the pedestal base.consumers who own these chairs should stop using them immediately and return the chairs to any k-mart store for a refund. replacement chairs will be available after may 15, 1995. consumers who need more information about this recall should contact any kmart store"
5.0,nice ends and good fitting,b07whfpgdf,2021-05-18,5 Pairs Copper Gold Plated 8 Gauge Strip Spade Terminal Spade Fork Adapters Connectors Plugs Crimp Barrier Spades for Speaker Wire Cable Terminal Plug - 8GA (Red and Black),adjustable,False,0.6908,0.6908,[],[],True,"april 17, 1995 release # 95-102 washington, dc - cpsc, the kmart corporation of troy, mich., is recalling 148,990 desk chairs. the chair's seat post may unexpectedly separate from the pedestal base, causing someone sitting in the chair to fall.consumers can identify the recalled chairs by kmart product code 21-86-61, item code 010218661114, printed on the outside of the retail carton. the chairs do not have an item number printed on them. the chair, which kmart sold nationwide from july 1993 to march 1995 for $29.99, was packaged unassembled in a cardboard box labeled in part ""basic designs adjustable office chair *** made in taiwan"". the gray upholstered rotary desk chair has a non-tilt seat and fixed back. the seat is attached to a five-prong metal pedestal base by a one-inch wide steel rod. there are two wheel casters on each prong of the pedestal base. the kmart corporation reported this hazard to cpsc after receiving seven reports of the seat unexpectedly detaching from the pedestal base.consumers who own these chairs should stop using them immediately and return the chairs to any k-mart store for a refund. replacement chairs will be available after may 15, 1995. consumers who need more information about this recall should contact any kmart store"
2.0,the string that goes behind the ear snaps very easily it doesn’t even last a day,b0bg56lkgj,2022-02-07,"50pcs Kids Disposable Face Masks, 3 Ply Kids Masks Disposable Colorful Cute Face masks for Children, Girls & Boys",disposable,False,0.4005,0.4005,[],[],True,"cigarette lighters recalled by halpern import news from cpsc u.s. consumer product safety commission office of information and public affairs washington, dc 20207 for immediate release september 28, 2000 release # 00-189 halpern recall hotline: (800) 624-5280 cpsc consumer hotline: (800) 638-2772 cpsc media contact: ken giles, (301) 504-7052 cpsc, halpern import co. announce recall of cigarette lighters washington, d.c. - in cooperation with the u.s. consumer product safety commission (cpsc), halpern import co. inc., of atlanta, ga., is recalling about 350,000 disposable cigarette lighters. these lighters can burn with a high flame and can fail to extinguish, presenting fire and burn hazards. cpsc and halpern import co. have received one report of a woman who received second degree burns on her chest when the lighter failed to extinguish and ignited her clothing. the disposable cigarette lighters being recalled are oval-tube- shaped. ""turbo 2000"" is printed on the body of the lighter. the lighters have a green, red, blue, black or yellow body and a metal top. a label on the lighter reads ""child-resistant disposable lighter,"" ""keep out of reach of children,"" and ""made in china."" upc number 0 80692 05010 1 is printed on the back of the lighters. tobacco and thrift stores nationwide sold these lighters from june 1999 through may 2000 for about $1. consumers immediately should stop using these lighters and return them to the store where purchased for a refund. for more information, consumers should call halpern import co. at (800) 624-5280 between 9 a.m. and 5 p.m. et monday through friday."
4.0,"the meter is easy to read, the instruction diskette is a tremendous help especially for the neophyte. the meter gives the user a tremendous electrical analization tool. it would of been a perfect tool if some type of case had been included with the meter. the lack of a case lends itself to the loss of small probe items which are included. other than that a good addition to the tool box.",b01d30z0ye,2016-11-12,Extech EX655 True RMS 600A Clamp Meter with NCV and Temperature Measurements,ex655,False,0.8357,0.8357,[],['loose'],True,"this recall involves extech digital clamp meters with model numbers ex650, ex655, ma160, ma61, and ma63. these models are all ac/dc clamp meters, which are electrical testing devices that measure ac/dc voltage, resistance, capacitance, frequency, temperature, continuity, and diode. serial numbers in the following format are included in the recall: r15xxxxxxx to r17xxxxxxx. only serial numbers in this range are included in the recall. the ""extech"" logo and the model number are printed on the front of the unit and the serial number on the back. the digital clamp meters are green and orange."
5.0,put 0 gauges on my 15s in my truck in definitely worth the purchase,b07wjm4zgv,2021-10-30,2 Pairs Copper Gold Plated 0 Gauge Spade Terminal Crimp Connectors Adapters Crimp Barrier Spades for Speaker Wire Cable Terminal Plug - 0GA (Red and Black),adjustable,False,0.5574,0.5574,[],[],True,"april 17, 1995 release # 95-102 washington, dc - cpsc, the kmart corporation of troy, mich., is recalling 148,990 desk chairs. the chair's seat post may unexpectedly separate from the pedestal base, causing someone sitting in the chair to fall.consumers can identify the recalled chairs by kmart product code 21-86-61, item code 010218661114, printed on the outside of the retail carton. the chairs do not have an item number printed on them. the chair, which kmart sold nationwide from july 1993 to march 1995 for $29.99, was packaged unassembled in a cardboard box labeled in part ""basic designs adjustable office chair *** made in taiwan"". the gray upholstered rotary desk chair has a non-tilt seat and fixed back. the seat is attached to a five-prong metal pedestal base by a one-inch wide steel rod. there are two wheel casters on each prong of the pedestal base. the kmart corporation reported this hazard to cpsc after receiving seven reports of the seat unexpectedly detaching from the pedestal base.consumers who own these chairs should stop using them immediately and return the chairs to any k-mart store for a refund. replacement chairs will be available after may 15, 1995. consumers who need more information about this recall should contact any kmart store"
5.0,the individually wrapped are pretty cool because i can put them in my purse for emergency and don't worry about it being messed up. plus share one with someone who hasn't gotten one. they are comfortable and barely feel there. especially if you do a lot of talking,b0bg56lkgj,2022-02-24,"50pcs Kids Disposable Face Masks, 3 Ply Kids Masks Disposable Colorful Cute Face masks for Children, Girls & Boys",disposable,False,0.8129,0.8129,[],[],True,"cigarette lighters recalled by halpern import news from cpsc u.s. consumer product safety commission office of information and public affairs washington, dc 20207 for immediate release september 28, 2000 release # 00-189 halpern recall hotline: (800) 624-5280 cpsc consumer hotline: (800) 638-2772 cpsc media contact: ken giles, (301) 504-7052 cpsc, halpern import co. announce recall of cigarette lighters washington, d.c. - in cooperation with the u.s. consumer product safety commission (cpsc), halpern import co. inc., of atlanta, ga., is recalling about 350,000 disposable cigarette lighters. these lighters can burn with a high flame and can fail to extinguish, presenting fire and burn hazards. cpsc and halpern import co. have received one report of a woman who received second degree burns on her chest when the lighter failed to extinguish and ignited her clothing. the disposable cigarette lighters being recalled are oval-tube- shaped. ""turbo 2000"" is printed on the body of the lighter. the lighters have a green, red, blue, black or yellow body and a metal top. a label on the lighter reads ""child-resistant disposable lighter,"" ""keep out of reach of children,"" and ""made in china."" upc number 0 80692 05010 1 is printed on the back of the lighters. tobacco and thrift stores nationwide sold these lighters from june 1999 through may 2000 for about $1. consumers immediately should stop using these lighters and return them to the store where purchased for a refund. for more information, consumers should call halpern import co. at (800) 624-5280 between 9 a.m. and 5 p.m. et monday through friday."
3.0,update - several of the masks had missing or broken straps. the quality control seems to be really bad.<br /><br />got these masks to offer to customers that come in our store without one. they are nice disposable masks and look much better than the blue surgical looking ones. very happy with them.,b0bg56lkgj,2022-02-03,"50pcs Kids Disposable Face Masks, 3 Ply Kids Masks Disposable Colorful Cute Face masks for Children, Girls & Boys",disposable,False,0.659,0.659,[],"['missing', 'crack']",True,"cigarette lighters recalled by halpern import news from cpsc u.s. consumer product safety commission office of information and public affairs washington, dc 20207 for immediate release september 28, 2000 release # 00-189 halpern recall hotline: (800) 624-5280 cpsc consumer hotline: (800) 638-2772 cpsc media contact: ken giles, (301) 504-7052 cpsc, halpern import co. announce recall of cigarette lighters washington, d.c. - in cooperation with the u.s. consumer product safety commission (cpsc), halpern import co. inc., of atlanta, ga., is recalling about 350,000 disposable cigarette lighters. these lighters can burn with a high flame and can fail to extinguish, presenting fire and burn hazards. cpsc and halpern import co. have received one report of a woman who received second degree burns on her chest when the lighter failed to extinguish and ignited her clothing. the disposable cigarette lighters being recalled are oval-tube- shaped. ""turbo 2000"" is printed on the body of the lighter. the lighters have a green, red, blue, black or yellow body and a metal top. a label on the lighter reads ""child-resistant disposable lighter,"" ""keep out of reach of children,"" and ""made in china."" upc number 0 80692 05010 1 is printed on the back of the lighters. tobacco and thrift stores nationwide sold these lighters from june 1999 through may 2000 for about $1. consumers immediately should stop using these lighters and return them to the store where purchased for a refund. for more information, consumers should call halpern import co. at (800) 624-5280 between 9 a.m. and 5 p.m. et monday through friday."
5.0,"like many people, i didn't think that once we stopped having to wear masks, that we'd need to mask up again. however, that's what happened this winter.  i ordered these disposable face masks since we were nearly out of masks.  i have been very pleased with these masks.  first of all, they are more comfortable than other masks that i've worn.  2nd, the elastic ear straps are comfortable and stay put (they do, however, occasionally break).  3rd, the masks come individually wrapped.  i love this because it allows me to keep masks in my car bin, purse, dog bag, etc, without the masks picking up ambient germs and dirt.  since we're still wearing masks, these masks are great!",b0bg56lkgj,2022-07-05,"50pcs Kids Disposable Face Masks, 3 Ply Kids Masks Disposable Colorful Cute Face masks for Children, Girls & Boys",disposable,False,0.9492,0.9492,[],[],True,"cigarette lighters recalled by halpern import news from cpsc u.s. consumer product safety commission office of information and public affairs washington, dc 20207 for immediate release september 28, 2000 release # 00-189 halpern recall hotline: (800) 624-5280 cpsc consumer hotline: (800) 638-2772 cpsc media contact: ken giles, (301) 504-7052 cpsc, halpern import co. announce recall of cigarette lighters washington, d.c. - in cooperation with the u.s. consumer product safety commission (cpsc), halpern import co. inc., of atlanta, ga., is recalling about 350,000 disposable cigarette lighters. these lighters can burn with a high flame and can fail to extinguish, presenting fire and burn hazards. cpsc and halpern import co. have received one report of a woman who received second degree burns on her chest when the lighter failed to extinguish and ignited her clothing. the disposable cigarette lighters being recalled are oval-tube- shaped. ""turbo 2000"" is printed on the body of the lighter. the lighters have a green, red, blue, black or yellow body and a metal top. a label on the lighter reads ""child-resistant disposable lighter,"" ""keep out of reach of children,"" and ""made in china."" upc number 0 80692 05010 1 is printed on the back of the lighters. tobacco and thrift stores nationwide sold these lighters from june 1999 through may 2000 for about $1. consumers immediately should stop using these lighters and return them to the store where purchased for a refund. for more information, consumers should call halpern import co. at (800) 624-5280 between 9 a.m. and 5 p.m. et monday through friday."
5.0,"i like these masks because each mask is individually wrapped. and there is no smell to this mask. the masks fit my 5- and 10-year-old perfectly. both of my kids say that it’s comfortable and they can breathe in it.<br />my ten-year-old is the one in the red shirt, and my five-year-old is in the green shirt.",b0bg56lkgj,2022-02-21,"50pcs Kids Disposable Face Masks, 3 Ply Kids Masks Disposable Colorful Cute Face masks for Children, Girls & Boys",disposable,False,0.8834,0.8834,[],[],True,"cigarette lighters recalled by halpern import news from cpsc u.s. consumer product safety commission office of information and public affairs washington, dc 20207 for immediate release september 28, 2000 release # 00-189 halpern recall hotline: (800) 624-5280 cpsc consumer hotline: (800) 638-2772 cpsc media contact: ken giles, (301) 504-7052 cpsc, halpern import co. announce recall of cigarette lighters washington, d.c. - in cooperation with the u.s. consumer product safety commission (cpsc), halpern import co. inc., of atlanta, ga., is recalling about 350,000 disposable cigarette lighters. these lighters can burn with a high flame and can fail to extinguish, presenting fire and burn hazards. cpsc and halpern import co. have received one report of a woman who received second degree burns on her chest when the lighter failed to extinguish and ignited her clothing. the disposable cigarette lighters being recalled are oval-tube- shaped. ""turbo 2000"" is printed on the body of the lighter. the lighters have a green, red, blue, black or yellow body and a metal top. a label on the lighter reads ""child-resistant disposable lighter,"" ""keep out of reach of children,"" and ""made in china."" upc number 0 80692 05010 1 is printed on the back of the lighters. tobacco and thrift stores nationwide sold these lighters from june 1999 through may 2000 for about $1. consumers immediately should stop using these lighters and return them to the store where purchased for a refund. for more information, consumers should call halpern import co. at (800) 624-5280 between 9 a.m. and 5 p.m. et monday through friday."
2.0,no matter how hard you crimp them and how much solder you use they don't hold the wire. don't recommend buying.,b07wjm4zgv,2022-10-26,2 Pairs Copper Gold Plated 0 Gauge Spade Terminal Crimp Connectors Adapters Crimp Barrier Spades for Speaker Wire Cable Terminal Plug - 0GA (Red and Black),adjustable,False,-0.3786,-0.3786,[],['severe'],True,"april 17, 1995 release # 95-102 washington, dc - cpsc, the kmart corporation of troy, mich., is recalling 148,990 desk chairs. the chair's seat post may unexpectedly separate from the pedestal base, causing someone sitting in the chair to fall.consumers can identify the recalled chairs by kmart product code 21-86-61, item code 010218661114, printed on the outside of the retail carton. the chairs do not have an item number printed on them. the chair, which kmart sold nationwide from july 1993 to march 1995 for $29.99, was packaged unassembled in a cardboard box labeled in part ""basic designs adjustable office chair *** made in taiwan"". the gray upholstered rotary desk chair has a non-tilt seat and fixed back. the seat is attached to a five-prong metal pedestal base by a one-inch wide steel rod. there are two wheel casters on each prong of the pedestal base. the kmart corporation reported this hazard to cpsc after receiving seven reports of the seat unexpectedly detaching from the pedestal base.consumers who own these chairs should stop using them immediately and return the chairs to any k-mart store for a refund. replacement chairs will be available after may 15, 1995. consumers who need more information about this recall should contact any kmart store"
5.0,masks have become a daily part of life and these are fun with the camouflage patterns and are very soft and comfortable. no internal fabric fraying as you get with cheaper masks and a very good solidly constructed nose piece. all things considered an excellent choice,b0bg56lkgj,2022-01-15,"50pcs Kids Disposable Face Masks, 3 Ply Kids Masks Disposable Colorful Cute Face masks for Children, Girls & Boys",disposable,False,0.911,0.911,[],[],True,"cigarette lighters recalled by halpern import news from cpsc u.s. consumer product safety commission office of information and public affairs washington, dc 20207 for immediate release september 28, 2000 release # 00-189 halpern recall hotline: (800) 624-5280 cpsc consumer hotline: (800) 638-2772 cpsc media contact: ken giles, (301) 504-7052 cpsc, halpern import co. announce recall of cigarette lighters washington, d.c. - in cooperation with the u.s. consumer product safety commission (cpsc), halpern import co. inc., of atlanta, ga., is recalling about 350,000 disposable cigarette lighters. these lighters can burn with a high flame and can fail to extinguish, presenting fire and burn hazards. cpsc and halpern import co. have received one report of a woman who received second degree burns on her chest when the lighter failed to extinguish and ignited her clothing. the disposable cigarette lighters being recalled are oval-tube- shaped. ""turbo 2000"" is printed on the body of the lighter. the lighters have a green, red, blue, black or yellow body and a metal top. a label on the lighter reads ""child-resistant disposable lighter,"" ""keep out of reach of children,"" and ""made in china."" upc number 0 80692 05010 1 is printed on the back of the lighters. tobacco and thrift stores nationwide sold these lighters from june 1999 through may 2000 for about $1. consumers immediately should stop using these lighters and return them to the store where purchased for a refund. for more information, consumers should call halpern import co. at (800) 624-5280 between 9 a.m. and 5 p.m. et monday through friday."
2.0,nice colors but the bands break too easily,b0bg56lkgj,2022-10-09,"50pcs Kids Disposable Face Masks, 3 Ply Kids Masks Disposable Colorful Cute Face masks for Children, Girls & Boys",disposable,False,0.6124,0.6124,[],"['breakage', 'fracture', 'break']",True,"cigarette lighters recalled by halpern import news from cpsc u.s. consumer product safety commission office of information and public affairs washington, dc 20207 for immediate release september 28, 2000 release # 00-189 halpern recall hotline: (800) 624-5280 cpsc consumer hotline: (800) 638-2772 cpsc media contact: ken giles, (301) 504-7052 cpsc, halpern import co. announce recall of cigarette lighters washington, d.c. - in cooperation with the u.s. consumer product safety commission (cpsc), halpern import co. inc., of atlanta, ga., is recalling about 350,000 disposable cigarette lighters. these lighters can burn with a high flame and can fail to extinguish, presenting fire and burn hazards. cpsc and halpern import co. have received one report of a woman who received second degree burns on her chest when the lighter failed to extinguish and ignited her clothing. the disposable cigarette lighters being recalled are oval-tube- shaped. ""turbo 2000"" is printed on the body of the lighter. the lighters have a green, red, blue, black or yellow body and a metal top. a label on the lighter reads ""child-resistant disposable lighter,"" ""keep out of reach of children,"" and ""made in china."" upc number 0 80692 05010 1 is printed on the back of the lighters. tobacco and thrift stores nationwide sold these lighters from june 1999 through may 2000 for about $1. consumers immediately should stop using these lighters and return them to the store where purchased for a refund. for more information, consumers should call halpern import co. at (800) 624-5280 between 9 a.m. and 5 p.m. et monday through friday."
5.0,"we're still masking where we are. got this batch to try.<br /><br />they look like any other masks out there, with a nose strip. overall comfortable.<br /><br />they did not smell badly (i had a batch that had a very strong chemical smell and i had to leave the masks out to air them out before use!)<br /><br />they passed the ""blow"" test. i wore the mask and held a lit candle a small distance from the mask. i then tried to blow out the candle with the mask on. with cheapy masks, the air could pass right through and extinguish the flame. these ones blocked the air enough that the flame did not go out.<br /><br />the price was reasonable.<br /><br />when i run out, i would re-order.",b0bg56lkgj,2022-03-08,"50pcs Kids Disposable Face Masks, 3 Ply Kids Masks Disposable Colorful Cute Face masks for Children, Girls & Boys",disposable,False,0.7676,0.7676,[],['crack'],True,"cigarette lighters recalled by halpern import news from cpsc u.s. consumer product safety commission office of information and public affairs washington, dc 20207 for immediate release september 28, 2000 release # 00-189 halpern recall hotline: (800) 624-5280 cpsc consumer hotline: (800) 638-2772 cpsc media contact: ken giles, (301) 504-7052 cpsc, halpern import co. announce recall of cigarette lighters washington, d.c. - in cooperation with the u.s. consumer product safety commission (cpsc), halpern import co. inc., of atlanta, ga., is recalling about 350,000 disposable cigarette lighters. these lighters can burn with a high flame and can fail to extinguish, presenting fire and burn hazards. cpsc and halpern import co. have received one report of a woman who received second degree burns on her chest when the lighter failed to extinguish and ignited her clothing. the disposable cigarette lighters being recalled are oval-tube- shaped. ""turbo 2000"" is printed on the body of the lighter. the lighters have a green, red, blue, black or yellow body and a metal top. a label on the lighter reads ""child-resistant disposable lighter,"" ""keep out of reach of children,"" and ""made in china."" upc number 0 80692 05010 1 is printed on the back of the lighters. tobacco and thrift stores nationwide sold these lighters from june 1999 through may 2000 for about $1. consumers immediately should stop using these lighters and return them to the store where purchased for a refund. for more information, consumers should call halpern import co. at (800) 624-5280 between 9 a.m. and 5 p.m. et monday through friday."
5.0,"this comprehensive meter has just about every function you could possibly hope for in a single unit, and while i can't imagine that i may have to use some of the functions...one would say &#34;never say never&#34;!<br />ac measurements are super accurate, and it even has an led worklight built-in.  test leads are included, and the unit operates on three aaa batteries. a temperature function with included probe is also deadly accurate.<br />the unit has a total of 13 functions and is extremely easy to use.  can't recommend highly enough!",b01d30z0ye,2016-11-07,Extech EX655 True RMS 600A Clamp Meter with NCV and Temperature Measurements,ex655,False,0.8877,0.8877,[],"['loose', 'crack']",True,"this recall involves extech digital clamp meters with model numbers ex650, ex655, ma160, ma61, and ma63. these models are all ac/dc clamp meters, which are electrical testing devices that measure ac/dc voltage, resistance, capacitance, frequency, temperature, continuity, and diode. serial numbers in the following format are included in the recall: r15xxxxxxx to r17xxxxxxx. only serial numbers in this range are included in the recall. the ""extech"" logo and the model number are printed on the front of the unit and the serial number on the back. the digital clamp meters are green and orange."
5.0,does a great job in small spaces - love it,b00004yyde,2016-12-13,Dico 541-775-3/4 Nyalox End Brush 3/4-Inch Grey 80 Grit,7200025,False,0.8519,0.8519,[],[],True,"the recalled product is the nexgrill model 720-0025 gas grill. the stainless steel grill is designed to be used with propane gas. the name of the grill is located at the left corner of the exterior of the main burner lid. the serial number is printed on the csa sticker, which is located behind the door. a temperature gauge is located at the center of the main burner lid."
5.0,"good value for your money, fit nice, great to keep in your car just incase.",b0bg56lkgj,2022-08-02,"50pcs Kids Disposable Face Masks, 3 Ply Kids Masks Disposable Colorful Cute Face masks for Children, Girls & Boys",disposable,False,0.9287,0.9287,[],[],True,"cigarette lighters recalled by halpern import news from cpsc u.s. consumer product safety commission office of information and public affairs washington, dc 20207 for immediate release september 28, 2000 release # 00-189 halpern recall hotline: (800) 624-5280 cpsc consumer hotline: (800) 638-2772 cpsc media contact: ken giles, (301) 504-7052 cpsc, halpern import co. announce recall of cigarette lighters washington, d.c. - in cooperation with the u.s. consumer product safety commission (cpsc), halpern import co. inc., of atlanta, ga., is recalling about 350,000 disposable cigarette lighters. these lighters can burn with a high flame and can fail to extinguish, presenting fire and burn hazards. cpsc and halpern import co. have received one report of a woman who received second degree burns on her chest when the lighter failed to extinguish and ignited her clothing. the disposable cigarette lighters being recalled are oval-tube- shaped. ""turbo 2000"" is printed on the body of the lighter. the lighters have a green, red, blue, black or yellow body and a metal top. a label on the lighter reads ""child-resistant disposable lighter,"" ""keep out of reach of children,"" and ""made in china."" upc number 0 80692 05010 1 is printed on the back of the lighters. tobacco and thrift stores nationwide sold these lighters from june 1999 through may 2000 for about $1. consumers immediately should stop using these lighters and return them to the store where purchased for a refund. for more information, consumers should call halpern import co. at (800) 624-5280 between 9 a.m. and 5 p.m. et monday through friday."
5.0,good product,b07whfpgdf,2021-07-01,5 Pairs Copper Gold Plated 8 Gauge Strip Spade Terminal Spade Fork Adapters Connectors Plugs Crimp Barrier Spades for Speaker Wire Cable Terminal Plug - 8GA (Red and Black),adjustable,False,0.4404,0.4404,[],[],True,"april 17, 1995 release # 95-102 washington, dc - cpsc, the kmart corporation of troy, mich., is recalling 148,990 desk chairs. the chair's seat post may unexpectedly separate from the pedestal base, causing someone sitting in the chair to fall.consumers can identify the recalled chairs by kmart product code 21-86-61, item code 010218661114, printed on the outside of the retail carton. the chairs do not have an item number printed on them. the chair, which kmart sold nationwide from july 1993 to march 1995 for $29.99, was packaged unassembled in a cardboard box labeled in part ""basic designs adjustable office chair *** made in taiwan"". the gray upholstered rotary desk chair has a non-tilt seat and fixed back. the seat is attached to a five-prong metal pedestal base by a one-inch wide steel rod. there are two wheel casters on each prong of the pedestal base. the kmart corporation reported this hazard to cpsc after receiving seven reports of the seat unexpectedly detaching from the pedestal base.consumers who own these chairs should stop using them immediately and return the chairs to any k-mart store for a refund. replacement chairs will be available after may 15, 1995. consumers who need more information about this recall should contact any kmart store"
5.0,"ordered for my toddler. he and i both approve of the bright dino design, cool color and uniqueness. i like how the masks are each individually packaged which is a great help if something leaks or spills in his bag and the masks aren't ruined. the price point is average for this quantity.",b0bg56lkgj,2022-05-29,"50pcs Kids Disposable Face Masks, 3 Ply Kids Masks Disposable Colorful Cute Face masks for Children, Girls & Boys",disposable,False,0.9437,0.9437,[],[],True,"cigarette lighters recalled by halpern import news from cpsc u.s. consumer product safety commission office of information and public affairs washington, dc 20207 for immediate release september 28, 2000 release # 00-189 halpern recall hotline: (800) 624-5280 cpsc consumer hotline: (800) 638-2772 cpsc media contact: ken giles, (301) 504-7052 cpsc, halpern import co. announce recall of cigarette lighters washington, d.c. - in cooperation with the u.s. consumer product safety commission (cpsc), halpern import co. inc., of atlanta, ga., is recalling about 350,000 disposable cigarette lighters. these lighters can burn with a high flame and can fail to extinguish, presenting fire and burn hazards. cpsc and halpern import co. have received one report of a woman who received second degree burns on her chest when the lighter failed to extinguish and ignited her clothing. the disposable cigarette lighters being recalled are oval-tube- shaped. ""turbo 2000"" is printed on the body of the lighter. the lighters have a green, red, blue, black or yellow body and a metal top. a label on the lighter reads ""child-resistant disposable lighter,"" ""keep out of reach of children,"" and ""made in china."" upc number 0 80692 05010 1 is printed on the back of the lighters. tobacco and thrift stores nationwide sold these lighters from june 1999 through may 2000 for about $1. consumers immediately should stop using these lighters and return them to the store where purchased for a refund. for more information, consumers should call halpern import co. at (800) 624-5280 between 9 a.m. and 5 p.m. et monday through friday."
5.0,"this clamp meter is a very useful one that is easy-to-use. it is a little smaller, and so there is not a lot of bulk to get in the way of easy use. although it comes with a very helpful dvd that gives clear and precise instructions, this instrument is simple to use. the display features large letters that can be seen easily. there is even back lighting, for use in darker places. i highly recommend this well-designed clamp meter.",b01d30z0ye,2016-12-01,Extech EX655 True RMS 600A Clamp Meter with NCV and Temperature Measurements,ex655,False,0.943,0.943,[],['loose'],True,"this recall involves extech digital clamp meters with model numbers ex650, ex655, ma160, ma61, and ma63. these models are all ac/dc clamp meters, which are electrical testing devices that measure ac/dc voltage, resistance, capacitance, frequency, temperature, continuity, and diode. serial numbers in the following format are included in the recall: r15xxxxxxx to r17xxxxxxx. only serial numbers in this range are included in the recall. the ""extech"" logo and the model number are printed on the front of the unit and the serial number on the back. the digital clamp meters are green and orange."
1.0,broke within a month and now cant return it because it past the return window,b07xdxg45h,2020-10-07,TUPARTS Starter Fit for HONDA for Accord 08 09 10 11 12 2.4L 2354CC l4 Gas 31200-R41-L01 SM73002,adjustable,False,-0.4215,-0.4215,[],[],True,"april 17, 1995 release # 95-102 washington, dc - cpsc, the kmart corporation of troy, mich., is recalling 148,990 desk chairs. the chair's seat post may unexpectedly separate from the pedestal base, causing someone sitting in the chair to fall.consumers can identify the recalled chairs by kmart product code 21-86-61, item code 010218661114, printed on the outside of the retail carton. the chairs do not have an item number printed on them. the chair, which kmart sold nationwide from july 1993 to march 1995 for $29.99, was packaged unassembled in a cardboard box labeled in part ""basic designs adjustable office chair *** made in taiwan"". the gray upholstered rotary desk chair has a non-tilt seat and fixed back. the seat is attached to a five-prong metal pedestal base by a one-inch wide steel rod. there are two wheel casters on each prong of the pedestal base. the kmart corporation reported this hazard to cpsc after receiving seven reports of the seat unexpectedly detaching from the pedestal base.consumers who own these chairs should stop using them immediately and return the chairs to any k-mart store for a refund. replacement chairs will be available after may 15, 1995. consumers who need more information about this recall should contact any kmart store"
5.0,this is better than a wire brush for certain applications. the bristles don't bend and doesn't shed wires.,b00004yyde,2017-03-08,Dico 541-775-3/4 Nyalox End Brush 3/4-Inch Grey 80 Grit,7200025,False,0.6124,0.6124,[],[],True,"the recalled product is the nexgrill model 720-0025 gas grill. the stainless steel grill is designed to be used with propane gas. the name of the grill is located at the left corner of the exterior of the main burner lid. the serial number is printed on the csa sticker, which is located behind the door. a temperature gauge is located at the center of the main burner lid."
5.0,these light weight masks are definitely a great buy!!,b0bg56lkgj,2022-02-18,"50pcs Kids Disposable Face Masks, 3 Ply Kids Masks Disposable Colorful Cute Face masks for Children, Girls & Boys",disposable,False,0.8118,0.8118,[],"['loose', 'weak']",True,"cigarette lighters recalled by halpern import news from cpsc u.s. consumer product safety commission office of information and public affairs washington, dc 20207 for immediate release september 28, 2000 release # 00-189 halpern recall hotline: (800) 624-5280 cpsc consumer hotline: (800) 638-2772 cpsc media contact: ken giles, (301) 504-7052 cpsc, halpern import co. announce recall of cigarette lighters washington, d.c. - in cooperation with the u.s. consumer product safety commission (cpsc), halpern import co. inc., of atlanta, ga., is recalling about 350,000 disposable cigarette lighters. these lighters can burn with a high flame and can fail to extinguish, presenting fire and burn hazards. cpsc and halpern import co. have received one report of a woman who received second degree burns on her chest when the lighter failed to extinguish and ignited her clothing. the disposable cigarette lighters being recalled are oval-tube- shaped. ""turbo 2000"" is printed on the body of the lighter. the lighters have a green, red, blue, black or yellow body and a metal top. a label on the lighter reads ""child-resistant disposable lighter,"" ""keep out of reach of children,"" and ""made in china."" upc number 0 80692 05010 1 is printed on the back of the lighters. tobacco and thrift stores nationwide sold these lighters from june 1999 through may 2000 for about $1. consumers immediately should stop using these lighters and return them to the store where purchased for a refund. for more information, consumers should call halpern import co. at (800) 624-5280 between 9 a.m. and 5 p.m. et monday through friday."
1.0,don’t buy this product don’t work and it’s hard to<br />remove it broke apart,b082s7y9g6,2021-05-05,"FINDAUTO 12575869 Fit for 2003-2006 for Cadillac Escalade ESV EXT 6.0L,2002-2006 for Chevrolet Avalanche 1500 5.3L,1999-2002 for Chevrolet Camaro 5.7L",adjustable,False,-0.4939,-0.4939,[],['severe'],True,"april 17, 1995 release # 95-102 washington, dc - cpsc, the kmart corporation of troy, mich., is recalling 148,990 desk chairs. the chair's seat post may unexpectedly separate from the pedestal base, causing someone sitting in the chair to fall.consumers can identify the recalled chairs by kmart product code 21-86-61, item code 010218661114, printed on the outside of the retail carton. the chairs do not have an item number printed on them. the chair, which kmart sold nationwide from july 1993 to march 1995 for $29.99, was packaged unassembled in a cardboard box labeled in part ""basic designs adjustable office chair *** made in taiwan"". the gray upholstered rotary desk chair has a non-tilt seat and fixed back. the seat is attached to a five-prong metal pedestal base by a one-inch wide steel rod. there are two wheel casters on each prong of the pedestal base. the kmart corporation reported this hazard to cpsc after receiving seven reports of the seat unexpectedly detaching from the pedestal base.consumers who own these chairs should stop using them immediately and return the chairs to any k-mart store for a refund. replacement chairs will be available after may 15, 1995. consumers who need more information about this recall should contact any kmart store"
2.0,"my plan was to use this tool to strip some pain out of hard to reach crevices, but that turned out to be wishful thinking.  i figured with an 80 grit rating this should have done the trick, but it was useless.  the brush didn't really do much more than dull up the old paint, even after subjecting the surface to some serious sanding time.<br /><br />if your looking to remove old tape scum, blemishes, or just rough something up to repaint, then this will work decently.  the brush definitely isn't going to going to replace sand paper any time soon, but it had a few minor uses.",b00004yyde,2014-10-06,Dico 541-775-3/4 Nyalox End Brush 3/4-Inch Grey 80 Grit,7200025,False,-0.7886,-0.7886,[],"['pain', 'severe']",True,"the recalled product is the nexgrill model 720-0025 gas grill. the stainless steel grill is designed to be used with propane gas. the name of the grill is located at the left corner of the exterior of the main burner lid. the serial number is printed on the csa sticker, which is located behind the door. a temperature gauge is located at the center of the main burner lid."
5.0,"these are the standard, well-made surgical masks you're used to seeing and/or using. they're well-made and come at a great price (currently $12 for 50 masks).",b0bg56lkgj,2022-02-02,"50pcs Kids Disposable Face Masks, 3 Ply Kids Masks Disposable Colorful Cute Face masks for Children, Girls & Boys",disposable,False,0.6249,0.6249,[],[],True,"cigarette lighters recalled by halpern import news from cpsc u.s. consumer product safety commission office of information and public affairs washington, dc 20207 for immediate release september 28, 2000 release # 00-189 halpern recall hotline: (800) 624-5280 cpsc consumer hotline: (800) 638-2772 cpsc media contact: ken giles, (301) 504-7052 cpsc, halpern import co. announce recall of cigarette lighters washington, d.c. - in cooperation with the u.s. consumer product safety commission (cpsc), halpern import co. inc., of atlanta, ga., is recalling about 350,000 disposable cigarette lighters. these lighters can burn with a high flame and can fail to extinguish, presenting fire and burn hazards. cpsc and halpern import co. have received one report of a woman who received second degree burns on her chest when the lighter failed to extinguish and ignited her clothing. the disposable cigarette lighters being recalled are oval-tube- shaped. ""turbo 2000"" is printed on the body of the lighter. the lighters have a green, red, blue, black or yellow body and a metal top. a label on the lighter reads ""child-resistant disposable lighter,"" ""keep out of reach of children,"" and ""made in china."" upc number 0 80692 05010 1 is printed on the back of the lighters. tobacco and thrift stores nationwide sold these lighters from june 1999 through may 2000 for about $1. consumers immediately should stop using these lighters and return them to the store where purchased for a refund. for more information, consumers should call halpern import co. at (800) 624-5280 between 9 a.m. and 5 p.m. et monday through friday."
4.0,i will use these masks forever because i don't want to get a cold..haven't had one in  3 yrs. i would rather have the white inside but the gray is fine.,b0bg56lkgj,2022-09-05,"50pcs Kids Disposable Face Masks, 3 Ply Kids Masks Disposable Colorful Cute Face masks for Children, Girls & Boys",disposable,False,0.2707,0.2707,[],[],True,"cigarette lighters recalled by halpern import news from cpsc u.s. consumer product safety commission office of information and public affairs washington, dc 20207 for immediate release september 28, 2000 release # 00-189 halpern recall hotline: (800) 624-5280 cpsc consumer hotline: (800) 638-2772 cpsc media contact: ken giles, (301) 504-7052 cpsc, halpern import co. announce recall of cigarette lighters washington, d.c. - in cooperation with the u.s. consumer product safety commission (cpsc), halpern import co. inc., of atlanta, ga., is recalling about 350,000 disposable cigarette lighters. these lighters can burn with a high flame and can fail to extinguish, presenting fire and burn hazards. cpsc and halpern import co. have received one report of a woman who received second degree burns on her chest when the lighter failed to extinguish and ignited her clothing. the disposable cigarette lighters being recalled are oval-tube- shaped. ""turbo 2000"" is printed on the body of the lighter. the lighters have a green, red, blue, black or yellow body and a metal top. a label on the lighter reads ""child-resistant disposable lighter,"" ""keep out of reach of children,"" and ""made in china."" upc number 0 80692 05010 1 is printed on the back of the lighters. tobacco and thrift stores nationwide sold these lighters from june 1999 through may 2000 for about $1. consumers immediately should stop using these lighters and return them to the store where purchased for a refund. for more information, consumers should call halpern import co. at (800) 624-5280 between 9 a.m. and 5 p.m. et monday through friday."
5.0,this was an awesome replacement. works as advertised.,b07zh5rpzp,2020-09-16,INEEDUP 17729 Starter Starter Motor Replacement For 1998-1999 Acura CL 1998-2002 Honda Accord 1998 Honda Odyssey 1998-1999 Isuzu Oasis,adjustable,False,0.6249,0.6249,[],[],True,"april 17, 1995 release # 95-102 washington, dc - cpsc, the kmart corporation of troy, mich., is recalling 148,990 desk chairs. the chair's seat post may unexpectedly separate from the pedestal base, causing someone sitting in the chair to fall.consumers can identify the recalled chairs by kmart product code 21-86-61, item code 010218661114, printed on the outside of the retail carton. the chairs do not have an item number printed on them. the chair, which kmart sold nationwide from july 1993 to march 1995 for $29.99, was packaged unassembled in a cardboard box labeled in part ""basic designs adjustable office chair *** made in taiwan"". the gray upholstered rotary desk chair has a non-tilt seat and fixed back. the seat is attached to a five-prong metal pedestal base by a one-inch wide steel rod. there are two wheel casters on each prong of the pedestal base. the kmart corporation reported this hazard to cpsc after receiving seven reports of the seat unexpectedly detaching from the pedestal base.consumers who own these chairs should stop using them immediately and return the chairs to any k-mart store for a refund. replacement chairs will be available after may 15, 1995. consumers who need more information about this recall should contact any kmart store"
1.0,"piece of junk.  stay away!  this cart came scraped up, looks like it had been used. one rim was dented and we just inflated the tires to spec so that they were not flat.  on our way now to pick up a fridge and one of the tires blew.  save your money and purchase a different brand, a different seller, i don't know.  don't purchase this product here.",b00ln60r94,2016-06-06,"Harper BKTAK19 Super Steel P-Handle Hand Truck, 600 lb.",bktak19,False,0.7177,0.7177,[],['bent'],True,"this recall involves harper trucks hand trucks with model numbers and type of wheels listed below. ""harper truck"" and the model number can be found on an adhesive sticker on the hand truck frame's cross member. hand trucks with two-piece, grey metal wheels are not included in this recall. model number type of handle type of wheel k52k16 p handle 1-piece, composite jedtk1935p dual hand/platform truck (convertible) 3-piece, four bolt, metal/chrome plated 51tk19 dual handles 3-piece, four bolt, metal/chrome plated bktak19 p handle 3-piece, four bolt, metal/chrome plated pgcsk19blk dual hand 3-piece, four bolt, metal/chrome plated"
4.0,"item came fast. its was as inexpensive as you could possibly get for a desiccator this size. amazingly priced! i purchased this just to replace the lid on our old 210 mm id desiccator. it fit perfectly. i would recommend for any lab. the lid did chip within a day or two after using it, but it was nothing major (reason for 4 and not 5 stars). i could buy 5 more of these for the price of an actual replacement lid from a scientific vendor.",b00657xikg,2015-01-16,"American Educational Glass Desiccator with Porcelain Plate, 200mm ID",7200001,False,0.6588,0.6588,[],[],True,"this recall involves the beefmaster explorer outdoor gas grill model number 720-0001. the tabletop grill is made of stainless steel and is used with a disposable propane cylinder, which is purchased separately. each grill has one main burner and a cooking grid that sits over the burner. model numbers are located on the back panel of the grill. the brand name ""nexgrill"" is on a plate on the grill lid."
1.0,these masks are garbage they are not three layered 1 layer and very thin so i will double mask<br />and then throw out after use. i only bought them because they are black. will go back to wecolor<br />50 pcs blue mask ihave ordered multiple times. save your money and look elswhere there advertising<br />is deceptive,b0bg56lkgj,2022-07-18,"50pcs Kids Disposable Face Masks, 3 Ply Kids Masks Disposable Colorful Cute Face masks for Children, Girls & Boys",disposable,False,0.4939,0.4939,[],"['fragile', 'crack', 'flimsy']",True,"cigarette lighters recalled by halpern import news from cpsc u.s. consumer product safety commission office of information and public affairs washington, dc 20207 for immediate release september 28, 2000 release # 00-189 halpern recall hotline: (800) 624-5280 cpsc consumer hotline: (800) 638-2772 cpsc media contact: ken giles, (301) 504-7052 cpsc, halpern import co. announce recall of cigarette lighters washington, d.c. - in cooperation with the u.s. consumer product safety commission (cpsc), halpern import co. inc., of atlanta, ga., is recalling about 350,000 disposable cigarette lighters. these lighters can burn with a high flame and can fail to extinguish, presenting fire and burn hazards. cpsc and halpern import co. have received one report of a woman who received second degree burns on her chest when the lighter failed to extinguish and ignited her clothing. the disposable cigarette lighters being recalled are oval-tube- shaped. ""turbo 2000"" is printed on the body of the lighter. the lighters have a green, red, blue, black or yellow body and a metal top. a label on the lighter reads ""child-resistant disposable lighter,"" ""keep out of reach of children,"" and ""made in china."" upc number 0 80692 05010 1 is printed on the back of the lighters. tobacco and thrift stores nationwide sold these lighters from june 1999 through may 2000 for about $1. consumers immediately should stop using these lighters and return them to the store where purchased for a refund. for more information, consumers should call halpern import co. at (800) 624-5280 between 9 a.m. and 5 p.m. et monday through friday."
5.0,"this is exactly what my shower has been asking for.  bye-bye, nasty black grout!  this is was easier than scrubbing by hand, and more effective.  i went over some places i had given up on scrubbing by hand before, and this took care of it in no time.",b00004yyde,2013-11-26,Dico 541-775-3/4 Nyalox End Brush 3/4-Inch Grey 80 Grit,7200025,False,0.883,0.883,[],['fatal'],True,"the recalled product is the nexgrill model 720-0025 gas grill. the stainless steel grill is designed to be used with propane gas. the name of the grill is located at the left corner of the exterior of the main burner lid. the serial number is printed on the csa sticker, which is located behind the door. a temperature gauge is located at the center of the main burner lid."
5.0,"these are just basic surgical masks that i find work well. i saw somewhere online that the way to test if they are using the correct filters is to cut it out and try to light it on fire. if it catches on fire it is paper and provides no protection and if it melts then it's made of the correct filter. i tried that test and it melted so as far as i can tell it provides good protection. being individually wrapped makes them easier to carry around, you can throw them in a bag and not have to worry about them getting dirty. it is also probably nice if you are handing them out at an event or business. anyone who wants a mask is sure to get one that is clean. i have had no issues with the comfort or fit so overall a great mask.",b0bg56lkgj,2022-01-22,"50pcs Kids Disposable Face Masks, 3 Ply Kids Masks Disposable Colorful Cute Face masks for Children, Girls & Boys",disposable,False,0.9212,0.9212,[],"['loose', 'fire', 'cut', 'weak']",True,"cigarette lighters recalled by halpern import news from cpsc u.s. consumer product safety commission office of information and public affairs washington, dc 20207 for immediate release september 28, 2000 release # 00-189 halpern recall hotline: (800) 624-5280 cpsc consumer hotline: (800) 638-2772 cpsc media contact: ken giles, (301) 504-7052 cpsc, halpern import co. announce recall of cigarette lighters washington, d.c. - in cooperation with the u.s. consumer product safety commission (cpsc), halpern import co. inc., of atlanta, ga., is recalling about 350,000 disposable cigarette lighters. these lighters can burn with a high flame and can fail to extinguish, presenting fire and burn hazards. cpsc and halpern import co. have received one report of a woman who received second degree burns on her chest when the lighter failed to extinguish and ignited her clothing. the disposable cigarette lighters being recalled are oval-tube- shaped. ""turbo 2000"" is printed on the body of the lighter. the lighters have a green, red, blue, black or yellow body and a metal top. a label on the lighter reads ""child-resistant disposable lighter,"" ""keep out of reach of children,"" and ""made in china."" upc number 0 80692 05010 1 is printed on the back of the lighters. tobacco and thrift stores nationwide sold these lighters from june 1999 through may 2000 for about $1. consumers immediately should stop using these lighters and return them to the store where purchased for a refund. for more information, consumers should call halpern import co. at (800) 624-5280 between 9 a.m. and 5 p.m. et monday through friday."
5.0,it looks as pictured just hope it works.,b07zh5rpzp,2020-07-24,INEEDUP 17729 Starter Starter Motor Replacement For 1998-1999 Acura CL 1998-2002 Honda Accord 1998 Honda Odyssey 1998-1999 Isuzu Oasis,adjustable,False,0.4404,0.4404,[],[],True,"april 17, 1995 release # 95-102 washington, dc - cpsc, the kmart corporation of troy, mich., is recalling 148,990 desk chairs. the chair's seat post may unexpectedly separate from the pedestal base, causing someone sitting in the chair to fall.consumers can identify the recalled chairs by kmart product code 21-86-61, item code 010218661114, printed on the outside of the retail carton. the chairs do not have an item number printed on them. the chair, which kmart sold nationwide from july 1993 to march 1995 for $29.99, was packaged unassembled in a cardboard box labeled in part ""basic designs adjustable office chair *** made in taiwan"". the gray upholstered rotary desk chair has a non-tilt seat and fixed back. the seat is attached to a five-prong metal pedestal base by a one-inch wide steel rod. there are two wheel casters on each prong of the pedestal base. the kmart corporation reported this hazard to cpsc after receiving seven reports of the seat unexpectedly detaching from the pedestal base.consumers who own these chairs should stop using them immediately and return the chairs to any k-mart store for a refund. replacement chairs will be available after may 15, 1995. consumers who need more information about this recall should contact any kmart store"
4.0,"made in china, these masks are 3 layer masks.<br /><br />these masks have a metal piece to bend over your nose to keep it tight.<br /><br />they are soft on the face and comfortable to breathe.<br /><br />the elastic on the ears is longer than most which should help them fit a larger size head better.<br /><br />they are not as wide from side to side as some masks or perhaps it is just the length of the elastic.  i measured it at 6 3/4"".  our others are 7"" wide.  i took off a star for the narrower width.<br /><br />they cover top to bottom well.<br /><br />they are individually packaged so they are clean and stay clean in a handbag, gym bag, vehicle, briefcase, schoolbag or wherever they are needed.  i like the individual packaging a lot!<br /><br />i carry them in my vehicles and handbag so i have a clean mask when needed.  we also have them at the office in case someone wants to use one and doesn't have one.  being individually wrapped allows us to put them out on a table and people can just pick one up if they wish knowing it is clean and fresh.<br /><br />there are 10 each of 5 different patterns of camo.  there's something for everyone!  if you have to wear them, wear something fun!<br /><br />recommend.",b0bg56lkgj,2022-01-08,"50pcs Kids Disposable Face Masks, 3 Ply Kids Masks Disposable Colorful Cute Face masks for Children, Girls & Boys",disposable,False,0.9803,0.9803,[],[],True,"cigarette lighters recalled by halpern import news from cpsc u.s. consumer product safety commission office of information and public affairs washington, dc 20207 for immediate release september 28, 2000 release # 00-189 halpern recall hotline: (800) 624-5280 cpsc consumer hotline: (800) 638-2772 cpsc media contact: ken giles, (301) 504-7052 cpsc, halpern import co. announce recall of cigarette lighters washington, d.c. - in cooperation with the u.s. consumer product safety commission (cpsc), halpern import co. inc., of atlanta, ga., is recalling about 350,000 disposable cigarette lighters. these lighters can burn with a high flame and can fail to extinguish, presenting fire and burn hazards. cpsc and halpern import co. have received one report of a woman who received second degree burns on her chest when the lighter failed to extinguish and ignited her clothing. the disposable cigarette lighters being recalled are oval-tube- shaped. ""turbo 2000"" is printed on the body of the lighter. the lighters have a green, red, blue, black or yellow body and a metal top. a label on the lighter reads ""child-resistant disposable lighter,"" ""keep out of reach of children,"" and ""made in china."" upc number 0 80692 05010 1 is printed on the back of the lighters. tobacco and thrift stores nationwide sold these lighters from june 1999 through may 2000 for about $1. consumers immediately should stop using these lighters and return them to the store where purchased for a refund. for more information, consumers should call halpern import co. at (800) 624-5280 between 9 a.m. and 5 p.m. et monday through friday."
5.0,worked really well and easy to to put in,b086swkx77,2020-07-06,LUJUNTEC PM3128 Compatible with Fit For Nissan Murano 3.5L 2009-2014 Hood lift supports shocks,adjustable,False,0.6764,0.6764,[],['loose'],True,"april 17, 1995 release # 95-102 washington, dc - cpsc, the kmart corporation of troy, mich., is recalling 148,990 desk chairs. the chair's seat post may unexpectedly separate from the pedestal base, causing someone sitting in the chair to fall.consumers can identify the recalled chairs by kmart product code 21-86-61, item code 010218661114, printed on the outside of the retail carton. the chairs do not have an item number printed on them. the chair, which kmart sold nationwide from july 1993 to march 1995 for $29.99, was packaged unassembled in a cardboard box labeled in part ""basic designs adjustable office chair *** made in taiwan"". the gray upholstered rotary desk chair has a non-tilt seat and fixed back. the seat is attached to a five-prong metal pedestal base by a one-inch wide steel rod. there are two wheel casters on each prong of the pedestal base. the kmart corporation reported this hazard to cpsc after receiving seven reports of the seat unexpectedly detaching from the pedestal base.consumers who own these chairs should stop using them immediately and return the chairs to any k-mart store for a refund. replacement chairs will be available after may 15, 1995. consumers who need more information about this recall should contact any kmart store"
5.0,this is a powerhouse unit. works awesome. tools and accessories are cheap and don’t use them.,b0b466qzwz,2022-12-01,"LIVOSA Commercial Panini Press Sandwich Maker, 2200W Non-Stick Panini Grill Machine Panini Maker with Temperature Control and Full Grooved Plates for Hamburgers Steaks Bacons",commercial,False,0.6249,0.6249,[],[],True,"this recall involves cree led t8 lamps used indoors to replace traditional two pin t8 fluorescent tubes. the white lamps have a cylindrical shape and measure 48 inches long. the affected units are marked as ""bt848 series lamp"" with the product part number on the lamp itself or printed on a white label affixed to the lamp. a four digit date code is printed on the lamp under a statement that reads ""compatible with instant start, rapid start and dimmable electronic ballasts."" product numbers and upc codes printed on the product packaging included in the recall are listed below: consumer product number description upc bt848-17027flw-bdg13-1c100 linear led t8 replacement lamp, 4 ft, 1700 lm, 2700k - us 849665002932 bt848-17040flw-bdg13-1c100 linear led t8 replacement lamp, 4 ft, 1700 lm, 4000k - us 849665002154 commercial product number description ledt8p-48-21l-35k linear led t8 replacement lamp, 4 ft, 2100 lm, 3500k ledt8p-48-21l-40k linear led t8 replacement lamp, 4 ft, 2100 lm, 4000k ledt8p-48-17l-35k linear led t8 replacement lamp, 4 ft, 1700 lm, 3500k ledt8p-48-17l-40k linear led t8 replacement lamp, 4 ft, 1700 lm, 4000k ledt8p-48-17l-30k linear led t8 replacement lamp, 4 ft, 1700 lm, 3000k ledt8p-48-17l-50k linear led t8 replacement lamp, 4 ft, 1700 lm, 5000k date codes: any of the above product numbers with any of the following date codes are affected: 3314, 3414, 3514, 3614, 3714, 3814, 3914, 4014, 4114, 4214, 4314, 4414, 4514, 4614, 4714, 4814, 4914, 5014, 5114, 5214, 0115, 0215, 0315, 0415, 0515, 0615, 0715, 0815, 0915, 1015, 1115, 1215, 1315, 1415, 1515, 1615."
5.0,this is a powerhouse unit. works awesome. tools and accessories are cheap and don’t use them.,b0b466qzwz,2022-12-01,"LIVOSA Commercial Panini Press Sandwich Maker, 2200W Non-Stick Panini Grill Machine Panini Maker with Temperature Control and Full Grooved Plates for Hamburgers Steaks Bacons",commercial,False,0.6249,0.6249,[],[],True,"march 9, 2001release # 01-102 zep recall hotline: (888) 805-help cpsc consumer hotline: (800) 638-2772 cpsc media contact: scott wolfson, (301) 504-7051 nsi contact: cathy tyler, (404) 853-1150 cpsc, national service industries inc. announce recall of zep commercial cleaners sold at the home depot washington, d.c. - in cooperation with the u.s. consumer product safety commission (cpsc), national service industries inc. (nsi), of atlanta, ga., is voluntarily recalling about 1.4 million bottles of zep commercial cleaner sold in 32 oz. bottles. some of these bottles can leak through the cap when turned on their side, allowing the contents of the cleaner to come into contact with consumers. these cleaners can cause irritation and burns to the skin and eyes. nsi has received 10 reports from consumers of the bottles of these cleaners leaking, including three injuries consisting of one report of a chemical burn to a consumer's forearm and two reports of the cleaner getting into consumers' eyes.only the 32-ounce bottles of four types of zep commercial cleaners are part of this recall. they are the acidic toilet bowl cleaner; calcium lime and rust stain remover; grout cleaner and whitener; and driveway, concrete and masonry cleaner. the word ""commercial"" is written before ""zep"" on the top of the labels on the white, plastic bottles, and the product names are written below the brand name. the home depot stores nationwide exclusively sold these cleaners from january 1998 through february 2001 for between $3 and $4.consumers should stop using the recalled cleaners immediately since the bottles can leak, and call the zep commercial hotline. the hotline will help consumers determine if their cleaner bottle is leaking, and provide instructions on how to dispose of leaking bottles and get a refund. for more information, call zep commercial toll-free at (888) 805-help between 9 a.m. and 5 p.m. et monday through friday, or visit the firm's web site at www.zepcommercial.com, or e-mail the firm at zephelp@zepcommercial.com.consumers should not return recalled cleaner to the home depot, but should call the hotline for instructions"
5.0,used this in a 04 avalon with a 3.0 v6. this sensor is the same in the front and rear manifold.  in my case the rear sensor heater element had failed in my oxygen sensor.  direct fit. cleared my codes after i installed no more lights car is running great.<br /><br />i was a little leery when i purchased this the dealer wanted $275 and the parts store wanted $180.  i was very happy with my purchase.,b07ybx37f8,2020-05-03,"OCPTY O2 Oxygen Sensor Upstream 234-9021 234-9052 fit 2000-2001 for Lexus ES300, 2000-2004 for Toyota Avalon, 2005-2008 for Toyota Matrix, 2001-2003 for Toyota Solara",adjustable,False,0.3384,0.3384,[],['smoke'],True,"april 17, 1995 release # 95-102 washington, dc - cpsc, the kmart corporation of troy, mich., is recalling 148,990 desk chairs. the chair's seat post may unexpectedly separate from the pedestal base, causing someone sitting in the chair to fall.consumers can identify the recalled chairs by kmart product code 21-86-61, item code 010218661114, printed on the outside of the retail carton. the chairs do not have an item number printed on them. the chair, which kmart sold nationwide from july 1993 to march 1995 for $29.99, was packaged unassembled in a cardboard box labeled in part ""basic designs adjustable office chair *** made in taiwan"". the gray upholstered rotary desk chair has a non-tilt seat and fixed back. the seat is attached to a five-prong metal pedestal base by a one-inch wide steel rod. there are two wheel casters on each prong of the pedestal base. the kmart corporation reported this hazard to cpsc after receiving seven reports of the seat unexpectedly detaching from the pedestal base.consumers who own these chairs should stop using them immediately and return the chairs to any k-mart store for a refund. replacement chairs will be available after may 15, 1995. consumers who need more information about this recall should contact any kmart store"
5.0,good quality masks! 3 layers! really love the colors.super cool :),b0bg56lkgj,2022-02-21,"50pcs Kids Disposable Face Masks, 3 Ply Kids Masks Disposable Colorful Cute Face masks for Children, Girls & Boys",disposable,False,0.9228,0.9228,[],[],True,"cigarette lighters recalled by halpern import news from cpsc u.s. consumer product safety commission office of information and public affairs washington, dc 20207 for immediate release september 28, 2000 release # 00-189 halpern recall hotline: (800) 624-5280 cpsc consumer hotline: (800) 638-2772 cpsc media contact: ken giles, (301) 504-7052 cpsc, halpern import co. announce recall of cigarette lighters washington, d.c. - in cooperation with the u.s. consumer product safety commission (cpsc), halpern import co. inc., of atlanta, ga., is recalling about 350,000 disposable cigarette lighters. these lighters can burn with a high flame and can fail to extinguish, presenting fire and burn hazards. cpsc and halpern import co. have received one report of a woman who received second degree burns on her chest when the lighter failed to extinguish and ignited her clothing. the disposable cigarette lighters being recalled are oval-tube- shaped. ""turbo 2000"" is printed on the body of the lighter. the lighters have a green, red, blue, black or yellow body and a metal top. a label on the lighter reads ""child-resistant disposable lighter,"" ""keep out of reach of children,"" and ""made in china."" upc number 0 80692 05010 1 is printed on the back of the lighters. tobacco and thrift stores nationwide sold these lighters from june 1999 through may 2000 for about $1. consumers immediately should stop using these lighters and return them to the store where purchased for a refund. for more information, consumers should call halpern import co. at (800) 624-5280 between 9 a.m. and 5 p.m. et monday through friday."
5.0,priced right and did the job,b083r9wvz1,2021-04-27,cciyu 25971282 Front Left Driver Side Running Board Motor w/Bracket For for Chevy for Tahoe for Suburban for Avalanche For for GMC Yukon For for Cadillac Escalade 11390010-101 15224286 19303235,adjustable,False,0.0,0.0,[],[],True,"april 17, 1995 release # 95-102 washington, dc - cpsc, the kmart corporation of troy, mich., is recalling 148,990 desk chairs. the chair's seat post may unexpectedly separate from the pedestal base, causing someone sitting in the chair to fall.consumers can identify the recalled chairs by kmart product code 21-86-61, item code 010218661114, printed on the outside of the retail carton. the chairs do not have an item number printed on them. the chair, which kmart sold nationwide from july 1993 to march 1995 for $29.99, was packaged unassembled in a cardboard box labeled in part ""basic designs adjustable office chair *** made in taiwan"". the gray upholstered rotary desk chair has a non-tilt seat and fixed back. the seat is attached to a five-prong metal pedestal base by a one-inch wide steel rod. there are two wheel casters on each prong of the pedestal base. the kmart corporation reported this hazard to cpsc after receiving seven reports of the seat unexpectedly detaching from the pedestal base.consumers who own these chairs should stop using them immediately and return the chairs to any k-mart store for a refund. replacement chairs will be available after may 15, 1995. consumers who need more information about this recall should contact any kmart store"
5.0,all gaskets appear to be better than the oem. i previously used gaskets from an auto parts store but they fit losely in the gasket grooves.  when installing these gaskets i immediately noticed the fit was more snug.,b08d7htgly,2021-11-02,SCITOO Head Gasket Set Replacement for Chevrolet Cruze 4-Door Sedan 1.4L LT,adjustable,False,0.8151,0.8151,[],[],True,"april 17, 1995 release # 95-102 washington, dc - cpsc, the kmart corporation of troy, mich., is recalling 148,990 desk chairs. the chair's seat post may unexpectedly separate from the pedestal base, causing someone sitting in the chair to fall.consumers can identify the recalled chairs by kmart product code 21-86-61, item code 010218661114, printed on the outside of the retail carton. the chairs do not have an item number printed on them. the chair, which kmart sold nationwide from july 1993 to march 1995 for $29.99, was packaged unassembled in a cardboard box labeled in part ""basic designs adjustable office chair *** made in taiwan"". the gray upholstered rotary desk chair has a non-tilt seat and fixed back. the seat is attached to a five-prong metal pedestal base by a one-inch wide steel rod. there are two wheel casters on each prong of the pedestal base. the kmart corporation reported this hazard to cpsc after receiving seven reports of the seat unexpectedly detaching from the pedestal base.consumers who own these chairs should stop using them immediately and return the chairs to any k-mart store for a refund. replacement chairs will be available after may 15, 1995. consumers who need more information about this recall should contact any kmart store"
5.0,easy to install simple plug in and it works fine.,b07yq2dqgw,2020-07-22,Power Window Switch Power Window Master Switch Power Window Control Switch Door Switch 15151356 Fits For Chevrolet For GMC,adjustable,False,0.5719,0.5719,[],['loose'],True,"april 17, 1995 release # 95-102 washington, dc - cpsc, the kmart corporation of troy, mich., is recalling 148,990 desk chairs. the chair's seat post may unexpectedly separate from the pedestal base, causing someone sitting in the chair to fall.consumers can identify the recalled chairs by kmart product code 21-86-61, item code 010218661114, printed on the outside of the retail carton. the chairs do not have an item number printed on them. the chair, which kmart sold nationwide from july 1993 to march 1995 for $29.99, was packaged unassembled in a cardboard box labeled in part ""basic designs adjustable office chair *** made in taiwan"". the gray upholstered rotary desk chair has a non-tilt seat and fixed back. the seat is attached to a five-prong metal pedestal base by a one-inch wide steel rod. there are two wheel casters on each prong of the pedestal base. the kmart corporation reported this hazard to cpsc after receiving seven reports of the seat unexpectedly detaching from the pedestal base.consumers who own these chairs should stop using them immediately and return the chairs to any k-mart store for a refund. replacement chairs will be available after may 15, 1995. consumers who need more information about this recall should contact any kmart store"
4.0,great quality connectors. had to use a vise to make sure they did not come off the wire,b07wjm4zgv,2022-07-07,2 Pairs Copper Gold Plated 0 Gauge Spade Terminal Crimp Connectors Adapters Crimp Barrier Spades for Speaker Wire Cable Terminal Plug - 0GA (Red and Black),adjustable,False,0.7506,0.7506,[],[],True,"april 17, 1995 release # 95-102 washington, dc - cpsc, the kmart corporation of troy, mich., is recalling 148,990 desk chairs. the chair's seat post may unexpectedly separate from the pedestal base, causing someone sitting in the chair to fall.consumers can identify the recalled chairs by kmart product code 21-86-61, item code 010218661114, printed on the outside of the retail carton. the chairs do not have an item number printed on them. the chair, which kmart sold nationwide from july 1993 to march 1995 for $29.99, was packaged unassembled in a cardboard box labeled in part ""basic designs adjustable office chair *** made in taiwan"". the gray upholstered rotary desk chair has a non-tilt seat and fixed back. the seat is attached to a five-prong metal pedestal base by a one-inch wide steel rod. there are two wheel casters on each prong of the pedestal base. the kmart corporation reported this hazard to cpsc after receiving seven reports of the seat unexpectedly detaching from the pedestal base.consumers who own these chairs should stop using them immediately and return the chairs to any k-mart store for a refund. replacement chairs will be available after may 15, 1995. consumers who need more information about this recall should contact any kmart store"
5.0,"for the price i've been pretty happy with these.<br /><br />they're about as comfortable as these masks can been, especially when you have to where them all day like i do.",b0bg56lkgj,2022-01-24,"50pcs Kids Disposable Face Masks, 3 Ply Kids Masks Disposable Colorful Cute Face masks for Children, Girls & Boys",disposable,False,0.9136,0.9136,[],[],True,"cigarette lighters recalled by halpern import news from cpsc u.s. consumer product safety commission office of information and public affairs washington, dc 20207 for immediate release september 28, 2000 release # 00-189 halpern recall hotline: (800) 624-5280 cpsc consumer hotline: (800) 638-2772 cpsc media contact: ken giles, (301) 504-7052 cpsc, halpern import co. announce recall of cigarette lighters washington, d.c. - in cooperation with the u.s. consumer product safety commission (cpsc), halpern import co. inc., of atlanta, ga., is recalling about 350,000 disposable cigarette lighters. these lighters can burn with a high flame and can fail to extinguish, presenting fire and burn hazards. cpsc and halpern import co. have received one report of a woman who received second degree burns on her chest when the lighter failed to extinguish and ignited her clothing. the disposable cigarette lighters being recalled are oval-tube- shaped. ""turbo 2000"" is printed on the body of the lighter. the lighters have a green, red, blue, black or yellow body and a metal top. a label on the lighter reads ""child-resistant disposable lighter,"" ""keep out of reach of children,"" and ""made in china."" upc number 0 80692 05010 1 is printed on the back of the lighters. tobacco and thrift stores nationwide sold these lighters from june 1999 through may 2000 for about $1. consumers immediately should stop using these lighters and return them to the store where purchased for a refund. for more information, consumers should call halpern import co. at (800) 624-5280 between 9 a.m. and 5 p.m. et monday through friday."
3.0,"these masks have a pretty typical fit for this style. sharp look with the black color; middle layer of “fabric“ is also black so there is no white that shows up at the edges (although the layer facing your skin is a gray). material is pretty soft and comfortable. one annoying thing is that with uses the fibers start to pull out and begin to make the mask look fuzzy (see pics). they have a metal nose piece that does bend and conforms to the nose. the ear loops are stretchy and comfortable; they don’t pull too hard on the ears and are suitable for wearing for long periods such as at work. at $0.22 apiece, these are a fair bit more expensive than some other similar masks i’ve purchased. overall, they’re ok, but not my favorite. 3 stars.<br /><br />i like these ones better: 100pcs black disposable face mask 3 ply filter protection non medical face masks facial cover https://www.amazon.com/dp/b09bl3qvcx/ref=cm_sw_r_cp_api_glt_fabc_bndfadm85f0jc0syrgzw?_encoding=utf8&psc=1",b0bg56lkgj,2022-01-12,"50pcs Kids Disposable Face Masks, 3 Ply Kids Masks Disposable Colorful Cute Face masks for Children, Girls & Boys",disposable,False,0.8749,0.8749,[],"['acute', 'irritation', 'severe', 'sharp', 'fatal']",True,"cigarette lighters recalled by halpern import news from cpsc u.s. consumer product safety commission office of information and public affairs washington, dc 20207 for immediate release september 28, 2000 release # 00-189 halpern recall hotline: (800) 624-5280 cpsc consumer hotline: (800) 638-2772 cpsc media contact: ken giles, (301) 504-7052 cpsc, halpern import co. announce recall of cigarette lighters washington, d.c. - in cooperation with the u.s. consumer product safety commission (cpsc), halpern import co. inc., of atlanta, ga., is recalling about 350,000 disposable cigarette lighters. these lighters can burn with a high flame and can fail to extinguish, presenting fire and burn hazards. cpsc and halpern import co. have received one report of a woman who received second degree burns on her chest when the lighter failed to extinguish and ignited her clothing. the disposable cigarette lighters being recalled are oval-tube- shaped. ""turbo 2000"" is printed on the body of the lighter. the lighters have a green, red, blue, black or yellow body and a metal top. a label on the lighter reads ""child-resistant disposable lighter,"" ""keep out of reach of children,"" and ""made in china."" upc number 0 80692 05010 1 is printed on the back of the lighters. tobacco and thrift stores nationwide sold these lighters from june 1999 through may 2000 for about $1. consumers immediately should stop using these lighters and return them to the store where purchased for a refund. for more information, consumers should call halpern import co. at (800) 624-5280 between 9 a.m. and 5 p.m. et monday through friday."
5.0,"excellent masks, especially for the man in your life. i love the different colors and there’s nice ones for both sexes. they are very comfortable. i work in the lab of a hospital so might as well look good with colorful masks if you have to wear them. they are so comfortable and easy to breathe in. all my coworkers love them. so unique compared to others. the thickness is perfect. they are sturdy and actually hold up to a few days of wear.",b0bg56lkgj,2022-06-19,"50pcs Kids Disposable Face Masks, 3 Ply Kids Masks Disposable Colorful Cute Face masks for Children, Girls & Boys",disposable,False,0.9881,0.9881,[],['loose'],True,"cigarette lighters recalled by halpern import news from cpsc u.s. consumer product safety commission office of information and public affairs washington, dc 20207 for immediate release september 28, 2000 release # 00-189 halpern recall hotline: (800) 624-5280 cpsc consumer hotline: (800) 638-2772 cpsc media contact: ken giles, (301) 504-7052 cpsc, halpern import co. announce recall of cigarette lighters washington, d.c. - in cooperation with the u.s. consumer product safety commission (cpsc), halpern import co. inc., of atlanta, ga., is recalling about 350,000 disposable cigarette lighters. these lighters can burn with a high flame and can fail to extinguish, presenting fire and burn hazards. cpsc and halpern import co. have received one report of a woman who received second degree burns on her chest when the lighter failed to extinguish and ignited her clothing. the disposable cigarette lighters being recalled are oval-tube- shaped. ""turbo 2000"" is printed on the body of the lighter. the lighters have a green, red, blue, black or yellow body and a metal top. a label on the lighter reads ""child-resistant disposable lighter,"" ""keep out of reach of children,"" and ""made in china."" upc number 0 80692 05010 1 is printed on the back of the lighters. tobacco and thrift stores nationwide sold these lighters from june 1999 through may 2000 for about $1. consumers immediately should stop using these lighters and return them to the store where purchased for a refund. for more information, consumers should call halpern import co. at (800) 624-5280 between 9 a.m. and 5 p.m. et monday through friday."
5.0,worked for connecting 0 gauge to my mono boss amp. came quick and installed with no problem.,b07wjm4zgv,2021-06-24,2 Pairs Copper Gold Plated 0 Gauge Spade Terminal Crimp Connectors Adapters Crimp Barrier Spades for Speaker Wire Cable Terminal Plug - 0GA (Red and Black),adjustable,False,0.3089,0.3089,[],[],True,"april 17, 1995 release # 95-102 washington, dc - cpsc, the kmart corporation of troy, mich., is recalling 148,990 desk chairs. the chair's seat post may unexpectedly separate from the pedestal base, causing someone sitting in the chair to fall.consumers can identify the recalled chairs by kmart product code 21-86-61, item code 010218661114, printed on the outside of the retail carton. the chairs do not have an item number printed on them. the chair, which kmart sold nationwide from july 1993 to march 1995 for $29.99, was packaged unassembled in a cardboard box labeled in part ""basic designs adjustable office chair *** made in taiwan"". the gray upholstered rotary desk chair has a non-tilt seat and fixed back. the seat is attached to a five-prong metal pedestal base by a one-inch wide steel rod. there are two wheel casters on each prong of the pedestal base. the kmart corporation reported this hazard to cpsc after receiving seven reports of the seat unexpectedly detaching from the pedestal base.consumers who own these chairs should stop using them immediately and return the chairs to any k-mart store for a refund. replacement chairs will be available after may 15, 1995. consumers who need more information about this recall should contact any kmart store"
1.0,the worst hand truck i ever bought the tire boost the first day i fill it up with air and i pick up a few boxes from about 85 lbs and the tire boost again stay awaw from it,b00ln60r94,2016-07-27,"Harper BKTAK19 Super Steel P-Handle Hand Truck, 600 lb.",bktak19,False,0.5423,0.5423,[],[],True,"this recall involves harper trucks hand trucks with model numbers and type of wheels listed below. ""harper truck"" and the model number can be found on an adhesive sticker on the hand truck frame's cross member. hand trucks with two-piece, grey metal wheels are not included in this recall. model number type of handle type of wheel k52k16 p handle 1-piece, composite jedtk1935p dual hand/platform truck (convertible) 3-piece, four bolt, metal/chrome plated 51tk19 dual handles 3-piece, four bolt, metal/chrome plated bktak19 p handle 3-piece, four bolt, metal/chrome plated pgcsk19blk dual hand 3-piece, four bolt, metal/chrome plated"
5.0,i ended up not needing these. damn it’s been about 2 weeks now and still haven’t seen any money back yet. everything else i returned has already been sent back.,b07wjm4zgv,2021-07-10,2 Pairs Copper Gold Plated 0 Gauge Spade Terminal Crimp Connectors Adapters Crimp Barrier Spades for Speaker Wire Cable Terminal Plug - 0GA (Red and Black),adjustable,False,0.3089,0.3089,[],[],True,"april 17, 1995 release # 95-102 washington, dc - cpsc, the kmart corporation of troy, mich., is recalling 148,990 desk chairs. the chair's seat post may unexpectedly separate from the pedestal base, causing someone sitting in the chair to fall.consumers can identify the recalled chairs by kmart product code 21-86-61, item code 010218661114, printed on the outside of the retail carton. the chairs do not have an item number printed on them. the chair, which kmart sold nationwide from july 1993 to march 1995 for $29.99, was packaged unassembled in a cardboard box labeled in part ""basic designs adjustable office chair *** made in taiwan"". the gray upholstered rotary desk chair has a non-tilt seat and fixed back. the seat is attached to a five-prong metal pedestal base by a one-inch wide steel rod. there are two wheel casters on each prong of the pedestal base. the kmart corporation reported this hazard to cpsc after receiving seven reports of the seat unexpectedly detaching from the pedestal base.consumers who own these chairs should stop using them immediately and return the chairs to any k-mart store for a refund. replacement chairs will be available after may 15, 1995. consumers who need more information about this recall should contact any kmart store"
5.0,i had some 70 year+ old videos. i was able to join (splice) film as needed.,b0b27yrg7w,2022-07-14,"Ckuakiwu Splice Tape Double Face Rectangular 8mm Film Joining Splicing Tape Using Rest Components,Double Face Splice Tape",adjustable,False,0.296,0.296,[],[],True,"april 17, 1995 release # 95-102 washington, dc - cpsc, the kmart corporation of troy, mich., is recalling 148,990 desk chairs. the chair's seat post may unexpectedly separate from the pedestal base, causing someone sitting in the chair to fall.consumers can identify the recalled chairs by kmart product code 21-86-61, item code 010218661114, printed on the outside of the retail carton. the chairs do not have an item number printed on them. the chair, which kmart sold nationwide from july 1993 to march 1995 for $29.99, was packaged unassembled in a cardboard box labeled in part ""basic designs adjustable office chair *** made in taiwan"". the gray upholstered rotary desk chair has a non-tilt seat and fixed back. the seat is attached to a five-prong metal pedestal base by a one-inch wide steel rod. there are two wheel casters on each prong of the pedestal base. the kmart corporation reported this hazard to cpsc after receiving seven reports of the seat unexpectedly detaching from the pedestal base.consumers who own these chairs should stop using them immediately and return the chairs to any k-mart store for a refund. replacement chairs will be available after may 15, 1995. consumers who need more information about this recall should contact any kmart store"
5.0,"our kids are still wearing masks to school so we go through a lot of them. i like to change up their options, so added these. and both my son and daughter love them. they don't complain about them so i assume they are comfortable enough!",b0bg56lkgj,2022-04-28,"50pcs Kids Disposable Face Masks, 3 Ply Kids Masks Disposable Colorful Cute Face masks for Children, Girls & Boys",disposable,False,0.9082,0.9082,[],['crack'],True,"cigarette lighters recalled by halpern import news from cpsc u.s. consumer product safety commission office of information and public affairs washington, dc 20207 for immediate release september 28, 2000 release # 00-189 halpern recall hotline: (800) 624-5280 cpsc consumer hotline: (800) 638-2772 cpsc media contact: ken giles, (301) 504-7052 cpsc, halpern import co. announce recall of cigarette lighters washington, d.c. - in cooperation with the u.s. consumer product safety commission (cpsc), halpern import co. inc., of atlanta, ga., is recalling about 350,000 disposable cigarette lighters. these lighters can burn with a high flame and can fail to extinguish, presenting fire and burn hazards. cpsc and halpern import co. have received one report of a woman who received second degree burns on her chest when the lighter failed to extinguish and ignited her clothing. the disposable cigarette lighters being recalled are oval-tube- shaped. ""turbo 2000"" is printed on the body of the lighter. the lighters have a green, red, blue, black or yellow body and a metal top. a label on the lighter reads ""child-resistant disposable lighter,"" ""keep out of reach of children,"" and ""made in china."" upc number 0 80692 05010 1 is printed on the back of the lighters. tobacco and thrift stores nationwide sold these lighters from june 1999 through may 2000 for about $1. consumers immediately should stop using these lighters and return them to the store where purchased for a refund. for more information, consumers should call halpern import co. at (800) 624-5280 between 9 a.m. and 5 p.m. et monday through friday."
5.0,great to use in all jobs. i am very handy person and this is s great addition to my tools. i can now check my hvac with temperature and love the clamp. also love the ohms reading.,b01n3cdh9q,2018-08-13,Digital Clamp Meter 400A,cl310,False,0.9559,0.9559,[],[],True,"this recall involves klein tools digital clamp meters used to detect electrical current in wiring. model numbers cl110, cl210, cl310 and cl110kit with date codes 0815u-a1, 1015u-a1, 1115u-a1, 1215u-a1, 0116u-a1, 0216u-a1 and 0316u-a1 are included in this recall. ""klein tools"" and the model number are printed on the front of the clamp meters. the date code is printed on the back. the meters are black with a backlit lcd display and an orange trigger and clamp mechanism. the meters are rated cat iii 600 volts and measure voltage up to 600 volts and alternating current up to 400 amps. only the meter in the cl110kit is included in the recall."
5.0,"disposable mask, plus they came with an ear saver it was in the bottom of the box",b0bg56lkgj,2022-01-20,"50pcs Kids Disposable Face Masks, 3 Ply Kids Masks Disposable Colorful Cute Face masks for Children, Girls & Boys",disposable,False,0.0,0.0,[],[],True,"cigarette lighters recalled by halpern import news from cpsc u.s. consumer product safety commission office of information and public affairs washington, dc 20207 for immediate release september 28, 2000 release # 00-189 halpern recall hotline: (800) 624-5280 cpsc consumer hotline: (800) 638-2772 cpsc media contact: ken giles, (301) 504-7052 cpsc, halpern import co. announce recall of cigarette lighters washington, d.c. - in cooperation with the u.s. consumer product safety commission (cpsc), halpern import co. inc., of atlanta, ga., is recalling about 350,000 disposable cigarette lighters. these lighters can burn with a high flame and can fail to extinguish, presenting fire and burn hazards. cpsc and halpern import co. have received one report of a woman who received second degree burns on her chest when the lighter failed to extinguish and ignited her clothing. the disposable cigarette lighters being recalled are oval-tube- shaped. ""turbo 2000"" is printed on the body of the lighter. the lighters have a green, red, blue, black or yellow body and a metal top. a label on the lighter reads ""child-resistant disposable lighter,"" ""keep out of reach of children,"" and ""made in china."" upc number 0 80692 05010 1 is printed on the back of the lighters. tobacco and thrift stores nationwide sold these lighters from june 1999 through may 2000 for about $1. consumers immediately should stop using these lighters and return them to the store where purchased for a refund. for more information, consumers should call halpern import co. at (800) 624-5280 between 9 a.m. and 5 p.m. et monday through friday."
1.0,"actual product is cheap, flimsy ""gold plated"" ring terminal that is much too large for a standard amplifier terminal, not the solid-looking fork terminals pictured.",b07wjm4zgv,2022-03-15,2 Pairs Copper Gold Plated 0 Gauge Spade Terminal Crimp Connectors Adapters Crimp Barrier Spades for Speaker Wire Cable Terminal Plug - 0GA (Red and Black),adjustable,False,0.0,0.0,[],"['fragile', 'flimsy']",True,"april 17, 1995 release # 95-102 washington, dc - cpsc, the kmart corporation of troy, mich., is recalling 148,990 desk chairs. the chair's seat post may unexpectedly separate from the pedestal base, causing someone sitting in the chair to fall.consumers can identify the recalled chairs by kmart product code 21-86-61, item code 010218661114, printed on the outside of the retail carton. the chairs do not have an item number printed on them. the chair, which kmart sold nationwide from july 1993 to march 1995 for $29.99, was packaged unassembled in a cardboard box labeled in part ""basic designs adjustable office chair *** made in taiwan"". the gray upholstered rotary desk chair has a non-tilt seat and fixed back. the seat is attached to a five-prong metal pedestal base by a one-inch wide steel rod. there are two wheel casters on each prong of the pedestal base. the kmart corporation reported this hazard to cpsc after receiving seven reports of the seat unexpectedly detaching from the pedestal base.consumers who own these chairs should stop using them immediately and return the chairs to any k-mart store for a refund. replacement chairs will be available after may 15, 1995. consumers who need more information about this recall should contact any kmart store"
4.0,"these black disposable face masks are individually wrapped and good for carrying around without worry that they’ll get dirty, however, there is a little bit of plastic ware the masks have 3 layer protection with the inside layer being grey, but these are not considered medical grade. overall good fit and comfortable ear loops",b0bg56lkgj,2022-01-16,"50pcs Kids Disposable Face Masks, 3 Ply Kids Masks Disposable Colorful Cute Face masks for Children, Girls & Boys",disposable,False,0.9239,0.9239,[],['fatal'],True,"cigarette lighters recalled by halpern import news from cpsc u.s. consumer product safety commission office of information and public affairs washington, dc 20207 for immediate release september 28, 2000 release # 00-189 halpern recall hotline: (800) 624-5280 cpsc consumer hotline: (800) 638-2772 cpsc media contact: ken giles, (301) 504-7052 cpsc, halpern import co. announce recall of cigarette lighters washington, d.c. - in cooperation with the u.s. consumer product safety commission (cpsc), halpern import co. inc., of atlanta, ga., is recalling about 350,000 disposable cigarette lighters. these lighters can burn with a high flame and can fail to extinguish, presenting fire and burn hazards. cpsc and halpern import co. have received one report of a woman who received second degree burns on her chest when the lighter failed to extinguish and ignited her clothing. the disposable cigarette lighters being recalled are oval-tube- shaped. ""turbo 2000"" is printed on the body of the lighter. the lighters have a green, red, blue, black or yellow body and a metal top. a label on the lighter reads ""child-resistant disposable lighter,"" ""keep out of reach of children,"" and ""made in china."" upc number 0 80692 05010 1 is printed on the back of the lighters. tobacco and thrift stores nationwide sold these lighters from june 1999 through may 2000 for about $1. consumers immediately should stop using these lighters and return them to the store where purchased for a refund. for more information, consumers should call halpern import co. at (800) 624-5280 between 9 a.m. and 5 p.m. et monday through friday."
4.0,"the extech ex655 clamp meter is a solid feeling mid-priced unit that adds several features over a basic multimeter:  current measurement of ac or dc currents via the clamp (which must clamp just a single wire), non-contact ac voltage detector, min/max capability, and a temperature probe.<br /><br />i found the display challenging to read in all but very bright conditions because it is inset within the device so deeply as to be shadowed by the case.  pressing the light button was hit or miss if the internal light would illuminate the display and even when that did work, the light went out too soon for me to complete my measurements without having to press it again.  it is convenient to have a light to illuminate the clamps if you're working in low-light conditions while aiming for a wire.  but, the button is located right where my thumb would be gripping the meter to open the clamp, making it uncomfortable not pressing the button in normal conditions.  it also seems weird to me that the clamp light does not also automatically cause the display light to illuminate, as i'd think if you can't see the wire you're clamping, you won't be able to see the display either... so the display light requires a separate/awkward press-and-hold.<br /><br />the temperature probe was quite inaccurate for temps below zero f, reading -1 when it should have read -15.  checking dc amperage on either negative or positive cables in my car resulted in wildly swinging numbers.  i've never had a clamp meter before, so don't know if that it so be expected (vs some reasonable measurement) or if the idea is just to confirm that current is slowing.<br /><br />overall, for my capability to judge, the meter seems fine, but not as readable and usable for measurements where you'd use the test leads as extech's standard multimeters which have a better display and a kick-stand to hold the meter up at a decent viewing angle.  if you don't need the clamp meter functionality, get a standard multimeter and a separate, inexpensive,  non-contact ac voltage detector.",b01d30z0ye,2016-12-19,Extech EX655 True RMS 600A Clamp Meter with NCV and Temperature Measurements,ex655,False,0.6897,0.6897,[],"['loose', 'weak']",True,"this recall involves extech digital clamp meters with model numbers ex650, ex655, ma160, ma61, and ma63. these models are all ac/dc clamp meters, which are electrical testing devices that measure ac/dc voltage, resistance, capacitance, frequency, temperature, continuity, and diode. serial numbers in the following format are included in the recall: r15xxxxxxx to r17xxxxxxx. only serial numbers in this range are included in the recall. the ""extech"" logo and the model number are printed on the front of the unit and the serial number on the back. the digital clamp meters are green and orange."
5.0,i am a huge fan of extech products so i was excited to give this a try.  it was simply to use and i was able to use it to check my temperature before and after seasonal maintenance.,b01d30z0ye,2016-11-15,Extech EX655 True RMS 600A Clamp Meter with NCV and Temperature Measurements,ex655,False,0.7402,0.7402,[],[],True,"this recall involves extech digital clamp meters with model numbers ex650, ex655, ma160, ma61, and ma63. these models are all ac/dc clamp meters, which are electrical testing devices that measure ac/dc voltage, resistance, capacitance, frequency, temperature, continuity, and diode. serial numbers in the following format are included in the recall: r15xxxxxxx to r17xxxxxxx. only serial numbers in this range are included in the recall. the ""extech"" logo and the model number are printed on the front of the unit and the serial number on the back. the digital clamp meters are green and orange."
4.0,"i used this to clean up the bottom of a pressure cooker that i had let cook too long.  my rice was burned on really stuck.  took some doing, but this did the trick!",b00004yyde,2017-04-28,Dico 541-775-3/4 Nyalox End Brush 3/4-Inch Grey 80 Grit,7200025,False,-0.2473,-0.2473,[],[],True,"the recalled product is the nexgrill model 720-0025 gas grill. the stainless steel grill is designed to be used with propane gas. the name of the grill is located at the left corner of the exterior of the main burner lid. the serial number is printed on the csa sticker, which is located behind the door. a temperature gauge is located at the center of the main burner lid."
4.0,comfortable and so far not irritating my face,b0bg56lkgj,2022-01-26,"50pcs Kids Disposable Face Masks, 3 Ply Kids Masks Disposable Colorful Cute Face masks for Children, Girls & Boys",disposable,False,0.7222,0.7222,[],[],True,"cigarette lighters recalled by halpern import news from cpsc u.s. consumer product safety commission office of information and public affairs washington, dc 20207 for immediate release september 28, 2000 release # 00-189 halpern recall hotline: (800) 624-5280 cpsc consumer hotline: (800) 638-2772 cpsc media contact: ken giles, (301) 504-7052 cpsc, halpern import co. announce recall of cigarette lighters washington, d.c. - in cooperation with the u.s. consumer product safety commission (cpsc), halpern import co. inc., of atlanta, ga., is recalling about 350,000 disposable cigarette lighters. these lighters can burn with a high flame and can fail to extinguish, presenting fire and burn hazards. cpsc and halpern import co. have received one report of a woman who received second degree burns on her chest when the lighter failed to extinguish and ignited her clothing. the disposable cigarette lighters being recalled are oval-tube- shaped. ""turbo 2000"" is printed on the body of the lighter. the lighters have a green, red, blue, black or yellow body and a metal top. a label on the lighter reads ""child-resistant disposable lighter,"" ""keep out of reach of children,"" and ""made in china."" upc number 0 80692 05010 1 is printed on the back of the lighters. tobacco and thrift stores nationwide sold these lighters from june 1999 through may 2000 for about $1. consumers immediately should stop using these lighters and return them to the store where purchased for a refund. for more information, consumers should call halpern import co. at (800) 624-5280 between 9 a.m. and 5 p.m. et monday through friday."
5.0,"we are renovating a very old house and have a plethora of cables and electrical lines in the house that don't seem to be functioning, but which may still be very live. we have found this to be a very helpful tool for checking that out. all you have to do is cut into a live cable one time (fortunately the cutter had wood handles!) to know how important it is to have one of these!!<br />we could probably have used one the cheaper &#34;pocket&#34; wire checkers that most people use when swapping out light fixtures, but with this, we don't have to have exposed wire to know if there is current passing through the cable/wire or not.<br />i know this is used in more highly specialized applications, but we think it's very handy thing to have in a home renovator's toolbox!",b01d30z0ye,2016-11-17,Extech EX655 True RMS 600A Clamp Meter with NCV and Temperature Measurements,ex655,False,0.6605,0.6605,[],"['loose', 'hot', 'cut', 'weak']",True,"this recall involves extech digital clamp meters with model numbers ex650, ex655, ma160, ma61, and ma63. these models are all ac/dc clamp meters, which are electrical testing devices that measure ac/dc voltage, resistance, capacitance, frequency, temperature, continuity, and diode. serial numbers in the following format are included in the recall: r15xxxxxxx to r17xxxxxxx. only serial numbers in this range are included in the recall. the ""extech"" logo and the model number are printed on the front of the unit and the serial number on the back. the digital clamp meters are green and orange."
5.0,brand and price as tested before.,b00004yyde,2018-06-12,Dico 541-775-3/4 Nyalox End Brush 3/4-Inch Grey 80 Grit,7200025,False,0.0,0.0,[],[],True,"the recalled product is the nexgrill model 720-0025 gas grill. the stainless steel grill is designed to be used with propane gas. the name of the grill is located at the left corner of the exterior of the main burner lid. the serial number is printed on the csa sticker, which is located behind the door. a temperature gauge is located at the center of the main burner lid."
5.0,"my son loved them for school., i loved that they all were individually wrapped",b0bg56lkgj,2022-04-23,"50pcs Kids Disposable Face Masks, 3 Ply Kids Masks Disposable Colorful Cute Face masks for Children, Girls & Boys",disposable,False,0.8316,0.8316,[],[],True,"cigarette lighters recalled by halpern import news from cpsc u.s. consumer product safety commission office of information and public affairs washington, dc 20207 for immediate release september 28, 2000 release # 00-189 halpern recall hotline: (800) 624-5280 cpsc consumer hotline: (800) 638-2772 cpsc media contact: ken giles, (301) 504-7052 cpsc, halpern import co. announce recall of cigarette lighters washington, d.c. - in cooperation with the u.s. consumer product safety commission (cpsc), halpern import co. inc., of atlanta, ga., is recalling about 350,000 disposable cigarette lighters. these lighters can burn with a high flame and can fail to extinguish, presenting fire and burn hazards. cpsc and halpern import co. have received one report of a woman who received second degree burns on her chest when the lighter failed to extinguish and ignited her clothing. the disposable cigarette lighters being recalled are oval-tube- shaped. ""turbo 2000"" is printed on the body of the lighter. the lighters have a green, red, blue, black or yellow body and a metal top. a label on the lighter reads ""child-resistant disposable lighter,"" ""keep out of reach of children,"" and ""made in china."" upc number 0 80692 05010 1 is printed on the back of the lighters. tobacco and thrift stores nationwide sold these lighters from june 1999 through may 2000 for about $1. consumers immediately should stop using these lighters and return them to the store where purchased for a refund. for more information, consumers should call halpern import co. at (800) 624-5280 between 9 a.m. and 5 p.m. et monday through friday."
5.0,this product did exactly as expected,b07wjm4zgv,2021-01-06,2 Pairs Copper Gold Plated 0 Gauge Spade Terminal Crimp Connectors Adapters Crimp Barrier Spades for Speaker Wire Cable Terminal Plug - 0GA (Red and Black),adjustable,False,0.0,0.0,[],[],True,"april 17, 1995 release # 95-102 washington, dc - cpsc, the kmart corporation of troy, mich., is recalling 148,990 desk chairs. the chair's seat post may unexpectedly separate from the pedestal base, causing someone sitting in the chair to fall.consumers can identify the recalled chairs by kmart product code 21-86-61, item code 010218661114, printed on the outside of the retail carton. the chairs do not have an item number printed on them. the chair, which kmart sold nationwide from july 1993 to march 1995 for $29.99, was packaged unassembled in a cardboard box labeled in part ""basic designs adjustable office chair *** made in taiwan"". the gray upholstered rotary desk chair has a non-tilt seat and fixed back. the seat is attached to a five-prong metal pedestal base by a one-inch wide steel rod. there are two wheel casters on each prong of the pedestal base. the kmart corporation reported this hazard to cpsc after receiving seven reports of the seat unexpectedly detaching from the pedestal base.consumers who own these chairs should stop using them immediately and return the chairs to any k-mart store for a refund. replacement chairs will be available after may 15, 1995. consumers who need more information about this recall should contact any kmart store"
1.0,"crap and weak ass crimp. very cheap, you don't want these",b07wjm4zgv,2021-04-29,2 Pairs Copper Gold Plated 0 Gauge Spade Terminal Crimp Connectors Adapters Crimp Barrier Spades for Speaker Wire Cable Terminal Plug - 0GA (Red and Black),adjustable,False,-0.849,-0.849,[],['weak'],True,"april 17, 1995 release # 95-102 washington, dc - cpsc, the kmart corporation of troy, mich., is recalling 148,990 desk chairs. the chair's seat post may unexpectedly separate from the pedestal base, causing someone sitting in the chair to fall.consumers can identify the recalled chairs by kmart product code 21-86-61, item code 010218661114, printed on the outside of the retail carton. the chairs do not have an item number printed on them. the chair, which kmart sold nationwide from july 1993 to march 1995 for $29.99, was packaged unassembled in a cardboard box labeled in part ""basic designs adjustable office chair *** made in taiwan"". the gray upholstered rotary desk chair has a non-tilt seat and fixed back. the seat is attached to a five-prong metal pedestal base by a one-inch wide steel rod. there are two wheel casters on each prong of the pedestal base. the kmart corporation reported this hazard to cpsc after receiving seven reports of the seat unexpectedly detaching from the pedestal base.consumers who own these chairs should stop using them immediately and return the chairs to any k-mart store for a refund. replacement chairs will be available after may 15, 1995. consumers who need more information about this recall should contact any kmart store"
5.0,"for the price, these are a good deal. i used them with a monoblock amp and they are holding up great.",b07whfpgdf,2021-02-14,5 Pairs Copper Gold Plated 8 Gauge Strip Spade Terminal Spade Fork Adapters Connectors Plugs Crimp Barrier Spades for Speaker Wire Cable Terminal Plug - 8GA (Red and Black),adjustable,False,0.7906,0.7906,[],[],True,"april 17, 1995 release # 95-102 washington, dc - cpsc, the kmart corporation of troy, mich., is recalling 148,990 desk chairs. the chair's seat post may unexpectedly separate from the pedestal base, causing someone sitting in the chair to fall.consumers can identify the recalled chairs by kmart product code 21-86-61, item code 010218661114, printed on the outside of the retail carton. the chairs do not have an item number printed on them. the chair, which kmart sold nationwide from july 1993 to march 1995 for $29.99, was packaged unassembled in a cardboard box labeled in part ""basic designs adjustable office chair *** made in taiwan"". the gray upholstered rotary desk chair has a non-tilt seat and fixed back. the seat is attached to a five-prong metal pedestal base by a one-inch wide steel rod. there are two wheel casters on each prong of the pedestal base. the kmart corporation reported this hazard to cpsc after receiving seven reports of the seat unexpectedly detaching from the pedestal base.consumers who own these chairs should stop using them immediately and return the chairs to any k-mart store for a refund. replacement chairs will be available after may 15, 1995. consumers who need more information about this recall should contact any kmart store"
5.0,these made my 0 gauge install on my amp a breeze. really increased the power to my amp.,b07wjm4zgv,2020-06-02,2 Pairs Copper Gold Plated 0 Gauge Spade Terminal Crimp Connectors Adapters Crimp Barrier Spades for Speaker Wire Cable Terminal Plug - 0GA (Red and Black),adjustable,False,0.3384,0.3384,[],[],True,"april 17, 1995 release # 95-102 washington, dc - cpsc, the kmart corporation of troy, mich., is recalling 148,990 desk chairs. the chair's seat post may unexpectedly separate from the pedestal base, causing someone sitting in the chair to fall.consumers can identify the recalled chairs by kmart product code 21-86-61, item code 010218661114, printed on the outside of the retail carton. the chairs do not have an item number printed on them. the chair, which kmart sold nationwide from july 1993 to march 1995 for $29.99, was packaged unassembled in a cardboard box labeled in part ""basic designs adjustable office chair *** made in taiwan"". the gray upholstered rotary desk chair has a non-tilt seat and fixed back. the seat is attached to a five-prong metal pedestal base by a one-inch wide steel rod. there are two wheel casters on each prong of the pedestal base. the kmart corporation reported this hazard to cpsc after receiving seven reports of the seat unexpectedly detaching from the pedestal base.consumers who own these chairs should stop using them immediately and return the chairs to any k-mart store for a refund. replacement chairs will be available after may 15, 1995. consumers who need more information about this recall should contact any kmart store"
4.0,✅ i like that they are not too thin like cheap ones i’ve worn.<br />✅ they are comfortable to wear.<br />✅ they don’t hurt my ears.<br />⛔️ they have a strong smell. it reminds of a body shop or some type of car grease. i left a few airing out for a couple of days and the smell went away 👍🏼.<br /><br />so i’m kinda neutral about them because they’re not expensive and they don’t feel cheap but that smell is unpleasant.<br />overall there are more pros than cons with these masks. if you buy them just let them air out before wearing.,b0bg56lkgj,2022-03-16,"50pcs Kids Disposable Face Masks, 3 Ply Kids Masks Disposable Colorful Cute Face masks for Children, Girls & Boys",disposable,False,0.1766,0.1766,[],"['damage', 'fragile', 'injury', 'harm', 'trauma', 'flimsy']",True,"cigarette lighters recalled by halpern import news from cpsc u.s. consumer product safety commission office of information and public affairs washington, dc 20207 for immediate release september 28, 2000 release # 00-189 halpern recall hotline: (800) 624-5280 cpsc consumer hotline: (800) 638-2772 cpsc media contact: ken giles, (301) 504-7052 cpsc, halpern import co. announce recall of cigarette lighters washington, d.c. - in cooperation with the u.s. consumer product safety commission (cpsc), halpern import co. inc., of atlanta, ga., is recalling about 350,000 disposable cigarette lighters. these lighters can burn with a high flame and can fail to extinguish, presenting fire and burn hazards. cpsc and halpern import co. have received one report of a woman who received second degree burns on her chest when the lighter failed to extinguish and ignited her clothing. the disposable cigarette lighters being recalled are oval-tube- shaped. ""turbo 2000"" is printed on the body of the lighter. the lighters have a green, red, blue, black or yellow body and a metal top. a label on the lighter reads ""child-resistant disposable lighter,"" ""keep out of reach of children,"" and ""made in china."" upc number 0 80692 05010 1 is printed on the back of the lighters. tobacco and thrift stores nationwide sold these lighters from june 1999 through may 2000 for about $1. consumers immediately should stop using these lighters and return them to the store where purchased for a refund. for more information, consumers should call halpern import co. at (800) 624-5280 between 9 a.m. and 5 p.m. et monday through friday."
2.0,they break really easy.,b0bg56lkgj,2022-05-25,"50pcs Kids Disposable Face Masks, 3 Ply Kids Masks Disposable Colorful Cute Face masks for Children, Girls & Boys",disposable,False,0.4927,0.4927,[],"['breakage', 'fracture', 'break']",True,"cigarette lighters recalled by halpern import news from cpsc u.s. consumer product safety commission office of information and public affairs washington, dc 20207 for immediate release september 28, 2000 release # 00-189 halpern recall hotline: (800) 624-5280 cpsc consumer hotline: (800) 638-2772 cpsc media contact: ken giles, (301) 504-7052 cpsc, halpern import co. announce recall of cigarette lighters washington, d.c. - in cooperation with the u.s. consumer product safety commission (cpsc), halpern import co. inc., of atlanta, ga., is recalling about 350,000 disposable cigarette lighters. these lighters can burn with a high flame and can fail to extinguish, presenting fire and burn hazards. cpsc and halpern import co. have received one report of a woman who received second degree burns on her chest when the lighter failed to extinguish and ignited her clothing. the disposable cigarette lighters being recalled are oval-tube- shaped. ""turbo 2000"" is printed on the body of the lighter. the lighters have a green, red, blue, black or yellow body and a metal top. a label on the lighter reads ""child-resistant disposable lighter,"" ""keep out of reach of children,"" and ""made in china."" upc number 0 80692 05010 1 is printed on the back of the lighters. tobacco and thrift stores nationwide sold these lighters from june 1999 through may 2000 for about $1. consumers immediately should stop using these lighters and return them to the store where purchased for a refund. for more information, consumers should call halpern import co. at (800) 624-5280 between 9 a.m. and 5 p.m. et monday through friday."
4.0,"the holes in the plate could be smaller but otherwise, a great piece.<br />mine arrived with no chips or cracks.",b00657xikg,2017-05-08,"American Educational Glass Desiccator with Porcelain Plate, 200mm ID",7200001,False,0.5927,0.5927,[],[],True,"this recall involves the beefmaster explorer outdoor gas grill model number 720-0001. the tabletop grill is made of stainless steel and is used with a disposable propane cylinder, which is purchased separately. each grill has one main burner and a cooking grid that sits over the burner. model numbers are located on the back panel of the grill. the brand name ""nexgrill"" is on a plate on the grill lid."
1.0,does not fit 2010 smart car for two it’s  to big,b086sxm961,2020-06-24,"LUJUNTEC 6482 Compatible with Fit For Smart Fortwo 2013-2016,For Smart Fortwo 0.9L 2016,For Smart Fortwo 1.0L 2008-2016 Window Glass lift supports shocks",adjustable,False,-0.5216,-0.5216,[],[],True,"april 17, 1995 release # 95-102 washington, dc - cpsc, the kmart corporation of troy, mich., is recalling 148,990 desk chairs. the chair's seat post may unexpectedly separate from the pedestal base, causing someone sitting in the chair to fall.consumers can identify the recalled chairs by kmart product code 21-86-61, item code 010218661114, printed on the outside of the retail carton. the chairs do not have an item number printed on them. the chair, which kmart sold nationwide from july 1993 to march 1995 for $29.99, was packaged unassembled in a cardboard box labeled in part ""basic designs adjustable office chair *** made in taiwan"". the gray upholstered rotary desk chair has a non-tilt seat and fixed back. the seat is attached to a five-prong metal pedestal base by a one-inch wide steel rod. there are two wheel casters on each prong of the pedestal base. the kmart corporation reported this hazard to cpsc after receiving seven reports of the seat unexpectedly detaching from the pedestal base.consumers who own these chairs should stop using them immediately and return the chairs to any k-mart store for a refund. replacement chairs will be available after may 15, 1995. consumers who need more information about this recall should contact any kmart store"
5.0,"this is a nice, well made set of face masks.  the box contains 50 individually wrapped 3ply camouflage face masks.  i ordered these to put them in my car and rv.  we recently traveled out of state and we needed to have masks.  plus anytime we go to a doctor's office we also need masks so i wanted to have them handy.  the masks are comfortable to wear.  all of the ones i received have white elastic ear loops.  they also have plastic nose pieces inside the mask to ensure a sung fit.  i like that the box contains 5 different colors of camouflage - easy for us to keep our masks straight.  great set to have handy!",b0bg56lkgj,2022-01-08,"50pcs Kids Disposable Face Masks, 3 Ply Kids Masks Disposable Colorful Cute Face masks for Children, Girls & Boys",disposable,False,0.9719,0.9719,[],"['loose', 'crack']",True,"cigarette lighters recalled by halpern import news from cpsc u.s. consumer product safety commission office of information and public affairs washington, dc 20207 for immediate release september 28, 2000 release # 00-189 halpern recall hotline: (800) 624-5280 cpsc consumer hotline: (800) 638-2772 cpsc media contact: ken giles, (301) 504-7052 cpsc, halpern import co. announce recall of cigarette lighters washington, d.c. - in cooperation with the u.s. consumer product safety commission (cpsc), halpern import co. inc., of atlanta, ga., is recalling about 350,000 disposable cigarette lighters. these lighters can burn with a high flame and can fail to extinguish, presenting fire and burn hazards. cpsc and halpern import co. have received one report of a woman who received second degree burns on her chest when the lighter failed to extinguish and ignited her clothing. the disposable cigarette lighters being recalled are oval-tube- shaped. ""turbo 2000"" is printed on the body of the lighter. the lighters have a green, red, blue, black or yellow body and a metal top. a label on the lighter reads ""child-resistant disposable lighter,"" ""keep out of reach of children,"" and ""made in china."" upc number 0 80692 05010 1 is printed on the back of the lighters. tobacco and thrift stores nationwide sold these lighters from june 1999 through may 2000 for about $1. consumers immediately should stop using these lighters and return them to the store where purchased for a refund. for more information, consumers should call halpern import co. at (800) 624-5280 between 9 a.m. and 5 p.m. et monday through friday."
2.0,other than not getting what i was expecting the 1 pair worked for what i was needing,b07wjm4zgv,2021-08-24,2 Pairs Copper Gold Plated 0 Gauge Spade Terminal Crimp Connectors Adapters Crimp Barrier Spades for Speaker Wire Cable Terminal Plug - 0GA (Red and Black),adjustable,False,0.0,0.0,[],[],True,"april 17, 1995 release # 95-102 washington, dc - cpsc, the kmart corporation of troy, mich., is recalling 148,990 desk chairs. the chair's seat post may unexpectedly separate from the pedestal base, causing someone sitting in the chair to fall.consumers can identify the recalled chairs by kmart product code 21-86-61, item code 010218661114, printed on the outside of the retail carton. the chairs do not have an item number printed on them. the chair, which kmart sold nationwide from july 1993 to march 1995 for $29.99, was packaged unassembled in a cardboard box labeled in part ""basic designs adjustable office chair *** made in taiwan"". the gray upholstered rotary desk chair has a non-tilt seat and fixed back. the seat is attached to a five-prong metal pedestal base by a one-inch wide steel rod. there are two wheel casters on each prong of the pedestal base. the kmart corporation reported this hazard to cpsc after receiving seven reports of the seat unexpectedly detaching from the pedestal base.consumers who own these chairs should stop using them immediately and return the chairs to any k-mart store for a refund. replacement chairs will be available after may 15, 1995. consumers who need more information about this recall should contact any kmart store"
5.0,perfectly fit my car.  it is nice to be able to open and lock my car door.,b087zsdzmf,2021-04-12,Power Door Lock Actuator Door Lock Actuator W/Motor Front Right Replacement For 2008-2012 for Ford Focus 2010-2014 for Ford for Mustang 2008-2011 for MERCURY Mariner 9S4Z5421812A,adjustable,False,0.8591,0.8591,[],['loose'],True,"april 17, 1995 release # 95-102 washington, dc - cpsc, the kmart corporation of troy, mich., is recalling 148,990 desk chairs. the chair's seat post may unexpectedly separate from the pedestal base, causing someone sitting in the chair to fall.consumers can identify the recalled chairs by kmart product code 21-86-61, item code 010218661114, printed on the outside of the retail carton. the chairs do not have an item number printed on them. the chair, which kmart sold nationwide from july 1993 to march 1995 for $29.99, was packaged unassembled in a cardboard box labeled in part ""basic designs adjustable office chair *** made in taiwan"". the gray upholstered rotary desk chair has a non-tilt seat and fixed back. the seat is attached to a five-prong metal pedestal base by a one-inch wide steel rod. there are two wheel casters on each prong of the pedestal base. the kmart corporation reported this hazard to cpsc after receiving seven reports of the seat unexpectedly detaching from the pedestal base.consumers who own these chairs should stop using them immediately and return the chairs to any k-mart store for a refund. replacement chairs will be available after may 15, 1995. consumers who need more information about this recall should contact any kmart store"
5.0,"i've used this when cleaning inside metal floor tracks as a component of stud walls. they're often rusty from water damage, and for hygienic reasons it's nice to clean off the rust when disinfecting. it handles much more smoothly than a wire cup brush attachment, and much more safely.",b00004yyde,2013-05-24,Dico 541-775-3/4 Nyalox End Brush 3/4-Inch Grey 80 Grit,7200025,False,0.7902,0.7902,[],[],True,"the recalled product is the nexgrill model 720-0025 gas grill. the stainless steel grill is designed to be used with propane gas. the name of the grill is located at the left corner of the exterior of the main burner lid. the serial number is printed on the csa sticker, which is located behind the door. a temperature gauge is located at the center of the main burner lid."
5.0,"the extech ex655 is a 600amp true root mean square clamp meter that comes with 3 triple a batteries, a computer disk for the manual, test leads and a temperature probe. the clamp will open 30mm to accommodate a 350 standard thhn copper wire. it has a built in light with an easy access button on the side. this meter has a large digital display. it has a continuity buzzer. it measures the ac cycles. it also measures dc voltage, amperage and mill amperage.  it has basically all the functions needed to check electric, like resistance, temperature and also has an on off button to conserve battery use. this meter is about all you need to check electrical issues in your home and the bright orange and green colors make it easy to locate.",b01d30z0ye,2016-11-07,Extech EX655 True RMS 600A Clamp Meter with NCV and Temperature Measurements,ex655,False,0.9186,0.9186,[],"['loose', 'weak']",True,"this recall involves extech digital clamp meters with model numbers ex650, ex655, ma160, ma61, and ma63. these models are all ac/dc clamp meters, which are electrical testing devices that measure ac/dc voltage, resistance, capacitance, frequency, temperature, continuity, and diode. serial numbers in the following format are included in the recall: r15xxxxxxx to r17xxxxxxx. only serial numbers in this range are included in the recall. the ""extech"" logo and the model number are printed on the front of the unit and the serial number on the back. the digital clamp meters are green and orange."
5.0,"i love these masks. everybody ask me where i bought them.<br />very fun and bright colors.<br />they are comfortables to use and breathable.<br />we always do our candle test on our masks, and these all passed.<br />up to today not one have broke.<br />they have a nose wire to adjust to the face.<br />they come individually ually packed, so they are perfect to carry on the car or bag.<br />recommended.",b0bg56lkgj,2022-05-09,"50pcs Kids Disposable Face Masks, 3 Ply Kids Masks Disposable Colorful Cute Face masks for Children, Girls & Boys",disposable,False,0.9495,0.9495,[],[],True,"cigarette lighters recalled by halpern import news from cpsc u.s. consumer product safety commission office of information and public affairs washington, dc 20207 for immediate release september 28, 2000 release # 00-189 halpern recall hotline: (800) 624-5280 cpsc consumer hotline: (800) 638-2772 cpsc media contact: ken giles, (301) 504-7052 cpsc, halpern import co. announce recall of cigarette lighters washington, d.c. - in cooperation with the u.s. consumer product safety commission (cpsc), halpern import co. inc., of atlanta, ga., is recalling about 350,000 disposable cigarette lighters. these lighters can burn with a high flame and can fail to extinguish, presenting fire and burn hazards. cpsc and halpern import co. have received one report of a woman who received second degree burns on her chest when the lighter failed to extinguish and ignited her clothing. the disposable cigarette lighters being recalled are oval-tube- shaped. ""turbo 2000"" is printed on the body of the lighter. the lighters have a green, red, blue, black or yellow body and a metal top. a label on the lighter reads ""child-resistant disposable lighter,"" ""keep out of reach of children,"" and ""made in china."" upc number 0 80692 05010 1 is printed on the back of the lighters. tobacco and thrift stores nationwide sold these lighters from june 1999 through may 2000 for about $1. consumers immediately should stop using these lighters and return them to the store where purchased for a refund. for more information, consumers should call halpern import co. at (800) 624-5280 between 9 a.m. and 5 p.m. et monday through friday."
5.0,"so i had a little time to spare and did inspect all 50 masks making sure there were no holes or loosely glued earloops for example. glad to say that i did not find any defects. i know, it's only 50 masks to inspect not like there were 500, lol. i supposed the material used to make these masks is very similar to those other blue disposable masks on the market. but these seem a little better quality than some of my previous masks. the white inner layer material seems a little thicker than some other brands and softer too, very comfortable on the skin. noseclip works well and is very easy to adjust, not too hard on the nose. overall, i have no problems using these disposable masks, good water wicking material and well-made as well as breathable and no funny smell. a single earloop plastic extender is included in the box as a bonus i guess. could be useful in case someone finds these masks too small but they fit my normal size l head just fine :).",b0bg56lkgj,2022-01-28,"50pcs Kids Disposable Face Masks, 3 Ply Kids Masks Disposable Colorful Cute Face masks for Children, Girls & Boys",disposable,False,0.9928,0.9928,[],"['loose', 'severe']",True,"cigarette lighters recalled by halpern import news from cpsc u.s. consumer product safety commission office of information and public affairs washington, dc 20207 for immediate release september 28, 2000 release # 00-189 halpern recall hotline: (800) 624-5280 cpsc consumer hotline: (800) 638-2772 cpsc media contact: ken giles, (301) 504-7052 cpsc, halpern import co. announce recall of cigarette lighters washington, d.c. - in cooperation with the u.s. consumer product safety commission (cpsc), halpern import co. inc., of atlanta, ga., is recalling about 350,000 disposable cigarette lighters. these lighters can burn with a high flame and can fail to extinguish, presenting fire and burn hazards. cpsc and halpern import co. have received one report of a woman who received second degree burns on her chest when the lighter failed to extinguish and ignited her clothing. the disposable cigarette lighters being recalled are oval-tube- shaped. ""turbo 2000"" is printed on the body of the lighter. the lighters have a green, red, blue, black or yellow body and a metal top. a label on the lighter reads ""child-resistant disposable lighter,"" ""keep out of reach of children,"" and ""made in china."" upc number 0 80692 05010 1 is printed on the back of the lighters. tobacco and thrift stores nationwide sold these lighters from june 1999 through may 2000 for about $1. consumers immediately should stop using these lighters and return them to the store where purchased for a refund. for more information, consumers should call halpern import co. at (800) 624-5280 between 9 a.m. and 5 p.m. et monday through friday."
5.0,"these fit well. they are standard facemasks. i like the disposable ones rather than the re-usables, for my own weird reasons.<br />as disposable masks go, these are good.<br />of course, like the rest of the world, i'm tired of masks. but if i have to wear them, these will do.<br />good comfort. good packaging. good price.",b0bg56lkgj,2022-01-21,"50pcs Kids Disposable Face Masks, 3 Ply Kids Masks Disposable Colorful Cute Face masks for Children, Girls & Boys",disposable,False,0.9538,0.9538,[],[],True,"cigarette lighters recalled by halpern import news from cpsc u.s. consumer product safety commission office of information and public affairs washington, dc 20207 for immediate release september 28, 2000 release # 00-189 halpern recall hotline: (800) 624-5280 cpsc consumer hotline: (800) 638-2772 cpsc media contact: ken giles, (301) 504-7052 cpsc, halpern import co. announce recall of cigarette lighters washington, d.c. - in cooperation with the u.s. consumer product safety commission (cpsc), halpern import co. inc., of atlanta, ga., is recalling about 350,000 disposable cigarette lighters. these lighters can burn with a high flame and can fail to extinguish, presenting fire and burn hazards. cpsc and halpern import co. have received one report of a woman who received second degree burns on her chest when the lighter failed to extinguish and ignited her clothing. the disposable cigarette lighters being recalled are oval-tube- shaped. ""turbo 2000"" is printed on the body of the lighter. the lighters have a green, red, blue, black or yellow body and a metal top. a label on the lighter reads ""child-resistant disposable lighter,"" ""keep out of reach of children,"" and ""made in china."" upc number 0 80692 05010 1 is printed on the back of the lighters. tobacco and thrift stores nationwide sold these lighters from june 1999 through may 2000 for about $1. consumers immediately should stop using these lighters and return them to the store where purchased for a refund. for more information, consumers should call halpern import co. at (800) 624-5280 between 9 a.m. and 5 p.m. et monday through friday."
5.0,it's just like those medical blue masks you see so many wearing only this is all black. it has an accordion front meaning you can pull it and it stretches out in size. the 'out of box' smell is not strong at all either. where the elastic loops are fastened to the mask look like they have a bit more reinforced than the typical mask of this type though i still staple that area for added strength.<br /><br />all-in-all a good mask.,b0bg56lkgj,2022-02-10,"50pcs Kids Disposable Face Masks, 3 Ply Kids Masks Disposable Colorful Cute Face masks for Children, Girls & Boys",disposable,False,0.6367,0.6367,[],[],True,"cigarette lighters recalled by halpern import news from cpsc u.s. consumer product safety commission office of information and public affairs washington, dc 20207 for immediate release september 28, 2000 release # 00-189 halpern recall hotline: (800) 624-5280 cpsc consumer hotline: (800) 638-2772 cpsc media contact: ken giles, (301) 504-7052 cpsc, halpern import co. announce recall of cigarette lighters washington, d.c. - in cooperation with the u.s. consumer product safety commission (cpsc), halpern import co. inc., of atlanta, ga., is recalling about 350,000 disposable cigarette lighters. these lighters can burn with a high flame and can fail to extinguish, presenting fire and burn hazards. cpsc and halpern import co. have received one report of a woman who received second degree burns on her chest when the lighter failed to extinguish and ignited her clothing. the disposable cigarette lighters being recalled are oval-tube- shaped. ""turbo 2000"" is printed on the body of the lighter. the lighters have a green, red, blue, black or yellow body and a metal top. a label on the lighter reads ""child-resistant disposable lighter,"" ""keep out of reach of children,"" and ""made in china."" upc number 0 80692 05010 1 is printed on the back of the lighters. tobacco and thrift stores nationwide sold these lighters from june 1999 through may 2000 for about $1. consumers immediately should stop using these lighters and return them to the store where purchased for a refund. for more information, consumers should call halpern import co. at (800) 624-5280 between 9 a.m. and 5 p.m. et monday through friday."
5.0,these work great for my amplifiers and they fit like a glove already bought more of these myself.,b07whfpgdf,2021-10-20,5 Pairs Copper Gold Plated 8 Gauge Strip Spade Terminal Spade Fork Adapters Connectors Plugs Crimp Barrier Spades for Speaker Wire Cable Terminal Plug - 8GA (Red and Black),adjustable,False,0.8442,0.8442,[],[],True,"april 17, 1995 release # 95-102 washington, dc - cpsc, the kmart corporation of troy, mich., is recalling 148,990 desk chairs. the chair's seat post may unexpectedly separate from the pedestal base, causing someone sitting in the chair to fall.consumers can identify the recalled chairs by kmart product code 21-86-61, item code 010218661114, printed on the outside of the retail carton. the chairs do not have an item number printed on them. the chair, which kmart sold nationwide from july 1993 to march 1995 for $29.99, was packaged unassembled in a cardboard box labeled in part ""basic designs adjustable office chair *** made in taiwan"". the gray upholstered rotary desk chair has a non-tilt seat and fixed back. the seat is attached to a five-prong metal pedestal base by a one-inch wide steel rod. there are two wheel casters on each prong of the pedestal base. the kmart corporation reported this hazard to cpsc after receiving seven reports of the seat unexpectedly detaching from the pedestal base.consumers who own these chairs should stop using them immediately and return the chairs to any k-mart store for a refund. replacement chairs will be available after may 15, 1995. consumers who need more information about this recall should contact any kmart store"
5.0,"the first thing i noticed is that the box these came in isn't marked with an certification like ""iso 13485-2016"" or ""gb2626-2019"". that's a little discomforting. i have other masks from the same manufacturer and the box is marked ""iso 9001; iso 13485-2016"". does that mean a different package design or something else? other than that, these seem to be like all the other little blue disposable masks.",b0bg56lkgj,2022-01-27,"50pcs Kids Disposable Face Masks, 3 Ply Kids Masks Disposable Colorful Cute Face masks for Children, Girls & Boys",disposable,False,0.4005,0.4005,[],[],True,"cigarette lighters recalled by halpern import news from cpsc u.s. consumer product safety commission office of information and public affairs washington, dc 20207 for immediate release september 28, 2000 release # 00-189 halpern recall hotline: (800) 624-5280 cpsc consumer hotline: (800) 638-2772 cpsc media contact: ken giles, (301) 504-7052 cpsc, halpern import co. announce recall of cigarette lighters washington, d.c. - in cooperation with the u.s. consumer product safety commission (cpsc), halpern import co. inc., of atlanta, ga., is recalling about 350,000 disposable cigarette lighters. these lighters can burn with a high flame and can fail to extinguish, presenting fire and burn hazards. cpsc and halpern import co. have received one report of a woman who received second degree burns on her chest when the lighter failed to extinguish and ignited her clothing. the disposable cigarette lighters being recalled are oval-tube- shaped. ""turbo 2000"" is printed on the body of the lighter. the lighters have a green, red, blue, black or yellow body and a metal top. a label on the lighter reads ""child-resistant disposable lighter,"" ""keep out of reach of children,"" and ""made in china."" upc number 0 80692 05010 1 is printed on the back of the lighters. tobacco and thrift stores nationwide sold these lighters from june 1999 through may 2000 for about $1. consumers immediately should stop using these lighters and return them to the store where purchased for a refund. for more information, consumers should call halpern import co. at (800) 624-5280 between 9 a.m. and 5 p.m. et monday through friday."
1.0,the part didn't fit my car and ya'll didn't send all of my money,b087ztjplh,2021-05-09,ANPART Replaces 512446 Wheel Axle Bearing and Hub Assembly fit for 2010-2015 For Chevy Cruze 2010-2015 For Chevy Cruze 2016 For Chevy Cruze Limited Rear 5 Lugs W/ABS Wheel Hub and Bearing Kit(2 PCS),adjustable,False,-0.2755,-0.2755,[],[],True,"april 17, 1995 release # 95-102 washington, dc - cpsc, the kmart corporation of troy, mich., is recalling 148,990 desk chairs. the chair's seat post may unexpectedly separate from the pedestal base, causing someone sitting in the chair to fall.consumers can identify the recalled chairs by kmart product code 21-86-61, item code 010218661114, printed on the outside of the retail carton. the chairs do not have an item number printed on them. the chair, which kmart sold nationwide from july 1993 to march 1995 for $29.99, was packaged unassembled in a cardboard box labeled in part ""basic designs adjustable office chair *** made in taiwan"". the gray upholstered rotary desk chair has a non-tilt seat and fixed back. the seat is attached to a five-prong metal pedestal base by a one-inch wide steel rod. there are two wheel casters on each prong of the pedestal base. the kmart corporation reported this hazard to cpsc after receiving seven reports of the seat unexpectedly detaching from the pedestal base.consumers who own these chairs should stop using them immediately and return the chairs to any k-mart store for a refund. replacement chairs will be available after may 15, 1995. consumers who need more information about this recall should contact any kmart store"
5.0,"easy to breathe, they feel soft, well made, i really recommend them.",b0bg56lkgj,2022-03-10,"50pcs Kids Disposable Face Masks, 3 Ply Kids Masks Disposable Colorful Cute Face masks for Children, Girls & Boys",disposable,False,0.7778,0.7778,[],['loose'],True,"cigarette lighters recalled by halpern import news from cpsc u.s. consumer product safety commission office of information and public affairs washington, dc 20207 for immediate release september 28, 2000 release # 00-189 halpern recall hotline: (800) 624-5280 cpsc consumer hotline: (800) 638-2772 cpsc media contact: ken giles, (301) 504-7052 cpsc, halpern import co. announce recall of cigarette lighters washington, d.c. - in cooperation with the u.s. consumer product safety commission (cpsc), halpern import co. inc., of atlanta, ga., is recalling about 350,000 disposable cigarette lighters. these lighters can burn with a high flame and can fail to extinguish, presenting fire and burn hazards. cpsc and halpern import co. have received one report of a woman who received second degree burns on her chest when the lighter failed to extinguish and ignited her clothing. the disposable cigarette lighters being recalled are oval-tube- shaped. ""turbo 2000"" is printed on the body of the lighter. the lighters have a green, red, blue, black or yellow body and a metal top. a label on the lighter reads ""child-resistant disposable lighter,"" ""keep out of reach of children,"" and ""made in china."" upc number 0 80692 05010 1 is printed on the back of the lighters. tobacco and thrift stores nationwide sold these lighters from june 1999 through may 2000 for about $1. consumers immediately should stop using these lighters and return them to the store where purchased for a refund. for more information, consumers should call halpern import co. at (800) 624-5280 between 9 a.m. and 5 p.m. et monday through friday."
5.0,very good value. its for professionals,b01d30z0ye,2017-03-29,Extech EX655 True RMS 600A Clamp Meter with NCV and Temperature Measurements,ex655,False,0.707,0.707,[],[],True,"this recall involves extech digital clamp meters with model numbers ex650, ex655, ma160, ma61, and ma63. these models are all ac/dc clamp meters, which are electrical testing devices that measure ac/dc voltage, resistance, capacitance, frequency, temperature, continuity, and diode. serial numbers in the following format are included in the recall: r15xxxxxxx to r17xxxxxxx. only serial numbers in this range are included in the recall. the ""extech"" logo and the model number are printed on the front of the unit and the serial number on the back. the digital clamp meters are green and orange."
1.0,it stop working after 6 months and they don't reply to your email or messages i wouldn't buy nothing again for them. no warranty on any parts.,b083r9p227,2021-03-24,OCPTY Right Running Board Motor Electric Step Power Front Passenger side 07 08 09 10 11 12 13 14 Compatible with 25971283,adjustable,False,-0.5267,-0.5267,[],[],True,"april 17, 1995 release # 95-102 washington, dc - cpsc, the kmart corporation of troy, mich., is recalling 148,990 desk chairs. the chair's seat post may unexpectedly separate from the pedestal base, causing someone sitting in the chair to fall.consumers can identify the recalled chairs by kmart product code 21-86-61, item code 010218661114, printed on the outside of the retail carton. the chairs do not have an item number printed on them. the chair, which kmart sold nationwide from july 1993 to march 1995 for $29.99, was packaged unassembled in a cardboard box labeled in part ""basic designs adjustable office chair *** made in taiwan"". the gray upholstered rotary desk chair has a non-tilt seat and fixed back. the seat is attached to a five-prong metal pedestal base by a one-inch wide steel rod. there are two wheel casters on each prong of the pedestal base. the kmart corporation reported this hazard to cpsc after receiving seven reports of the seat unexpectedly detaching from the pedestal base.consumers who own these chairs should stop using them immediately and return the chairs to any k-mart store for a refund. replacement chairs will be available after may 15, 1995. consumers who need more information about this recall should contact any kmart store"
3.0,"they are yellow and not clear, so when you splice a piece of film the yellow is much more noticeable going through the projector than if it were clear like others i've used. hard to line up evenly enough so it will go through the projector. should have kept my tape splicer that i misplaced years ago.",b0b27yrg7w,2022-09-14,"Ckuakiwu Splice Tape Double Face Rectangular 8mm Film Joining Splicing Tape Using Rest Components,Double Face Splice Tape",adjustable,False,0.3645,0.3645,[],"['severe', 'crack']",True,"april 17, 1995 release # 95-102 washington, dc - cpsc, the kmart corporation of troy, mich., is recalling 148,990 desk chairs. the chair's seat post may unexpectedly separate from the pedestal base, causing someone sitting in the chair to fall.consumers can identify the recalled chairs by kmart product code 21-86-61, item code 010218661114, printed on the outside of the retail carton. the chairs do not have an item number printed on them. the chair, which kmart sold nationwide from july 1993 to march 1995 for $29.99, was packaged unassembled in a cardboard box labeled in part ""basic designs adjustable office chair *** made in taiwan"". the gray upholstered rotary desk chair has a non-tilt seat and fixed back. the seat is attached to a five-prong metal pedestal base by a one-inch wide steel rod. there are two wheel casters on each prong of the pedestal base. the kmart corporation reported this hazard to cpsc after receiving seven reports of the seat unexpectedly detaching from the pedestal base.consumers who own these chairs should stop using them immediately and return the chairs to any k-mart store for a refund. replacement chairs will be available after may 15, 1995. consumers who need more information about this recall should contact any kmart store"
2.0,"i used this to strip paint off an old vise to repaint it, but it did nothing but disappoint. i had it chucked in an electric drill spinning at 2,500rpm and it barely removed the paint (not powder coating). i used a wire brush instead and that worked better. i won't buy these again, and not just from this manufacturer, but just in general. rather useless.",b00004yyde,2015-03-01,Dico 541-775-3/4 Nyalox End Brush 3/4-Inch Grey 80 Grit,7200025,False,0.4655,0.4655,[],[],True,"the recalled product is the nexgrill model 720-0025 gas grill. the stainless steel grill is designed to be used with propane gas. the name of the grill is located at the left corner of the exterior of the main burner lid. the serial number is printed on the csa sticker, which is located behind the door. a temperature gauge is located at the center of the main burner lid."
5.0,awesome hand truck! couldn't beat the price. this is a very sturdy and easy to maneuver dolly.,b00ln60r94,2015-11-26,"Harper BKTAK19 Super Steel P-Handle Hand Truck, 600 lb.",bktak19,False,0.8947,0.8947,[],['loose'],True,"this recall involves harper trucks hand trucks with model numbers and type of wheels listed below. ""harper truck"" and the model number can be found on an adhesive sticker on the hand truck frame's cross member. hand trucks with two-piece, grey metal wheels are not included in this recall. model number type of handle type of wheel k52k16 p handle 1-piece, composite jedtk1935p dual hand/platform truck (convertible) 3-piece, four bolt, metal/chrome plated 51tk19 dual handles 3-piece, four bolt, metal/chrome plated bktak19 p handle 3-piece, four bolt, metal/chrome plated pgcsk19blk dual hand 3-piece, four bolt, metal/chrome plated"
3.0,not very effective - back to using wire brushes for removing paint and rust scale,b00004yyde,2015-08-03,Dico 541-775-3/4 Nyalox End Brush 3/4-Inch Grey 80 Grit,7200025,False,-0.4158,-0.4158,[],[],True,"the recalled product is the nexgrill model 720-0025 gas grill. the stainless steel grill is designed to be used with propane gas. the name of the grill is located at the left corner of the exterior of the main burner lid. the serial number is printed on the csa sticker, which is located behind the door. a temperature gauge is located at the center of the main burner lid."
5.0,very comfortable to wear and they have good straps which don’t cause pain behind the ears.,b0bg56lkgj,2022-01-17,"50pcs Kids Disposable Face Masks, 3 Ply Kids Masks Disposable Colorful Cute Face masks for Children, Girls & Boys",disposable,False,0.4927,0.4927,[],['pain'],True,"cigarette lighters recalled by halpern import news from cpsc u.s. consumer product safety commission office of information and public affairs washington, dc 20207 for immediate release september 28, 2000 release # 00-189 halpern recall hotline: (800) 624-5280 cpsc consumer hotline: (800) 638-2772 cpsc media contact: ken giles, (301) 504-7052 cpsc, halpern import co. announce recall of cigarette lighters washington, d.c. - in cooperation with the u.s. consumer product safety commission (cpsc), halpern import co. inc., of atlanta, ga., is recalling about 350,000 disposable cigarette lighters. these lighters can burn with a high flame and can fail to extinguish, presenting fire and burn hazards. cpsc and halpern import co. have received one report of a woman who received second degree burns on her chest when the lighter failed to extinguish and ignited her clothing. the disposable cigarette lighters being recalled are oval-tube- shaped. ""turbo 2000"" is printed on the body of the lighter. the lighters have a green, red, blue, black or yellow body and a metal top. a label on the lighter reads ""child-resistant disposable lighter,"" ""keep out of reach of children,"" and ""made in china."" upc number 0 80692 05010 1 is printed on the back of the lighters. tobacco and thrift stores nationwide sold these lighters from june 1999 through may 2000 for about $1. consumers immediately should stop using these lighters and return them to the store where purchased for a refund. for more information, consumers should call halpern import co. at (800) 624-5280 between 9 a.m. and 5 p.m. et monday through friday."
4.0,everyday wear,b0bg56lkgj,2022-03-01,"50pcs Kids Disposable Face Masks, 3 Ply Kids Masks Disposable Colorful Cute Face masks for Children, Girls & Boys",disposable,False,0.0,0.0,[],[],True,"cigarette lighters recalled by halpern import news from cpsc u.s. consumer product safety commission office of information and public affairs washington, dc 20207 for immediate release september 28, 2000 release # 00-189 halpern recall hotline: (800) 624-5280 cpsc consumer hotline: (800) 638-2772 cpsc media contact: ken giles, (301) 504-7052 cpsc, halpern import co. announce recall of cigarette lighters washington, d.c. - in cooperation with the u.s. consumer product safety commission (cpsc), halpern import co. inc., of atlanta, ga., is recalling about 350,000 disposable cigarette lighters. these lighters can burn with a high flame and can fail to extinguish, presenting fire and burn hazards. cpsc and halpern import co. have received one report of a woman who received second degree burns on her chest when the lighter failed to extinguish and ignited her clothing. the disposable cigarette lighters being recalled are oval-tube- shaped. ""turbo 2000"" is printed on the body of the lighter. the lighters have a green, red, blue, black or yellow body and a metal top. a label on the lighter reads ""child-resistant disposable lighter,"" ""keep out of reach of children,"" and ""made in china."" upc number 0 80692 05010 1 is printed on the back of the lighters. tobacco and thrift stores nationwide sold these lighters from june 1999 through may 2000 for about $1. consumers immediately should stop using these lighters and return them to the store where purchased for a refund. for more information, consumers should call halpern import co. at (800) 624-5280 between 9 a.m. and 5 p.m. et monday through friday."
3.0,the inside of the mask is too fuzzy making it uncomfortable to wear at work.,b0bg56lkgj,2022-06-05,"50pcs Kids Disposable Face Masks, 3 Ply Kids Masks Disposable Colorful Cute Face masks for Children, Girls & Boys",disposable,False,-0.3818,-0.3818,[],[],True,"cigarette lighters recalled by halpern import news from cpsc u.s. consumer product safety commission office of information and public affairs washington, dc 20207 for immediate release september 28, 2000 release # 00-189 halpern recall hotline: (800) 624-5280 cpsc consumer hotline: (800) 638-2772 cpsc media contact: ken giles, (301) 504-7052 cpsc, halpern import co. announce recall of cigarette lighters washington, d.c. - in cooperation with the u.s. consumer product safety commission (cpsc), halpern import co. inc., of atlanta, ga., is recalling about 350,000 disposable cigarette lighters. these lighters can burn with a high flame and can fail to extinguish, presenting fire and burn hazards. cpsc and halpern import co. have received one report of a woman who received second degree burns on her chest when the lighter failed to extinguish and ignited her clothing. the disposable cigarette lighters being recalled are oval-tube- shaped. ""turbo 2000"" is printed on the body of the lighter. the lighters have a green, red, blue, black or yellow body and a metal top. a label on the lighter reads ""child-resistant disposable lighter,"" ""keep out of reach of children,"" and ""made in china."" upc number 0 80692 05010 1 is printed on the back of the lighters. tobacco and thrift stores nationwide sold these lighters from june 1999 through may 2000 for about $1. consumers immediately should stop using these lighters and return them to the store where purchased for a refund. for more information, consumers should call halpern import co. at (800) 624-5280 between 9 a.m. and 5 p.m. et monday through friday."
1.0,the picture is inaccurate. i was looking for something to use in a die grinder that uses things with a 1/4 inch round shaft. the description says shank size: 1/4&#34; and the picture shows a round shaft. what i received is a 1/4 inch hex shaft like you would put in a impact driver or drill.,b00004yyde,2018-03-30,Dico 541-775-3/4 Nyalox End Brush 3/4-Inch Grey 80 Grit,7200025,False,-0.34,-0.34,[],"['shock', 'impact']",True,"the recalled product is the nexgrill model 720-0025 gas grill. the stainless steel grill is designed to be used with propane gas. the name of the grill is located at the left corner of the exterior of the main burner lid. the serial number is printed on the csa sticker, which is located behind the door. a temperature gauge is located at the center of the main burner lid."
5.0,"i usually have reusable mask, but on the fly or when we have extra guests in the house or vehicle, i like i can hand them one and feel good.<br />theyre comfortable and dont' make the back of my ear sore. i wore them for eight hours and they were easy to breath through especially since i climbed steps and i didn't have to reseat them after talking like others. so that's good .",b0bg56lkgj,2022-03-01,"50pcs Kids Disposable Face Masks, 3 Ply Kids Masks Disposable Colorful Cute Face masks for Children, Girls & Boys",disposable,False,0.9687,0.9687,[],['loose'],True,"cigarette lighters recalled by halpern import news from cpsc u.s. consumer product safety commission office of information and public affairs washington, dc 20207 for immediate release september 28, 2000 release # 00-189 halpern recall hotline: (800) 624-5280 cpsc consumer hotline: (800) 638-2772 cpsc media contact: ken giles, (301) 504-7052 cpsc, halpern import co. announce recall of cigarette lighters washington, d.c. - in cooperation with the u.s. consumer product safety commission (cpsc), halpern import co. inc., of atlanta, ga., is recalling about 350,000 disposable cigarette lighters. these lighters can burn with a high flame and can fail to extinguish, presenting fire and burn hazards. cpsc and halpern import co. have received one report of a woman who received second degree burns on her chest when the lighter failed to extinguish and ignited her clothing. the disposable cigarette lighters being recalled are oval-tube- shaped. ""turbo 2000"" is printed on the body of the lighter. the lighters have a green, red, blue, black or yellow body and a metal top. a label on the lighter reads ""child-resistant disposable lighter,"" ""keep out of reach of children,"" and ""made in china."" upc number 0 80692 05010 1 is printed on the back of the lighters. tobacco and thrift stores nationwide sold these lighters from june 1999 through may 2000 for about $1. consumers immediately should stop using these lighters and return them to the store where purchased for a refund. for more information, consumers should call halpern import co. at (800) 624-5280 between 9 a.m. and 5 p.m. et monday through friday."
5.0,"comfortable and great fitting, these masks are very unobtrusive.  breathing through them is easy, and i don't think they would hinder vigorous physical activity.  the jet black color looks cool and is a nice change from blue or white.  ear loops have gentle elasticity that holds the mask securely without irritating my ears.  the bendable nose clip conforms to my contour and holds its shape.  multiple layers offer enhanced protection over cloth or cheapo masks.  everything about these masks seems high quality.  they are disposable, but durable enough for multiple and prolonged uses if one chooses.",b0bg56lkgj,2022-01-10,"50pcs Kids Disposable Face Masks, 3 Ply Kids Masks Disposable Colorful Cute Face masks for Children, Girls & Boys",disposable,False,0.8907,0.8907,[],"['fatal', 'crack']",True,"cigarette lighters recalled by halpern import news from cpsc u.s. consumer product safety commission office of information and public affairs washington, dc 20207 for immediate release september 28, 2000 release # 00-189 halpern recall hotline: (800) 624-5280 cpsc consumer hotline: (800) 638-2772 cpsc media contact: ken giles, (301) 504-7052 cpsc, halpern import co. announce recall of cigarette lighters washington, d.c. - in cooperation with the u.s. consumer product safety commission (cpsc), halpern import co. inc., of atlanta, ga., is recalling about 350,000 disposable cigarette lighters. these lighters can burn with a high flame and can fail to extinguish, presenting fire and burn hazards. cpsc and halpern import co. have received one report of a woman who received second degree burns on her chest when the lighter failed to extinguish and ignited her clothing. the disposable cigarette lighters being recalled are oval-tube- shaped. ""turbo 2000"" is printed on the body of the lighter. the lighters have a green, red, blue, black or yellow body and a metal top. a label on the lighter reads ""child-resistant disposable lighter,"" ""keep out of reach of children,"" and ""made in china."" upc number 0 80692 05010 1 is printed on the back of the lighters. tobacco and thrift stores nationwide sold these lighters from june 1999 through may 2000 for about $1. consumers immediately should stop using these lighters and return them to the store where purchased for a refund. for more information, consumers should call halpern import co. at (800) 624-5280 between 9 a.m. and 5 p.m. et monday through friday."
5.0,i love that these mask are individually wrapped! makes them easy to store in the car or in backpacks without them getting dirty or torn. they last all day on my 4 and 6 year old boys. will definitely be ordering more.,b0bg56lkgj,2022-02-10,"50pcs Kids Disposable Face Masks, 3 Ply Kids Masks Disposable Colorful Cute Face masks for Children, Girls & Boys",disposable,False,0.8885,0.8885,[],['loose'],True,"cigarette lighters recalled by halpern import news from cpsc u.s. consumer product safety commission office of information and public affairs washington, dc 20207 for immediate release september 28, 2000 release # 00-189 halpern recall hotline: (800) 624-5280 cpsc consumer hotline: (800) 638-2772 cpsc media contact: ken giles, (301) 504-7052 cpsc, halpern import co. announce recall of cigarette lighters washington, d.c. - in cooperation with the u.s. consumer product safety commission (cpsc), halpern import co. inc., of atlanta, ga., is recalling about 350,000 disposable cigarette lighters. these lighters can burn with a high flame and can fail to extinguish, presenting fire and burn hazards. cpsc and halpern import co. have received one report of a woman who received second degree burns on her chest when the lighter failed to extinguish and ignited her clothing. the disposable cigarette lighters being recalled are oval-tube- shaped. ""turbo 2000"" is printed on the body of the lighter. the lighters have a green, red, blue, black or yellow body and a metal top. a label on the lighter reads ""child-resistant disposable lighter,"" ""keep out of reach of children,"" and ""made in china."" upc number 0 80692 05010 1 is printed on the back of the lighters. tobacco and thrift stores nationwide sold these lighters from june 1999 through may 2000 for about $1. consumers immediately should stop using these lighters and return them to the store where purchased for a refund. for more information, consumers should call halpern import co. at (800) 624-5280 between 9 a.m. and 5 p.m. et monday through friday."
5.0,"we've all bought a ton of these face masks over the past two years. these are pretty indistinguishable from all the others. i'm actually not sure if i've tested one for more than a few minutes because i pulled one out of the box, tried it on (it was fine), put it down, and then forgot which one it was. it looks and feels like the rest. at first i thought the nose wire was weaker, maybe shorter, but that's probably false because i can't tell which one came from this box of masks.",b0bg56lkgj,2022-01-27,"50pcs Kids Disposable Face Masks, 3 Ply Kids Masks Disposable Colorful Cute Face masks for Children, Girls & Boys",disposable,False,0.2069,0.2069,[],[],True,"cigarette lighters recalled by halpern import news from cpsc u.s. consumer product safety commission office of information and public affairs washington, dc 20207 for immediate release september 28, 2000 release # 00-189 halpern recall hotline: (800) 624-5280 cpsc consumer hotline: (800) 638-2772 cpsc media contact: ken giles, (301) 504-7052 cpsc, halpern import co. announce recall of cigarette lighters washington, d.c. - in cooperation with the u.s. consumer product safety commission (cpsc), halpern import co. inc., of atlanta, ga., is recalling about 350,000 disposable cigarette lighters. these lighters can burn with a high flame and can fail to extinguish, presenting fire and burn hazards. cpsc and halpern import co. have received one report of a woman who received second degree burns on her chest when the lighter failed to extinguish and ignited her clothing. the disposable cigarette lighters being recalled are oval-tube- shaped. ""turbo 2000"" is printed on the body of the lighter. the lighters have a green, red, blue, black or yellow body and a metal top. a label on the lighter reads ""child-resistant disposable lighter,"" ""keep out of reach of children,"" and ""made in china."" upc number 0 80692 05010 1 is printed on the back of the lighters. tobacco and thrift stores nationwide sold these lighters from june 1999 through may 2000 for about $1. consumers immediately should stop using these lighters and return them to the store where purchased for a refund. for more information, consumers should call halpern import co. at (800) 624-5280 between 9 a.m. and 5 p.m. et monday through friday."
1.0,"i searched amazon thoroughly for gold plated, crimp spade connectors for my wharfedale speakers. i finally chose this product, despite my reservation that the spade dimensions were not shown. unfortunately they are much too small and simply don't fit my speaker terminals. they are also very flimsy, and not copper! i heavily sanded one of them and didn't see any copper at all.",b07whfpgdf,2021-04-01,5 Pairs Copper Gold Plated 8 Gauge Strip Spade Terminal Spade Fork Adapters Connectors Plugs Crimp Barrier Spades for Speaker Wire Cable Terminal Plug - 8GA (Red and Black),adjustable,False,0.2306,0.2306,[],[],True,"april 17, 1995 release # 95-102 washington, dc - cpsc, the kmart corporation of troy, mich., is recalling 148,990 desk chairs. the chair's seat post may unexpectedly separate from the pedestal base, causing someone sitting in the chair to fall.consumers can identify the recalled chairs by kmart product code 21-86-61, item code 010218661114, printed on the outside of the retail carton. the chairs do not have an item number printed on them. the chair, which kmart sold nationwide from july 1993 to march 1995 for $29.99, was packaged unassembled in a cardboard box labeled in part ""basic designs adjustable office chair *** made in taiwan"". the gray upholstered rotary desk chair has a non-tilt seat and fixed back. the seat is attached to a five-prong metal pedestal base by a one-inch wide steel rod. there are two wheel casters on each prong of the pedestal base. the kmart corporation reported this hazard to cpsc after receiving seven reports of the seat unexpectedly detaching from the pedestal base.consumers who own these chairs should stop using them immediately and return the chairs to any k-mart store for a refund. replacement chairs will be available after may 15, 1995. consumers who need more information about this recall should contact any kmart store"
5.0,it fit great and best part it cost less than an auto parts store.,b07xr7kfc6,2019-12-06,OCPTY Engine Oil Pan fits 1995-1999 2002-2004 Legacy Oil Drain Pan 1998-2004 for Beetle Compatible with 264-701 Oil Pan Gasket,adjustable,False,0.8957,0.8957,[],[],True,"april 17, 1995 release # 95-102 washington, dc - cpsc, the kmart corporation of troy, mich., is recalling 148,990 desk chairs. the chair's seat post may unexpectedly separate from the pedestal base, causing someone sitting in the chair to fall.consumers can identify the recalled chairs by kmart product code 21-86-61, item code 010218661114, printed on the outside of the retail carton. the chairs do not have an item number printed on them. the chair, which kmart sold nationwide from july 1993 to march 1995 for $29.99, was packaged unassembled in a cardboard box labeled in part ""basic designs adjustable office chair *** made in taiwan"". the gray upholstered rotary desk chair has a non-tilt seat and fixed back. the seat is attached to a five-prong metal pedestal base by a one-inch wide steel rod. there are two wheel casters on each prong of the pedestal base. the kmart corporation reported this hazard to cpsc after receiving seven reports of the seat unexpectedly detaching from the pedestal base.consumers who own these chairs should stop using them immediately and return the chairs to any k-mart store for a refund. replacement chairs will be available after may 15, 1995. consumers who need more information about this recall should contact any kmart store"
3.0,"the delivery was great. however, the timing belt in the kit was the wrong size.<br />  i had to buy one through a local parts store.",b086kvydy5,2020-11-14,LUJUNTEC Timing Belt Kits for 1996-1997 for Acura SLX 1996-1997 for Honda Passport 1995-1997 for Isuzu Rodeo 1995-1997 for Isuzu Trooper,adjustable,False,0.0688,0.0688,[],"['damage', 'faulty']",True,"april 17, 1995 release # 95-102 washington, dc - cpsc, the kmart corporation of troy, mich., is recalling 148,990 desk chairs. the chair's seat post may unexpectedly separate from the pedestal base, causing someone sitting in the chair to fall.consumers can identify the recalled chairs by kmart product code 21-86-61, item code 010218661114, printed on the outside of the retail carton. the chairs do not have an item number printed on them. the chair, which kmart sold nationwide from july 1993 to march 1995 for $29.99, was packaged unassembled in a cardboard box labeled in part ""basic designs adjustable office chair *** made in taiwan"". the gray upholstered rotary desk chair has a non-tilt seat and fixed back. the seat is attached to a five-prong metal pedestal base by a one-inch wide steel rod. there are two wheel casters on each prong of the pedestal base. the kmart corporation reported this hazard to cpsc after receiving seven reports of the seat unexpectedly detaching from the pedestal base.consumers who own these chairs should stop using them immediately and return the chairs to any k-mart store for a refund. replacement chairs will be available after may 15, 1995. consumers who need more information about this recall should contact any kmart store"
5.0,easy and convenient to buy online. breathable!,b0bg56lkgj,2022-03-31,"50pcs Kids Disposable Face Masks, 3 Ply Kids Masks Disposable Colorful Cute Face masks for Children, Girls & Boys",disposable,False,0.4926,0.4926,[],['loose'],True,"cigarette lighters recalled by halpern import news from cpsc u.s. consumer product safety commission office of information and public affairs washington, dc 20207 for immediate release september 28, 2000 release # 00-189 halpern recall hotline: (800) 624-5280 cpsc consumer hotline: (800) 638-2772 cpsc media contact: ken giles, (301) 504-7052 cpsc, halpern import co. announce recall of cigarette lighters washington, d.c. - in cooperation with the u.s. consumer product safety commission (cpsc), halpern import co. inc., of atlanta, ga., is recalling about 350,000 disposable cigarette lighters. these lighters can burn with a high flame and can fail to extinguish, presenting fire and burn hazards. cpsc and halpern import co. have received one report of a woman who received second degree burns on her chest when the lighter failed to extinguish and ignited her clothing. the disposable cigarette lighters being recalled are oval-tube- shaped. ""turbo 2000"" is printed on the body of the lighter. the lighters have a green, red, blue, black or yellow body and a metal top. a label on the lighter reads ""child-resistant disposable lighter,"" ""keep out of reach of children,"" and ""made in china."" upc number 0 80692 05010 1 is printed on the back of the lighters. tobacco and thrift stores nationwide sold these lighters from june 1999 through may 2000 for about $1. consumers immediately should stop using these lighters and return them to the store where purchased for a refund. for more information, consumers should call halpern import co. at (800) 624-5280 between 9 a.m. and 5 p.m. et monday through friday."
5.0,just what i needed to hook up my sound system in my car. price was ideal.,b07whfpgdf,2021-03-25,5 Pairs Copper Gold Plated 8 Gauge Strip Spade Terminal Spade Fork Adapters Connectors Plugs Crimp Barrier Spades for Speaker Wire Cable Terminal Plug - 8GA (Red and Black),adjustable,False,0.5267,0.5267,[],[],True,"april 17, 1995 release # 95-102 washington, dc - cpsc, the kmart corporation of troy, mich., is recalling 148,990 desk chairs. the chair's seat post may unexpectedly separate from the pedestal base, causing someone sitting in the chair to fall.consumers can identify the recalled chairs by kmart product code 21-86-61, item code 010218661114, printed on the outside of the retail carton. the chairs do not have an item number printed on them. the chair, which kmart sold nationwide from july 1993 to march 1995 for $29.99, was packaged unassembled in a cardboard box labeled in part ""basic designs adjustable office chair *** made in taiwan"". the gray upholstered rotary desk chair has a non-tilt seat and fixed back. the seat is attached to a five-prong metal pedestal base by a one-inch wide steel rod. there are two wheel casters on each prong of the pedestal base. the kmart corporation reported this hazard to cpsc after receiving seven reports of the seat unexpectedly detaching from the pedestal base.consumers who own these chairs should stop using them immediately and return the chairs to any k-mart store for a refund. replacement chairs will be available after may 15, 1995. consumers who need more information about this recall should contact any kmart store"
5.0,hubbell makes a nice product. would buy from again!,b00n1vp0ci,2018-04-22,"Hubbell CS6361C Locking Plug, 50 amp, 125V, 2 Pole and 3 Wire",cs6361c,False,0.4753,0.4753,[],[],True,"this recall involves leviton 50-ampere, non-nema electrical connectors, plugs, receptacles and inlet attachment devices. the recalled connection devices are used to transmit power to electrical equipment that is not hard-wired to a power source. leviton is printed on the devices. date codes can be found on the back cover of connectors and plugs, the side housing of receptacles and inlets, and on the label of each box. the recall includes the following model/catalog numbers and date codes: catalog numbers date codes 3762c cs6365c 1e19c0 1i19c0 3763c cs6365w 1e29c0 1i29c0 3764c cs6369 1e39c0 1i39c0 3765c cs6370 1e49c0 1i49c0 3769 cs6375 1e59c0 1i59c0 3771 cs6377 1f19c0 1j19c0 3775 cs8264c 1f29c0 1j29c0 3777 cs8265c 1f39c0 1j39c0 6360cr cs8269 1f49c0 1j49c0 6364cr cs8275 1g19c0 1k19c0 6365cr cs8464c 1g29c0 1k29c0 6369cr cs8465c 1g39c0 1k39c0 6370cr cs8469 1g49c0 1k49c0 6375cr cs8164c 1h19c0 1k59c0 7379 cs8165c 1h29c0 1l19c0 7764c cs8169 1h39c0 1l29c0 7765c cs8175 1h49c0 7958 cs8364c cs6360c cs8365c cs6361c cs8369 cs6364c cs837-410-5w1 cs6364w cs8375 only electrical connectors without a blue dot on the device and packaging are included in this recall."
5.0,these blue disposable face masks are individually wrapped and good for carrying around without worry that they’ll get dirty. the masks have 3 layer protection but these are not considered medical grade. overall good fit and comfortable ear loops,b0bg56lkgj,2022-01-16,"50pcs Kids Disposable Face Masks, 3 Ply Kids Masks Disposable Colorful Cute Face masks for Children, Girls & Boys",disposable,False,0.9225,0.9225,[],[],True,"cigarette lighters recalled by halpern import news from cpsc u.s. consumer product safety commission office of information and public affairs washington, dc 20207 for immediate release september 28, 2000 release # 00-189 halpern recall hotline: (800) 624-5280 cpsc consumer hotline: (800) 638-2772 cpsc media contact: ken giles, (301) 504-7052 cpsc, halpern import co. announce recall of cigarette lighters washington, d.c. - in cooperation with the u.s. consumer product safety commission (cpsc), halpern import co. inc., of atlanta, ga., is recalling about 350,000 disposable cigarette lighters. these lighters can burn with a high flame and can fail to extinguish, presenting fire and burn hazards. cpsc and halpern import co. have received one report of a woman who received second degree burns on her chest when the lighter failed to extinguish and ignited her clothing. the disposable cigarette lighters being recalled are oval-tube- shaped. ""turbo 2000"" is printed on the body of the lighter. the lighters have a green, red, blue, black or yellow body and a metal top. a label on the lighter reads ""child-resistant disposable lighter,"" ""keep out of reach of children,"" and ""made in china."" upc number 0 80692 05010 1 is printed on the back of the lighters. tobacco and thrift stores nationwide sold these lighters from june 1999 through may 2000 for about $1. consumers immediately should stop using these lighters and return them to the store where purchased for a refund. for more information, consumers should call halpern import co. at (800) 624-5280 between 9 a.m. and 5 p.m. et monday through friday."
5.0,"this part did the trick. despite lack of specs for my particular honda engine size, this part went in perfectly and she started up again first time. be sure to pull the hose mounting bracket off your old starter before you put the new one in!",b07zh5rpzp,2020-07-03,INEEDUP 17729 Starter Starter Motor Replacement For 1998-1999 Acura CL 1998-2002 Honda Accord 1998 Honda Odyssey 1998-1999 Isuzu Oasis,adjustable,False,0.8203,0.8203,[],[],True,"april 17, 1995 release # 95-102 washington, dc - cpsc, the kmart corporation of troy, mich., is recalling 148,990 desk chairs. the chair's seat post may unexpectedly separate from the pedestal base, causing someone sitting in the chair to fall.consumers can identify the recalled chairs by kmart product code 21-86-61, item code 010218661114, printed on the outside of the retail carton. the chairs do not have an item number printed on them. the chair, which kmart sold nationwide from july 1993 to march 1995 for $29.99, was packaged unassembled in a cardboard box labeled in part ""basic designs adjustable office chair *** made in taiwan"". the gray upholstered rotary desk chair has a non-tilt seat and fixed back. the seat is attached to a five-prong metal pedestal base by a one-inch wide steel rod. there are two wheel casters on each prong of the pedestal base. the kmart corporation reported this hazard to cpsc after receiving seven reports of the seat unexpectedly detaching from the pedestal base.consumers who own these chairs should stop using them immediately and return the chairs to any k-mart store for a refund. replacement chairs will be available after may 15, 1995. consumers who need more information about this recall should contact any kmart store"
4.0,"these masks work well, but straight out of the package they had a bad odor. it wasn't exactly something i wanted to place over my nose. i left them open and let them air out and the original smell dissipated. thank goodness! they work great for grab-n-go when you're going somewhere that requires you to wear a mask.",b0bg56lkgj,2022-02-27,"50pcs Kids Disposable Face Masks, 3 Ply Kids Masks Disposable Colorful Cute Face masks for Children, Girls & Boys",disposable,False,0.9359,0.9359,[],"['loose', 'defective']",True,"cigarette lighters recalled by halpern import news from cpsc u.s. consumer product safety commission office of information and public affairs washington, dc 20207 for immediate release september 28, 2000 release # 00-189 halpern recall hotline: (800) 624-5280 cpsc consumer hotline: (800) 638-2772 cpsc media contact: ken giles, (301) 504-7052 cpsc, halpern import co. announce recall of cigarette lighters washington, d.c. - in cooperation with the u.s. consumer product safety commission (cpsc), halpern import co. inc., of atlanta, ga., is recalling about 350,000 disposable cigarette lighters. these lighters can burn with a high flame and can fail to extinguish, presenting fire and burn hazards. cpsc and halpern import co. have received one report of a woman who received second degree burns on her chest when the lighter failed to extinguish and ignited her clothing. the disposable cigarette lighters being recalled are oval-tube- shaped. ""turbo 2000"" is printed on the body of the lighter. the lighters have a green, red, blue, black or yellow body and a metal top. a label on the lighter reads ""child-resistant disposable lighter,"" ""keep out of reach of children,"" and ""made in china."" upc number 0 80692 05010 1 is printed on the back of the lighters. tobacco and thrift stores nationwide sold these lighters from june 1999 through may 2000 for about $1. consumers immediately should stop using these lighters and return them to the store where purchased for a refund. for more information, consumers should call halpern import co. at (800) 624-5280 between 9 a.m. and 5 p.m. et monday through friday."
4.0,"fits fine, good value",b086swhqpd,2020-11-23,"LUJUNTEC 87170-1F110 Compatible with Fit For Kia for Sportage 2.0L 2005-2014,For Kia for Sportage 2.4L 2011-2014,For Kia for Sportage 2.7L 2005-2010 Window Glass lift supports shocks",adjustable,False,0.7269,0.7269,[],[],True,"april 17, 1995 release # 95-102 washington, dc - cpsc, the kmart corporation of troy, mich., is recalling 148,990 desk chairs. the chair's seat post may unexpectedly separate from the pedestal base, causing someone sitting in the chair to fall.consumers can identify the recalled chairs by kmart product code 21-86-61, item code 010218661114, printed on the outside of the retail carton. the chairs do not have an item number printed on them. the chair, which kmart sold nationwide from july 1993 to march 1995 for $29.99, was packaged unassembled in a cardboard box labeled in part ""basic designs adjustable office chair *** made in taiwan"". the gray upholstered rotary desk chair has a non-tilt seat and fixed back. the seat is attached to a five-prong metal pedestal base by a one-inch wide steel rod. there are two wheel casters on each prong of the pedestal base. the kmart corporation reported this hazard to cpsc after receiving seven reports of the seat unexpectedly detaching from the pedestal base.consumers who own these chairs should stop using them immediately and return the chairs to any k-mart store for a refund. replacement chairs will be available after may 15, 1995. consumers who need more information about this recall should contact any kmart store"
5.0,oem function,b07ybx37f8,2021-03-25,"OCPTY O2 Oxygen Sensor Upstream 234-9021 234-9052 fit 2000-2001 for Lexus ES300, 2000-2004 for Toyota Avalon, 2005-2008 for Toyota Matrix, 2001-2003 for Toyota Solara",adjustable,False,0.0,0.0,[],[],True,"april 17, 1995 release # 95-102 washington, dc - cpsc, the kmart corporation of troy, mich., is recalling 148,990 desk chairs. the chair's seat post may unexpectedly separate from the pedestal base, causing someone sitting in the chair to fall.consumers can identify the recalled chairs by kmart product code 21-86-61, item code 010218661114, printed on the outside of the retail carton. the chairs do not have an item number printed on them. the chair, which kmart sold nationwide from july 1993 to march 1995 for $29.99, was packaged unassembled in a cardboard box labeled in part ""basic designs adjustable office chair *** made in taiwan"". the gray upholstered rotary desk chair has a non-tilt seat and fixed back. the seat is attached to a five-prong metal pedestal base by a one-inch wide steel rod. there are two wheel casters on each prong of the pedestal base. the kmart corporation reported this hazard to cpsc after receiving seven reports of the seat unexpectedly detaching from the pedestal base.consumers who own these chairs should stop using them immediately and return the chairs to any k-mart store for a refund. replacement chairs will be available after may 15, 1995. consumers who need more information about this recall should contact any kmart store"
5.0,worked great easy to install,b086wjw4q8,2021-07-25,FINDAUTO RV 30 Amp Male Plug Replacement Power Cord Electrical Adapter 125V For RV Camper,adjustable,False,0.7906,0.7906,[],['loose'],True,"april 17, 1995 release # 95-102 washington, dc - cpsc, the kmart corporation of troy, mich., is recalling 148,990 desk chairs. the chair's seat post may unexpectedly separate from the pedestal base, causing someone sitting in the chair to fall.consumers can identify the recalled chairs by kmart product code 21-86-61, item code 010218661114, printed on the outside of the retail carton. the chairs do not have an item number printed on them. the chair, which kmart sold nationwide from july 1993 to march 1995 for $29.99, was packaged unassembled in a cardboard box labeled in part ""basic designs adjustable office chair *** made in taiwan"". the gray upholstered rotary desk chair has a non-tilt seat and fixed back. the seat is attached to a five-prong metal pedestal base by a one-inch wide steel rod. there are two wheel casters on each prong of the pedestal base. the kmart corporation reported this hazard to cpsc after receiving seven reports of the seat unexpectedly detaching from the pedestal base.consumers who own these chairs should stop using them immediately and return the chairs to any k-mart store for a refund. replacement chairs will be available after may 15, 1995. consumers who need more information about this recall should contact any kmart store"
4.0,"that's the first time for me to purchase and use black masks. in the past 2 years, mostly i wore blue medical masks. black masks look really cool, although i'm likely to feel hotter with a black mask on my face in the sunshine. the elastic ear loops are not too tight, so i feel comfortable when i wear the masks for many hours in a row.<br /><br />what needs improvement:<br />the only thing i don't like about this product is that all the 50 masks are packed together in one plastic bag. sometimes it's too hard to pull out a mask from the bag, because one of its ear loop often gets stuck in other masks. fortunately, the masks are of good quality, so the ear loops have never been ripped off.<br />if the 50 masks were packed in 5 separated bags, i would be more satisfied with this purchase.",b0bg56lkgj,2022-02-14,"50pcs Kids Disposable Face Masks, 3 Ply Kids Masks Disposable Colorful Cute Face masks for Children, Girls & Boys",disposable,False,0.8966,0.8966,[],"['stuck', 'detached', 'severe', 'fatal']",True,"cigarette lighters recalled by halpern import news from cpsc u.s. consumer product safety commission office of information and public affairs washington, dc 20207 for immediate release september 28, 2000 release # 00-189 halpern recall hotline: (800) 624-5280 cpsc consumer hotline: (800) 638-2772 cpsc media contact: ken giles, (301) 504-7052 cpsc, halpern import co. announce recall of cigarette lighters washington, d.c. - in cooperation with the u.s. consumer product safety commission (cpsc), halpern import co. inc., of atlanta, ga., is recalling about 350,000 disposable cigarette lighters. these lighters can burn with a high flame and can fail to extinguish, presenting fire and burn hazards. cpsc and halpern import co. have received one report of a woman who received second degree burns on her chest when the lighter failed to extinguish and ignited her clothing. the disposable cigarette lighters being recalled are oval-tube- shaped. ""turbo 2000"" is printed on the body of the lighter. the lighters have a green, red, blue, black or yellow body and a metal top. a label on the lighter reads ""child-resistant disposable lighter,"" ""keep out of reach of children,"" and ""made in china."" upc number 0 80692 05010 1 is printed on the back of the lighters. tobacco and thrift stores nationwide sold these lighters from june 1999 through may 2000 for about $1. consumers immediately should stop using these lighters and return them to the store where purchased for a refund. for more information, consumers should call halpern import co. at (800) 624-5280 between 9 a.m. and 5 p.m. et monday through friday."
1.0,"most unreliable meter i have ever used. save yourself your precious time and buy a fluke. this is the second one of these i have,  the first they recalled after a month of use because of a safety issue.  ours only gets used lightly and yet today,  it seems the rotary knob is failed, on a brand new meter.  what junk.",b01d30z0ye,2019-05-14,Extech EX655 True RMS 600A Clamp Meter with NCV and Temperature Measurements,ex655,False,0.7506,0.7506,[],['safety'],True,"this recall involves extech digital clamp meters with model numbers ex650, ex655, ma160, ma61, and ma63. these models are all ac/dc clamp meters, which are electrical testing devices that measure ac/dc voltage, resistance, capacitance, frequency, temperature, continuity, and diode. serial numbers in the following format are included in the recall: r15xxxxxxx to r17xxxxxxx. only serial numbers in this range are included in the recall. the ""extech"" logo and the model number are printed on the front of the unit and the serial number on the back. the digital clamp meters are green and orange."
5.0,handy for little cleanups/tight spots.,b00004yyde,2015-05-21,Dico 541-775-3/4 Nyalox End Brush 3/4-Inch Grey 80 Grit,7200025,False,0.0,0.0,[],[],True,"the recalled product is the nexgrill model 720-0025 gas grill. the stainless steel grill is designed to be used with propane gas. the name of the grill is located at the left corner of the exterior of the main burner lid. the serial number is printed on the csa sticker, which is located behind the door. a temperature gauge is located at the center of the main burner lid."
5.0,looked exactly like the one i replaced.  works perfectly!,b07zh7wdkc,2020-12-11,INEEDUP 17668N Starter Starter Motor Replacement For 1996-2000 for Toyota 4Runner 1994-1998 for Toyota T100 1995-2007 for Toyota Tacoma,adjustable,False,0.7901,0.7901,[],[],True,"april 17, 1995 release # 95-102 washington, dc - cpsc, the kmart corporation of troy, mich., is recalling 148,990 desk chairs. the chair's seat post may unexpectedly separate from the pedestal base, causing someone sitting in the chair to fall.consumers can identify the recalled chairs by kmart product code 21-86-61, item code 010218661114, printed on the outside of the retail carton. the chairs do not have an item number printed on them. the chair, which kmart sold nationwide from july 1993 to march 1995 for $29.99, was packaged unassembled in a cardboard box labeled in part ""basic designs adjustable office chair *** made in taiwan"". the gray upholstered rotary desk chair has a non-tilt seat and fixed back. the seat is attached to a five-prong metal pedestal base by a one-inch wide steel rod. there are two wheel casters on each prong of the pedestal base. the kmart corporation reported this hazard to cpsc after receiving seven reports of the seat unexpectedly detaching from the pedestal base.consumers who own these chairs should stop using them immediately and return the chairs to any k-mart store for a refund. replacement chairs will be available after may 15, 1995. consumers who need more information about this recall should contact any kmart store"
3.0,seem like good quality but were too big for my minimap connection. need someway to determine correct size easily.,b07whfpgdf,2021-07-30,5 Pairs Copper Gold Plated 8 Gauge Strip Spade Terminal Spade Fork Adapters Connectors Plugs Crimp Barrier Spades for Speaker Wire Cable Terminal Plug - 8GA (Red and Black),adjustable,False,0.7003,0.7003,[],[],True,"april 17, 1995 release # 95-102 washington, dc - cpsc, the kmart corporation of troy, mich., is recalling 148,990 desk chairs. the chair's seat post may unexpectedly separate from the pedestal base, causing someone sitting in the chair to fall.consumers can identify the recalled chairs by kmart product code 21-86-61, item code 010218661114, printed on the outside of the retail carton. the chairs do not have an item number printed on them. the chair, which kmart sold nationwide from july 1993 to march 1995 for $29.99, was packaged unassembled in a cardboard box labeled in part ""basic designs adjustable office chair *** made in taiwan"". the gray upholstered rotary desk chair has a non-tilt seat and fixed back. the seat is attached to a five-prong metal pedestal base by a one-inch wide steel rod. there are two wheel casters on each prong of the pedestal base. the kmart corporation reported this hazard to cpsc after receiving seven reports of the seat unexpectedly detaching from the pedestal base.consumers who own these chairs should stop using them immediately and return the chairs to any k-mart store for a refund. replacement chairs will be available after may 15, 1995. consumers who need more information about this recall should contact any kmart store"
5.0,"i have really bad asthma that is triggered by house dust and diesel fuel. i found that wearing a quality face mask is very important when i do housework and pump gas in my car.<br /><br />these disposable face masks are made with 3 layers of non-woven fabric with the outer layer being waterproof.  the ear loops are elastic and work great for all shapes and sizes of faces. there is also an adjustable nose piece that is crucial when wearing glasses.<br /><br />and most importantly of all, they have everything i need to continue to stay healthy.",b0bg56lkgj,2022-04-20,"50pcs Kids Disposable Face Masks, 3 Ply Kids Masks Disposable Colorful Cute Face masks for Children, Girls & Boys",disposable,False,0.7713,0.7713,[],"['defective', 'gas', 'gases']",True,"cigarette lighters recalled by halpern import news from cpsc u.s. consumer product safety commission office of information and public affairs washington, dc 20207 for immediate release september 28, 2000 release # 00-189 halpern recall hotline: (800) 624-5280 cpsc consumer hotline: (800) 638-2772 cpsc media contact: ken giles, (301) 504-7052 cpsc, halpern import co. announce recall of cigarette lighters washington, d.c. - in cooperation with the u.s. consumer product safety commission (cpsc), halpern import co. inc., of atlanta, ga., is recalling about 350,000 disposable cigarette lighters. these lighters can burn with a high flame and can fail to extinguish, presenting fire and burn hazards. cpsc and halpern import co. have received one report of a woman who received second degree burns on her chest when the lighter failed to extinguish and ignited her clothing. the disposable cigarette lighters being recalled are oval-tube- shaped. ""turbo 2000"" is printed on the body of the lighter. the lighters have a green, red, blue, black or yellow body and a metal top. a label on the lighter reads ""child-resistant disposable lighter,"" ""keep out of reach of children,"" and ""made in china."" upc number 0 80692 05010 1 is printed on the back of the lighters. tobacco and thrift stores nationwide sold these lighters from june 1999 through may 2000 for about $1. consumers immediately should stop using these lighters and return them to the store where purchased for a refund. for more information, consumers should call halpern import co. at (800) 624-5280 between 9 a.m. and 5 p.m. et monday through friday."
5.0,the product meets my expectations and i have no issues.,b07wjm4zgv,2022-08-20,2 Pairs Copper Gold Plated 0 Gauge Spade Terminal Crimp Connectors Adapters Crimp Barrier Spades for Speaker Wire Cable Terminal Plug - 0GA (Red and Black),adjustable,False,-0.296,-0.296,[],[],True,"april 17, 1995 release # 95-102 washington, dc - cpsc, the kmart corporation of troy, mich., is recalling 148,990 desk chairs. the chair's seat post may unexpectedly separate from the pedestal base, causing someone sitting in the chair to fall.consumers can identify the recalled chairs by kmart product code 21-86-61, item code 010218661114, printed on the outside of the retail carton. the chairs do not have an item number printed on them. the chair, which kmart sold nationwide from july 1993 to march 1995 for $29.99, was packaged unassembled in a cardboard box labeled in part ""basic designs adjustable office chair *** made in taiwan"". the gray upholstered rotary desk chair has a non-tilt seat and fixed back. the seat is attached to a five-prong metal pedestal base by a one-inch wide steel rod. there are two wheel casters on each prong of the pedestal base. the kmart corporation reported this hazard to cpsc after receiving seven reports of the seat unexpectedly detaching from the pedestal base.consumers who own these chairs should stop using them immediately and return the chairs to any k-mart store for a refund. replacement chairs will be available after may 15, 1995. consumers who need more information about this recall should contact any kmart store"
5.0,"very well-built connector.  i've compared 3 different brands, including marinco (even pass & seymour and leviton) and imo hubbell makes the best!",b00n1vp0ci,2016-10-01,"Hubbell CS6361C Locking Plug, 50 amp, 125V, 2 Pole and 3 Wire",cs6361c,False,0.6696,0.6696,[],['crack'],True,"this recall involves leviton 50-ampere, non-nema electrical connectors, plugs, receptacles and inlet attachment devices. the recalled connection devices are used to transmit power to electrical equipment that is not hard-wired to a power source. leviton is printed on the devices. date codes can be found on the back cover of connectors and plugs, the side housing of receptacles and inlets, and on the label of each box. the recall includes the following model/catalog numbers and date codes: catalog numbers date codes 3762c cs6365c 1e19c0 1i19c0 3763c cs6365w 1e29c0 1i29c0 3764c cs6369 1e39c0 1i39c0 3765c cs6370 1e49c0 1i49c0 3769 cs6375 1e59c0 1i59c0 3771 cs6377 1f19c0 1j19c0 3775 cs8264c 1f29c0 1j29c0 3777 cs8265c 1f39c0 1j39c0 6360cr cs8269 1f49c0 1j49c0 6364cr cs8275 1g19c0 1k19c0 6365cr cs8464c 1g29c0 1k29c0 6369cr cs8465c 1g39c0 1k39c0 6370cr cs8469 1g49c0 1k49c0 6375cr cs8164c 1h19c0 1k59c0 7379 cs8165c 1h29c0 1l19c0 7764c cs8169 1h39c0 1l29c0 7765c cs8175 1h49c0 7958 cs8364c cs6360c cs8365c cs6361c cs8369 cs6364c cs837-410-5w1 cs6364w cs8375 only electrical connectors without a blue dot on the device and packaging are included in this recall."
5.0,"worked great for my project (removing dried grout from glass tile), and the small size made it easy to maneuver into tight places.",b00004yyde,2017-03-18,Dico 541-775-3/4 Nyalox End Brush 3/4-Inch Grey 80 Grit,7200025,False,0.7906,0.7906,[],['loose'],True,"the recalled product is the nexgrill model 720-0025 gas grill. the stainless steel grill is designed to be used with propane gas. the name of the grill is located at the left corner of the exterior of the main burner lid. the serial number is printed on the csa sticker, which is located behind the door. a temperature gauge is located at the center of the main burner lid."
4.0,these mask are comfortable and do not pull on the ears.  i loved the fact that they are black because i was tired of wearing the blue ones.,b0bg56lkgj,2022-02-24,"50pcs Kids Disposable Face Masks, 3 Ply Kids Masks Disposable Colorful Cute Face masks for Children, Girls & Boys",disposable,False,0.6486,0.6486,[],['fatal'],True,"cigarette lighters recalled by halpern import news from cpsc u.s. consumer product safety commission office of information and public affairs washington, dc 20207 for immediate release september 28, 2000 release # 00-189 halpern recall hotline: (800) 624-5280 cpsc consumer hotline: (800) 638-2772 cpsc media contact: ken giles, (301) 504-7052 cpsc, halpern import co. announce recall of cigarette lighters washington, d.c. - in cooperation with the u.s. consumer product safety commission (cpsc), halpern import co. inc., of atlanta, ga., is recalling about 350,000 disposable cigarette lighters. these lighters can burn with a high flame and can fail to extinguish, presenting fire and burn hazards. cpsc and halpern import co. have received one report of a woman who received second degree burns on her chest when the lighter failed to extinguish and ignited her clothing. the disposable cigarette lighters being recalled are oval-tube- shaped. ""turbo 2000"" is printed on the body of the lighter. the lighters have a green, red, blue, black or yellow body and a metal top. a label on the lighter reads ""child-resistant disposable lighter,"" ""keep out of reach of children,"" and ""made in china."" upc number 0 80692 05010 1 is printed on the back of the lighters. tobacco and thrift stores nationwide sold these lighters from june 1999 through may 2000 for about $1. consumers immediately should stop using these lighters and return them to the store where purchased for a refund. for more information, consumers should call halpern import co. at (800) 624-5280 between 9 a.m. and 5 p.m. et monday through friday."
5.0,"i like that these are packaged in smaller amounts in clear wrap, so they all won’t get dusty or mangled.<br />this is my favorite type of mask. it may not be super efficient, but it has done the trick for me for two years, though i don’t go out in crowds.<br /><br />lightweight, adjustable nose piece that’s very flexible, and multilayered. exactly what i was looking for. and, in chic black.",b0bg56lkgj,2022-02-08,"50pcs Kids Disposable Face Masks, 3 Ply Kids Masks Disposable Colorful Cute Face masks for Children, Girls & Boys",disposable,False,0.7141,0.7141,[],['crack'],True,"cigarette lighters recalled by halpern import news from cpsc u.s. consumer product safety commission office of information and public affairs washington, dc 20207 for immediate release september 28, 2000 release # 00-189 halpern recall hotline: (800) 624-5280 cpsc consumer hotline: (800) 638-2772 cpsc media contact: ken giles, (301) 504-7052 cpsc, halpern import co. announce recall of cigarette lighters washington, d.c. - in cooperation with the u.s. consumer product safety commission (cpsc), halpern import co. inc., of atlanta, ga., is recalling about 350,000 disposable cigarette lighters. these lighters can burn with a high flame and can fail to extinguish, presenting fire and burn hazards. cpsc and halpern import co. have received one report of a woman who received second degree burns on her chest when the lighter failed to extinguish and ignited her clothing. the disposable cigarette lighters being recalled are oval-tube- shaped. ""turbo 2000"" is printed on the body of the lighter. the lighters have a green, red, blue, black or yellow body and a metal top. a label on the lighter reads ""child-resistant disposable lighter,"" ""keep out of reach of children,"" and ""made in china."" upc number 0 80692 05010 1 is printed on the back of the lighters. tobacco and thrift stores nationwide sold these lighters from june 1999 through may 2000 for about $1. consumers immediately should stop using these lighters and return them to the store where purchased for a refund. for more information, consumers should call halpern import co. at (800) 624-5280 between 9 a.m. and 5 p.m. et monday through friday."
5.0,"excellent masks, especially for the man in your life. i love the different colors and there’s nice ones for both sexes. they are very comfortable. i work in the lab of a hospital so might as well look good with colorful masks if you have to wear them. they are so comfortable and easy to breathe in. all my coworkers love them. so unique compared to others. the thickness is perfect. they are sturdy and actually hold up to a few days of wear.",b0bg56lkgj,2022-06-19,"50pcs Kids Disposable Face Masks, 3 Ply Kids Masks Disposable Colorful Cute Face masks for Children, Girls & Boys",disposable,False,0.9881,0.9881,[],['loose'],True,"cigarette lighters recalled by halpern import news from cpsc u.s. consumer product safety commission office of information and public affairs washington, dc 20207 for immediate release september 28, 2000 release # 00-189 halpern recall hotline: (800) 624-5280 cpsc consumer hotline: (800) 638-2772 cpsc media contact: ken giles, (301) 504-7052 cpsc, halpern import co. announce recall of cigarette lighters washington, d.c. - in cooperation with the u.s. consumer product safety commission (cpsc), halpern import co. inc., of atlanta, ga., is recalling about 350,000 disposable cigarette lighters. these lighters can burn with a high flame and can fail to extinguish, presenting fire and burn hazards. cpsc and halpern import co. have received one report of a woman who received second degree burns on her chest when the lighter failed to extinguish and ignited her clothing. the disposable cigarette lighters being recalled are oval-tube- shaped. ""turbo 2000"" is printed on the body of the lighter. the lighters have a green, red, blue, black or yellow body and a metal top. a label on the lighter reads ""child-resistant disposable lighter,"" ""keep out of reach of children,"" and ""made in china."" upc number 0 80692 05010 1 is printed on the back of the lighters. tobacco and thrift stores nationwide sold these lighters from june 1999 through may 2000 for about $1. consumers immediately should stop using these lighters and return them to the store where purchased for a refund. for more information, consumers should call halpern import co. at (800) 624-5280 between 9 a.m. and 5 p.m. et monday through friday."
5.0,works fine,b0837qbt31,2022-11-19,"ROADFAR 1PCS Left+Rear ABS Wheel Speed Sensor ABS Sensor Fit for 2005 2006 2007 2008 2009 2010 for Chrysler 300, 2008-2010 for Dodge Challenger, 2006-2010 for Dodge Charger, 2005-2008 for Dodge Magnum",adjustable,False,0.2023,0.2023,[],[],True,"april 17, 1995 release # 95-102 washington, dc - cpsc, the kmart corporation of troy, mich., is recalling 148,990 desk chairs. the chair's seat post may unexpectedly separate from the pedestal base, causing someone sitting in the chair to fall.consumers can identify the recalled chairs by kmart product code 21-86-61, item code 010218661114, printed on the outside of the retail carton. the chairs do not have an item number printed on them. the chair, which kmart sold nationwide from july 1993 to march 1995 for $29.99, was packaged unassembled in a cardboard box labeled in part ""basic designs adjustable office chair *** made in taiwan"". the gray upholstered rotary desk chair has a non-tilt seat and fixed back. the seat is attached to a five-prong metal pedestal base by a one-inch wide steel rod. there are two wheel casters on each prong of the pedestal base. the kmart corporation reported this hazard to cpsc after receiving seven reports of the seat unexpectedly detaching from the pedestal base.consumers who own these chairs should stop using them immediately and return the chairs to any k-mart store for a refund. replacement chairs will be available after may 15, 1995. consumers who need more information about this recall should contact any kmart store"
5.0,"each mask is individually wrapped and there's not much to say about disposable masks unless they smell funny, or have a weird texture. these work just fine",b0bg56lkgj,2022-02-14,"50pcs Kids Disposable Face Masks, 3 Ply Kids Masks Disposable Colorful Cute Face masks for Children, Girls & Boys",disposable,False,0.4588,0.4588,[],[],True,"cigarette lighters recalled by halpern import news from cpsc u.s. consumer product safety commission office of information and public affairs washington, dc 20207 for immediate release september 28, 2000 release # 00-189 halpern recall hotline: (800) 624-5280 cpsc consumer hotline: (800) 638-2772 cpsc media contact: ken giles, (301) 504-7052 cpsc, halpern import co. announce recall of cigarette lighters washington, d.c. - in cooperation with the u.s. consumer product safety commission (cpsc), halpern import co. inc., of atlanta, ga., is recalling about 350,000 disposable cigarette lighters. these lighters can burn with a high flame and can fail to extinguish, presenting fire and burn hazards. cpsc and halpern import co. have received one report of a woman who received second degree burns on her chest when the lighter failed to extinguish and ignited her clothing. the disposable cigarette lighters being recalled are oval-tube- shaped. ""turbo 2000"" is printed on the body of the lighter. the lighters have a green, red, blue, black or yellow body and a metal top. a label on the lighter reads ""child-resistant disposable lighter,"" ""keep out of reach of children,"" and ""made in china."" upc number 0 80692 05010 1 is printed on the back of the lighters. tobacco and thrift stores nationwide sold these lighters from june 1999 through may 2000 for about $1. consumers immediately should stop using these lighters and return them to the store where purchased for a refund. for more information, consumers should call halpern import co. at (800) 624-5280 between 9 a.m. and 5 p.m. et monday through friday."
5.0,"very happy with this purchase.<br /><br />needed black masks and ordered these.<br /><br />the batch i had ordered prior to this batch (another brand) smelled very chemically upon opening. had to leave them out in the open for awhile for the smell to dissipate. this batch was as should be; no weird smell.<br /><br />the masks are comfortable to wear, and it passed the ""cannot blow through to the candle test.""<br /><br />the price, at 50 pieces for less than $10, is reasonable.<br /><br />recommended.",b0bg56lkgj,2022-03-03,"50pcs Kids Disposable Face Masks, 3 Ply Kids Masks Disposable Colorful Cute Face masks for Children, Girls & Boys",disposable,False,0.8559,0.8559,[],"['loose', 'fatal']",True,"cigarette lighters recalled by halpern import news from cpsc u.s. consumer product safety commission office of information and public affairs washington, dc 20207 for immediate release september 28, 2000 release # 00-189 halpern recall hotline: (800) 624-5280 cpsc consumer hotline: (800) 638-2772 cpsc media contact: ken giles, (301) 504-7052 cpsc, halpern import co. announce recall of cigarette lighters washington, d.c. - in cooperation with the u.s. consumer product safety commission (cpsc), halpern import co. inc., of atlanta, ga., is recalling about 350,000 disposable cigarette lighters. these lighters can burn with a high flame and can fail to extinguish, presenting fire and burn hazards. cpsc and halpern import co. have received one report of a woman who received second degree burns on her chest when the lighter failed to extinguish and ignited her clothing. the disposable cigarette lighters being recalled are oval-tube- shaped. ""turbo 2000"" is printed on the body of the lighter. the lighters have a green, red, blue, black or yellow body and a metal top. a label on the lighter reads ""child-resistant disposable lighter,"" ""keep out of reach of children,"" and ""made in china."" upc number 0 80692 05010 1 is printed on the back of the lighters. tobacco and thrift stores nationwide sold these lighters from june 1999 through may 2000 for about $1. consumers immediately should stop using these lighters and return them to the store where purchased for a refund. for more information, consumers should call halpern import co. at (800) 624-5280 between 9 a.m. and 5 p.m. et monday through friday."
1.0,the description and sticker on product says 2 pairs.,b07wjm4zgv,2022-01-18,2 Pairs Copper Gold Plated 0 Gauge Spade Terminal Crimp Connectors Adapters Crimp Barrier Spades for Speaker Wire Cable Terminal Plug - 0GA (Red and Black),adjustable,False,0.0,0.0,[],[],True,"april 17, 1995 release # 95-102 washington, dc - cpsc, the kmart corporation of troy, mich., is recalling 148,990 desk chairs. the chair's seat post may unexpectedly separate from the pedestal base, causing someone sitting in the chair to fall.consumers can identify the recalled chairs by kmart product code 21-86-61, item code 010218661114, printed on the outside of the retail carton. the chairs do not have an item number printed on them. the chair, which kmart sold nationwide from july 1993 to march 1995 for $29.99, was packaged unassembled in a cardboard box labeled in part ""basic designs adjustable office chair *** made in taiwan"". the gray upholstered rotary desk chair has a non-tilt seat and fixed back. the seat is attached to a five-prong metal pedestal base by a one-inch wide steel rod. there are two wheel casters on each prong of the pedestal base. the kmart corporation reported this hazard to cpsc after receiving seven reports of the seat unexpectedly detaching from the pedestal base.consumers who own these chairs should stop using them immediately and return the chairs to any k-mart store for a refund. replacement chairs will be available after may 15, 1995. consumers who need more information about this recall should contact any kmart store"
5.0,"just found one of these being thrown away, got it as quick as i saw it. tires needed to be inflated, they can go flat over time. if you over-inflate them they can pull open at the bead. i've read some of the other reviews and recognize that using/maintaining these can be a pain if you haven't picked up how to find that balance or read the manual, or be patient with a tool that will need some care. if you can handle not expecting perfection out of the box, of that you have to finesse it, this will be a great tool for you also.",b00ln60r94,2016-09-20,"Harper BKTAK19 Super Steel P-Handle Hand Truck, 600 lb.",bktak19,False,0.2505,0.2505,[],"['loose', 'pain', 'crack']",True,"this recall involves harper trucks hand trucks with model numbers and type of wheels listed below. ""harper truck"" and the model number can be found on an adhesive sticker on the hand truck frame's cross member. hand trucks with two-piece, grey metal wheels are not included in this recall. model number type of handle type of wheel k52k16 p handle 1-piece, composite jedtk1935p dual hand/platform truck (convertible) 3-piece, four bolt, metal/chrome plated 51tk19 dual handles 3-piece, four bolt, metal/chrome plated bktak19 p handle 3-piece, four bolt, metal/chrome plated pgcsk19blk dual hand 3-piece, four bolt, metal/chrome plated"
5.0,"i received the item and installed it and worked perfect, for the price it is a steal. i did not see any reviews on it but gave a shot to see for $65 and i am really happy with my purchase.",b07xdxg45h,2020-05-13,TUPARTS Starter Fit for HONDA for Accord 08 09 10 11 12 2.4L 2354CC l4 Gas 31200-R41-L01 SM73002,adjustable,False,0.7743,0.7743,[],['crack'],True,"april 17, 1995 release # 95-102 washington, dc - cpsc, the kmart corporation of troy, mich., is recalling 148,990 desk chairs. the chair's seat post may unexpectedly separate from the pedestal base, causing someone sitting in the chair to fall.consumers can identify the recalled chairs by kmart product code 21-86-61, item code 010218661114, printed on the outside of the retail carton. the chairs do not have an item number printed on them. the chair, which kmart sold nationwide from july 1993 to march 1995 for $29.99, was packaged unassembled in a cardboard box labeled in part ""basic designs adjustable office chair *** made in taiwan"". the gray upholstered rotary desk chair has a non-tilt seat and fixed back. the seat is attached to a five-prong metal pedestal base by a one-inch wide steel rod. there are two wheel casters on each prong of the pedestal base. the kmart corporation reported this hazard to cpsc after receiving seven reports of the seat unexpectedly detaching from the pedestal base.consumers who own these chairs should stop using them immediately and return the chairs to any k-mart store for a refund. replacement chairs will be available after may 15, 1995. consumers who need more information about this recall should contact any kmart store"
4.0,"i'm giving these disposable face marks four stars not because they're the greatest product of its type, but because they're inexpensive and reasonably reliable for what you pay and get. it has to be remembered that these are not and do not claim to be medical grade masks; those who what those will have to look elsewhere. they will, however, comply with most mandates and policies requiring face coverings. these masks are also reasonably reliable, by which i mean that heavy stretching and pulling will snap or distort the elastic ear-loops but they'll stand up to ordinary wear and handling. they're as breathable as any other masks, though in my estimation that's not a rave endorsement since i dislike them all. the retail price as of this writing, however, make this particular supply of masks an exceptional value. the 100-count of the box makes changing them out as needed a few cents per unit. overall, this option for this kind of product definitively is worth the four stars.",b0bg56lkgj,2022-01-28,"50pcs Kids Disposable Face Masks, 3 Ply Kids Masks Disposable Colorful Cute Face masks for Children, Girls & Boys",disposable,False,-0.0525,-0.0525,[],[],True,"cigarette lighters recalled by halpern import news from cpsc u.s. consumer product safety commission office of information and public affairs washington, dc 20207 for immediate release september 28, 2000 release # 00-189 halpern recall hotline: (800) 624-5280 cpsc consumer hotline: (800) 638-2772 cpsc media contact: ken giles, (301) 504-7052 cpsc, halpern import co. announce recall of cigarette lighters washington, d.c. - in cooperation with the u.s. consumer product safety commission (cpsc), halpern import co. inc., of atlanta, ga., is recalling about 350,000 disposable cigarette lighters. these lighters can burn with a high flame and can fail to extinguish, presenting fire and burn hazards. cpsc and halpern import co. have received one report of a woman who received second degree burns on her chest when the lighter failed to extinguish and ignited her clothing. the disposable cigarette lighters being recalled are oval-tube- shaped. ""turbo 2000"" is printed on the body of the lighter. the lighters have a green, red, blue, black or yellow body and a metal top. a label on the lighter reads ""child-resistant disposable lighter,"" ""keep out of reach of children,"" and ""made in china."" upc number 0 80692 05010 1 is printed on the back of the lighters. tobacco and thrift stores nationwide sold these lighters from june 1999 through may 2000 for about $1. consumers immediately should stop using these lighters and return them to the store where purchased for a refund. for more information, consumers should call halpern import co. at (800) 624-5280 between 9 a.m. and 5 p.m. et monday through friday."
5.0,"with having to wear masks so much lately, it's really nice to come across some black ones.  these are 3-layer, they fit well enough, have a single-wire twistie embedded to fit around your nose, and seem soft enough to not constantly scratch at your face.<br /><br />recommended.",b0bg56lkgj,2022-02-07,"50pcs Kids Disposable Face Masks, 3 Ply Kids Masks Disposable Colorful Cute Face masks for Children, Girls & Boys",disposable,False,0.8748,0.8748,[],"['scratch', 'abrasion', 'fatal']",True,"cigarette lighters recalled by halpern import news from cpsc u.s. consumer product safety commission office of information and public affairs washington, dc 20207 for immediate release september 28, 2000 release # 00-189 halpern recall hotline: (800) 624-5280 cpsc consumer hotline: (800) 638-2772 cpsc media contact: ken giles, (301) 504-7052 cpsc, halpern import co. announce recall of cigarette lighters washington, d.c. - in cooperation with the u.s. consumer product safety commission (cpsc), halpern import co. inc., of atlanta, ga., is recalling about 350,000 disposable cigarette lighters. these lighters can burn with a high flame and can fail to extinguish, presenting fire and burn hazards. cpsc and halpern import co. have received one report of a woman who received second degree burns on her chest when the lighter failed to extinguish and ignited her clothing. the disposable cigarette lighters being recalled are oval-tube- shaped. ""turbo 2000"" is printed on the body of the lighter. the lighters have a green, red, blue, black or yellow body and a metal top. a label on the lighter reads ""child-resistant disposable lighter,"" ""keep out of reach of children,"" and ""made in china."" upc number 0 80692 05010 1 is printed on the back of the lighters. tobacco and thrift stores nationwide sold these lighters from june 1999 through may 2000 for about $1. consumers immediately should stop using these lighters and return them to the store where purchased for a refund. for more information, consumers should call halpern import co. at (800) 624-5280 between 9 a.m. and 5 p.m. et monday through friday."
5.0,product was everything that was advertised,b07ybx37f8,2020-01-04,"OCPTY O2 Oxygen Sensor Upstream 234-9021 234-9052 fit 2000-2001 for Lexus ES300, 2000-2004 for Toyota Avalon, 2005-2008 for Toyota Matrix, 2001-2003 for Toyota Solara",adjustable,False,0.0,0.0,[],[],True,"april 17, 1995 release # 95-102 washington, dc - cpsc, the kmart corporation of troy, mich., is recalling 148,990 desk chairs. the chair's seat post may unexpectedly separate from the pedestal base, causing someone sitting in the chair to fall.consumers can identify the recalled chairs by kmart product code 21-86-61, item code 010218661114, printed on the outside of the retail carton. the chairs do not have an item number printed on them. the chair, which kmart sold nationwide from july 1993 to march 1995 for $29.99, was packaged unassembled in a cardboard box labeled in part ""basic designs adjustable office chair *** made in taiwan"". the gray upholstered rotary desk chair has a non-tilt seat and fixed back. the seat is attached to a five-prong metal pedestal base by a one-inch wide steel rod. there are two wheel casters on each prong of the pedestal base. the kmart corporation reported this hazard to cpsc after receiving seven reports of the seat unexpectedly detaching from the pedestal base.consumers who own these chairs should stop using them immediately and return the chairs to any k-mart store for a refund. replacement chairs will be available after may 15, 1995. consumers who need more information about this recall should contact any kmart store"
5.0,"this face mask is comfortable , breathable to wear , very good product !",b0bg56lkgj,2022-02-03,"50pcs Kids Disposable Face Masks, 3 Ply Kids Masks Disposable Colorful Cute Face masks for Children, Girls & Boys",disposable,False,0.7773,0.7773,[],[],True,"cigarette lighters recalled by halpern import news from cpsc u.s. consumer product safety commission office of information and public affairs washington, dc 20207 for immediate release september 28, 2000 release # 00-189 halpern recall hotline: (800) 624-5280 cpsc consumer hotline: (800) 638-2772 cpsc media contact: ken giles, (301) 504-7052 cpsc, halpern import co. announce recall of cigarette lighters washington, d.c. - in cooperation with the u.s. consumer product safety commission (cpsc), halpern import co. inc., of atlanta, ga., is recalling about 350,000 disposable cigarette lighters. these lighters can burn with a high flame and can fail to extinguish, presenting fire and burn hazards. cpsc and halpern import co. have received one report of a woman who received second degree burns on her chest when the lighter failed to extinguish and ignited her clothing. the disposable cigarette lighters being recalled are oval-tube- shaped. ""turbo 2000"" is printed on the body of the lighter. the lighters have a green, red, blue, black or yellow body and a metal top. a label on the lighter reads ""child-resistant disposable lighter,"" ""keep out of reach of children,"" and ""made in china."" upc number 0 80692 05010 1 is printed on the back of the lighters. tobacco and thrift stores nationwide sold these lighters from june 1999 through may 2000 for about $1. consumers immediately should stop using these lighters and return them to the store where purchased for a refund. for more information, consumers should call halpern import co. at (800) 624-5280 between 9 a.m. and 5 p.m. et monday through friday."
5.0,it has everything needed for my 2013 chevy cruze lt rs.,b08d7htgly,2020-12-23,SCITOO Head Gasket Set Replacement for Chevrolet Cruze 4-Door Sedan 1.4L LT,adjustable,False,0.0,0.0,[],[],True,"april 17, 1995 release # 95-102 washington, dc - cpsc, the kmart corporation of troy, mich., is recalling 148,990 desk chairs. the chair's seat post may unexpectedly separate from the pedestal base, causing someone sitting in the chair to fall.consumers can identify the recalled chairs by kmart product code 21-86-61, item code 010218661114, printed on the outside of the retail carton. the chairs do not have an item number printed on them. the chair, which kmart sold nationwide from july 1993 to march 1995 for $29.99, was packaged unassembled in a cardboard box labeled in part ""basic designs adjustable office chair *** made in taiwan"". the gray upholstered rotary desk chair has a non-tilt seat and fixed back. the seat is attached to a five-prong metal pedestal base by a one-inch wide steel rod. there are two wheel casters on each prong of the pedestal base. the kmart corporation reported this hazard to cpsc after receiving seven reports of the seat unexpectedly detaching from the pedestal base.consumers who own these chairs should stop using them immediately and return the chairs to any k-mart store for a refund. replacement chairs will be available after may 15, 1995. consumers who need more information about this recall should contact any kmart store"
1.0,item is to big does not fit smart fortwo as claimed,b086sxm961,2020-07-04,"LUJUNTEC 6482 Compatible with Fit For Smart Fortwo 2013-2016,For Smart Fortwo 0.9L 2016,For Smart Fortwo 1.0L 2008-2016 Window Glass lift supports shocks",adjustable,False,-0.5216,-0.5216,[],[],True,"april 17, 1995 release # 95-102 washington, dc - cpsc, the kmart corporation of troy, mich., is recalling 148,990 desk chairs. the chair's seat post may unexpectedly separate from the pedestal base, causing someone sitting in the chair to fall.consumers can identify the recalled chairs by kmart product code 21-86-61, item code 010218661114, printed on the outside of the retail carton. the chairs do not have an item number printed on them. the chair, which kmart sold nationwide from july 1993 to march 1995 for $29.99, was packaged unassembled in a cardboard box labeled in part ""basic designs adjustable office chair *** made in taiwan"". the gray upholstered rotary desk chair has a non-tilt seat and fixed back. the seat is attached to a five-prong metal pedestal base by a one-inch wide steel rod. there are two wheel casters on each prong of the pedestal base. the kmart corporation reported this hazard to cpsc after receiving seven reports of the seat unexpectedly detaching from the pedestal base.consumers who own these chairs should stop using them immediately and return the chairs to any k-mart store for a refund. replacement chairs will be available after may 15, 1995. consumers who need more information about this recall should contact any kmart store"
5.0,"these are the standard, well-made surgical masks you're used to seeing and/or using. they're well-made and come at a very good price (currently $12 for 50 masks).",b0bg56lkgj,2022-02-02,"50pcs Kids Disposable Face Masks, 3 Ply Kids Masks Disposable Colorful Cute Face masks for Children, Girls & Boys",disposable,False,0.4927,0.4927,[],[],True,"cigarette lighters recalled by halpern import news from cpsc u.s. consumer product safety commission office of information and public affairs washington, dc 20207 for immediate release september 28, 2000 release # 00-189 halpern recall hotline: (800) 624-5280 cpsc consumer hotline: (800) 638-2772 cpsc media contact: ken giles, (301) 504-7052 cpsc, halpern import co. announce recall of cigarette lighters washington, d.c. - in cooperation with the u.s. consumer product safety commission (cpsc), halpern import co. inc., of atlanta, ga., is recalling about 350,000 disposable cigarette lighters. these lighters can burn with a high flame and can fail to extinguish, presenting fire and burn hazards. cpsc and halpern import co. have received one report of a woman who received second degree burns on her chest when the lighter failed to extinguish and ignited her clothing. the disposable cigarette lighters being recalled are oval-tube- shaped. ""turbo 2000"" is printed on the body of the lighter. the lighters have a green, red, blue, black or yellow body and a metal top. a label on the lighter reads ""child-resistant disposable lighter,"" ""keep out of reach of children,"" and ""made in china."" upc number 0 80692 05010 1 is printed on the back of the lighters. tobacco and thrift stores nationwide sold these lighters from june 1999 through may 2000 for about $1. consumers immediately should stop using these lighters and return them to the store where purchased for a refund. for more information, consumers should call halpern import co. at (800) 624-5280 between 9 a.m. and 5 p.m. et monday through friday."
5.0,nice ends and good fitting,b07whfpgdf,2021-05-18,5 Pairs Copper Gold Plated 8 Gauge Strip Spade Terminal Spade Fork Adapters Connectors Plugs Crimp Barrier Spades for Speaker Wire Cable Terminal Plug - 8GA (Red and Black),adjustable,False,0.6908,0.6908,[],[],True,"april 17, 1995 release # 95-102 washington, dc - cpsc, the kmart corporation of troy, mich., is recalling 148,990 desk chairs. the chair's seat post may unexpectedly separate from the pedestal base, causing someone sitting in the chair to fall.consumers can identify the recalled chairs by kmart product code 21-86-61, item code 010218661114, printed on the outside of the retail carton. the chairs do not have an item number printed on them. the chair, which kmart sold nationwide from july 1993 to march 1995 for $29.99, was packaged unassembled in a cardboard box labeled in part ""basic designs adjustable office chair *** made in taiwan"". the gray upholstered rotary desk chair has a non-tilt seat and fixed back. the seat is attached to a five-prong metal pedestal base by a one-inch wide steel rod. there are two wheel casters on each prong of the pedestal base. the kmart corporation reported this hazard to cpsc after receiving seven reports of the seat unexpectedly detaching from the pedestal base.consumers who own these chairs should stop using them immediately and return the chairs to any k-mart store for a refund. replacement chairs will be available after may 15, 1995. consumers who need more information about this recall should contact any kmart store"
4.0,they are really practical and good product,b0bg56lkgj,2022-08-15,"50pcs Kids Disposable Face Masks, 3 Ply Kids Masks Disposable Colorful Cute Face masks for Children, Girls & Boys",disposable,False,0.4877,0.4877,[],[],True,"cigarette lighters recalled by halpern import news from cpsc u.s. consumer product safety commission office of information and public affairs washington, dc 20207 for immediate release september 28, 2000 release # 00-189 halpern recall hotline: (800) 624-5280 cpsc consumer hotline: (800) 638-2772 cpsc media contact: ken giles, (301) 504-7052 cpsc, halpern import co. announce recall of cigarette lighters washington, d.c. - in cooperation with the u.s. consumer product safety commission (cpsc), halpern import co. inc., of atlanta, ga., is recalling about 350,000 disposable cigarette lighters. these lighters can burn with a high flame and can fail to extinguish, presenting fire and burn hazards. cpsc and halpern import co. have received one report of a woman who received second degree burns on her chest when the lighter failed to extinguish and ignited her clothing. the disposable cigarette lighters being recalled are oval-tube- shaped. ""turbo 2000"" is printed on the body of the lighter. the lighters have a green, red, blue, black or yellow body and a metal top. a label on the lighter reads ""child-resistant disposable lighter,"" ""keep out of reach of children,"" and ""made in china."" upc number 0 80692 05010 1 is printed on the back of the lighters. tobacco and thrift stores nationwide sold these lighters from june 1999 through may 2000 for about $1. consumers immediately should stop using these lighters and return them to the store where purchased for a refund. for more information, consumers should call halpern import co. at (800) 624-5280 between 9 a.m. and 5 p.m. et monday through friday."
5.0,excellent item very useful highly recommend!,b0bg56lkgj,2022-03-11,"50pcs Kids Disposable Face Masks, 3 Ply Kids Masks Disposable Colorful Cute Face masks for Children, Girls & Boys",disposable,False,0.8818,0.8818,[],[],True,"cigarette lighters recalled by halpern import news from cpsc u.s. consumer product safety commission office of information and public affairs washington, dc 20207 for immediate release september 28, 2000 release # 00-189 halpern recall hotline: (800) 624-5280 cpsc consumer hotline: (800) 638-2772 cpsc media contact: ken giles, (301) 504-7052 cpsc, halpern import co. announce recall of cigarette lighters washington, d.c. - in cooperation with the u.s. consumer product safety commission (cpsc), halpern import co. inc., of atlanta, ga., is recalling about 350,000 disposable cigarette lighters. these lighters can burn with a high flame and can fail to extinguish, presenting fire and burn hazards. cpsc and halpern import co. have received one report of a woman who received second degree burns on her chest when the lighter failed to extinguish and ignited her clothing. the disposable cigarette lighters being recalled are oval-tube- shaped. ""turbo 2000"" is printed on the body of the lighter. the lighters have a green, red, blue, black or yellow body and a metal top. a label on the lighter reads ""child-resistant disposable lighter,"" ""keep out of reach of children,"" and ""made in china."" upc number 0 80692 05010 1 is printed on the back of the lighters. tobacco and thrift stores nationwide sold these lighters from june 1999 through may 2000 for about $1. consumers immediately should stop using these lighters and return them to the store where purchased for a refund. for more information, consumers should call halpern import co. at (800) 624-5280 between 9 a.m. and 5 p.m. et monday through friday."
5.0,is a good product,b083r9wvz1,2021-06-15,cciyu 25971282 Front Left Driver Side Running Board Motor w/Bracket For for Chevy for Tahoe for Suburban for Avalanche For for GMC Yukon For for Cadillac Escalade 11390010-101 15224286 19303235,adjustable,False,0.4404,0.4404,[],[],True,"april 17, 1995 release # 95-102 washington, dc - cpsc, the kmart corporation of troy, mich., is recalling 148,990 desk chairs. the chair's seat post may unexpectedly separate from the pedestal base, causing someone sitting in the chair to fall.consumers can identify the recalled chairs by kmart product code 21-86-61, item code 010218661114, printed on the outside of the retail carton. the chairs do not have an item number printed on them. the chair, which kmart sold nationwide from july 1993 to march 1995 for $29.99, was packaged unassembled in a cardboard box labeled in part ""basic designs adjustable office chair *** made in taiwan"". the gray upholstered rotary desk chair has a non-tilt seat and fixed back. the seat is attached to a five-prong metal pedestal base by a one-inch wide steel rod. there are two wheel casters on each prong of the pedestal base. the kmart corporation reported this hazard to cpsc after receiving seven reports of the seat unexpectedly detaching from the pedestal base.consumers who own these chairs should stop using them immediately and return the chairs to any k-mart store for a refund. replacement chairs will be available after may 15, 1995. consumers who need more information about this recall should contact any kmart store"
4.0,i loved the looks of these but am not sure of their safety-truly not n95 thickness or coverage.,b0bg56lkgj,2022-07-26,"50pcs Kids Disposable Face Masks, 3 Ply Kids Masks Disposable Colorful Cute Face masks for Children, Girls & Boys",disposable,False,0.0018,0.0018,[],[],True,"cigarette lighters recalled by halpern import news from cpsc u.s. consumer product safety commission office of information and public affairs washington, dc 20207 for immediate release september 28, 2000 release # 00-189 halpern recall hotline: (800) 624-5280 cpsc consumer hotline: (800) 638-2772 cpsc media contact: ken giles, (301) 504-7052 cpsc, halpern import co. announce recall of cigarette lighters washington, d.c. - in cooperation with the u.s. consumer product safety commission (cpsc), halpern import co. inc., of atlanta, ga., is recalling about 350,000 disposable cigarette lighters. these lighters can burn with a high flame and can fail to extinguish, presenting fire and burn hazards. cpsc and halpern import co. have received one report of a woman who received second degree burns on her chest when the lighter failed to extinguish and ignited her clothing. the disposable cigarette lighters being recalled are oval-tube- shaped. ""turbo 2000"" is printed on the body of the lighter. the lighters have a green, red, blue, black or yellow body and a metal top. a label on the lighter reads ""child-resistant disposable lighter,"" ""keep out of reach of children,"" and ""made in china."" upc number 0 80692 05010 1 is printed on the back of the lighters. tobacco and thrift stores nationwide sold these lighters from june 1999 through may 2000 for about $1. consumers immediately should stop using these lighters and return them to the store where purchased for a refund. for more information, consumers should call halpern import co. at (800) 624-5280 between 9 a.m. and 5 p.m. et monday through friday."
1.0,there's no way these things are for 8 gauge wire. i was going to use these with some knukonceptz 8 gauge wire and i can't get the wire to fit in these terminals.,b07whfpgdf,2022-11-13,5 Pairs Copper Gold Plated 8 Gauge Strip Spade Terminal Spade Fork Adapters Connectors Plugs Crimp Barrier Spades for Speaker Wire Cable Terminal Plug - 8GA (Red and Black),adjustable,False,0.0772,0.0772,[],[],True,"april 17, 1995 release # 95-102 washington, dc - cpsc, the kmart corporation of troy, mich., is recalling 148,990 desk chairs. the chair's seat post may unexpectedly separate from the pedestal base, causing someone sitting in the chair to fall.consumers can identify the recalled chairs by kmart product code 21-86-61, item code 010218661114, printed on the outside of the retail carton. the chairs do not have an item number printed on them. the chair, which kmart sold nationwide from july 1993 to march 1995 for $29.99, was packaged unassembled in a cardboard box labeled in part ""basic designs adjustable office chair *** made in taiwan"". the gray upholstered rotary desk chair has a non-tilt seat and fixed back. the seat is attached to a five-prong metal pedestal base by a one-inch wide steel rod. there are two wheel casters on each prong of the pedestal base. the kmart corporation reported this hazard to cpsc after receiving seven reports of the seat unexpectedly detaching from the pedestal base.consumers who own these chairs should stop using them immediately and return the chairs to any k-mart store for a refund. replacement chairs will be available after may 15, 1995. consumers who need more information about this recall should contact any kmart store"
5.0,these are excellent quality and made of great materials. they do accept a very large wire and can be crimped and/or soldered. good thickness and not flimsy at all.,b07whfpgdf,2021-03-14,5 Pairs Copper Gold Plated 8 Gauge Strip Spade Terminal Spade Fork Adapters Connectors Plugs Crimp Barrier Spades for Speaker Wire Cable Terminal Plug - 8GA (Red and Black),adjustable,False,0.9231,0.9231,[],"['fragile', 'flimsy']",True,"april 17, 1995 release # 95-102 washington, dc - cpsc, the kmart corporation of troy, mich., is recalling 148,990 desk chairs. the chair's seat post may unexpectedly separate from the pedestal base, causing someone sitting in the chair to fall.consumers can identify the recalled chairs by kmart product code 21-86-61, item code 010218661114, printed on the outside of the retail carton. the chairs do not have an item number printed on them. the chair, which kmart sold nationwide from july 1993 to march 1995 for $29.99, was packaged unassembled in a cardboard box labeled in part ""basic designs adjustable office chair *** made in taiwan"". the gray upholstered rotary desk chair has a non-tilt seat and fixed back. the seat is attached to a five-prong metal pedestal base by a one-inch wide steel rod. there are two wheel casters on each prong of the pedestal base. the kmart corporation reported this hazard to cpsc after receiving seven reports of the seat unexpectedly detaching from the pedestal base.consumers who own these chairs should stop using them immediately and return the chairs to any k-mart store for a refund. replacement chairs will be available after may 15, 1995. consumers who need more information about this recall should contact any kmart store"
5.0,would recommend would buy again,b08d7htgly,2021-09-09,SCITOO Head Gasket Set Replacement for Chevrolet Cruze 4-Door Sedan 1.4L LT,adjustable,False,0.3612,0.3612,[],[],True,"april 17, 1995 release # 95-102 washington, dc - cpsc, the kmart corporation of troy, mich., is recalling 148,990 desk chairs. the chair's seat post may unexpectedly separate from the pedestal base, causing someone sitting in the chair to fall.consumers can identify the recalled chairs by kmart product code 21-86-61, item code 010218661114, printed on the outside of the retail carton. the chairs do not have an item number printed on them. the chair, which kmart sold nationwide from july 1993 to march 1995 for $29.99, was packaged unassembled in a cardboard box labeled in part ""basic designs adjustable office chair *** made in taiwan"". the gray upholstered rotary desk chair has a non-tilt seat and fixed back. the seat is attached to a five-prong metal pedestal base by a one-inch wide steel rod. there are two wheel casters on each prong of the pedestal base. the kmart corporation reported this hazard to cpsc after receiving seven reports of the seat unexpectedly detaching from the pedestal base.consumers who own these chairs should stop using them immediately and return the chairs to any k-mart store for a refund. replacement chairs will be available after may 15, 1995. consumers who need more information about this recall should contact any kmart store"
